slug,title,h1,description,category,service,keywords,datePublished
remont-pochemu-techyot-kran-i-chto-delat-do,Почему течёт кран и что делать до приезда мастера,Почему течёт кран и что делать до приезда мастера,Разбираем причины и что можно проверить самостоятельно. Почему течёт кран и что делать до приезда мастера — простыми словами. Вызов мастера (сантехник)…,remont,Сантехник,почему;течёт;кран;делать;приезда;сантехник,2026-06-22
instrukcia-kak-prochistit-zasor-v-rakovine-samostoyatelno,Как прочистить засор в раковине самостоятельно | ПроМастер,Как прочистить засор в раковине самостоятельно,Пошаговая инструкция и частые ошибки. Как прочистить засор в раковине самостоятельно — делаем правильно. Если сложно — вызовите мастера (сантехник)…,instrukcia,Сантехник,прочистить;засор;раковине;самостоятельно;сантехник,2026-06-17
sovety-kogda-nuzhno-menyat-truby-v-kvartire-priznaki,Когда нужно менять трубы в квартире: признаки износа,Когда нужно менять трубы в квартире: признаки износа,Советы мастеров: когда нужно менять трубы в квартире. Что важно знать и чего избегать. Поможет сантехник ПроМастер — выезд 24/7.,sovety,Сантехник,когда;нужно;менять;трубы;квартире;сантехник,2026-06-11
remont-pochemu-net-goryachey-vody-i-kak-eto,Почему нет горячей воды и как это исправить | ПроМастер,Почему нет горячей воды и как это исправить,Разбираем причины и что можно проверить самостоятельно. Почему нет горячей воды и как это исправить — простыми словами. Вызов мастера (сантехник) в…,remont,Сантехник,почему;нет;горячей;воды;исправить;сантехник,2026-06-05
vybor-kak-vybrat-smesitel-dlya-kukhni-i-vannoy,Как выбрать смеситель для кухни и ванной | ПроМастер,Как выбрать смеситель для кухни и ванной,Помогаем разобраться и сделать правильный выбор. Как выбрать смеситель для кухни и ванной — критерии и сравнение. Консультация мастера (сантехник)…,vybor,Сантехник,выбрать;смеситель;кухни;ванной;сантехник,2026-05-31
instrukcia-zamena-unitaza-svoimi-rukami-kogda-luchshe-vyzvat,Замена унитаза своими руками: когда лучше вызвать мастера,Замена унитаза своими руками: когда лучше вызвать мастера,Пошаговая инструкция и частые ошибки. Замена унитаза своими руками — делаем правильно. Если сложно — вызовите мастера (сантехник) ПроМастер.,instrukcia,Сантехник,замена;унитаза;своими;руками;когда;сантехник,2026-05-25
ceny-skolko-stoit-vyzov-santekhnika-v-2025-godu,Сколько стоит вызов сантехника в 2025 году | ПроМастер,Сколько стоит вызов сантехника в 2025 году,Из чего складывается стоимость и как сэкономить. Сколько стоит вызов сантехника в 2025 году — ориентировочные цены 2025. Вызов мастера (сантехник) без…,ceny,Сантехник,сколько;стоит;вызов;сантехника;2025;сантехник,2026-05-19
instrukcia-kak-podklyuchit-stiralnuyu-mashinu-k-vodoprovodu,Как подключить стиральную машину к водопроводу | ПроМастер,Как подключить стиральную машину к водопроводу,Пошаговая инструкция и частые ошибки. Как подключить стиральную машину к водопроводу — делаем правильно. Если сложно — вызовите мастера (сантехник)…,instrukcia,Сантехник,подключить;стиральную;машину;водопроводу;сантехник,2026-05-13
instrukcia-chto-delat-pri-proryve-truby-poshagovaya-instruktsiya,Что делать при прорыве трубы: пошаговая инструкция,Что делать при прорыве трубы: пошаговая инструкция,Пошаговая инструкция и частые ошибки. Что делать при прорыве трубы — делаем правильно. Если сложно — вызовите мастера (сантехник) ПроМастер.,instrukcia,Сантехник,делать;прорыве;трубы;пошаговая;инструкция;сантехник,2026-05-08
instrukcia-kak-ustanovit-filtr-dlya-vody-na-kukhne,Как установить фильтр для воды на кухне | ПроМастер,Как установить фильтр для воды на кухне,Пошаговая инструкция и частые ошибки. Как установить фильтр для воды на кухне — делаем правильно. Если сложно — вызовите мастера (сантехник) ПроМастер.,instrukcia,Сантехник,установить;фильтр;воды;кухне;сантехник,2026-05-02
ceny-schyotchiki-vody-kak-ustanovit-i-skolko-stoit,Счётчики воды: как установить и сколько стоит | ПроМастер,Счётчики воды: как установить и сколько стоит,Из чего складывается стоимость и как сэкономить. Счётчики воды — ориентировочные цены 2025. Вызов мастера (сантехник) без переплат.,ceny,Сантехник,счётчики;воды;установить;сколько;стоит;сантехник,2026-04-26
remont-pochemu-plokhoy-napor-vody-v-krane-prichiny,Почему плохой напор воды в кране: причины и решения,Почему плохой напор воды в кране: причины и решения,Разбираем причины и что можно проверить самостоятельно. Почему плохой напор воды в кране — простыми словами. Вызов мастера (сантехник) в день обращения.,remont,Сантехник,почему;плохой;напор;воды;кране;сантехник,2026-04-21
instrukcia-kak-ustranit-tech-pod-rakovinoy,Как устранить течь под раковиной | ПроМастер,Как устранить течь под раковиной,Пошаговая инструкция и частые ошибки. Как устранить течь под раковиной — делаем правильно. Если сложно — вызовите мастера (сантехник) ПроМастер.,instrukcia,Сантехник,устранить;течь;под;раковиной;сантехник,2026-04-15
sovety-pravila-zameny-sifona-v-vannoy,Правила замены сифона в ванной | ПроМастер,Правила замены сифона в ванной,Советы мастеров: правила замены сифона в ванной. Что важно знать и чего избегать. Поможет сантехник ПроМастер — выезд 24/7.,sovety,Сантехник,правила;замены;сифона;ванной;сантехник,2026-04-09
vybor-kak-vybrat-vodonagrevatel-dlya-kvartiry,Как выбрать водонагреватель для квартиры | ПроМастер,Как выбрать водонагреватель для квартиры,Помогаем разобраться и сделать правильный выбор. Как выбрать водонагреватель для квартиры — критерии и сравнение. Консультация мастера (сантехник)…,vybor,Сантехник,выбрать;водонагреватель;квартиры;сантехник,2026-04-04
remont-pochemu-vybivaet-avtomat-prichiny-i-resheniya,Почему выбивает автомат: причины и решения | ПроМастер,Почему выбивает автомат: причины и решения,Разбираем причины и что можно проверить самостоятельно. Почему выбивает автомат — простыми словами. Вызов мастера (электрик) в день обращения.,remont,Электрик,почему;выбивает;автомат;электрик,2026-03-29
remont-kak-opredelit-korotkoe-zamykanie-v-kvartire,Как определить короткое замыкание в квартире | ПроМастер,Как определить короткое замыкание в квартире,Разбираем причины и что можно проверить самостоятельно. Как определить короткое замыкание в квартире — простыми словами. Вызов мастера (электрик) в…,remont,Электрик,определить;короткое;замыкание;квартире;электрик,2026-03-23
remont-net-sveta-v-odnoy-komnate-chto-proverit,Нет света в одной комнате: что проверить самому | ПроМастер,Нет света в одной комнате: что проверить самому,Разбираем причины и что можно проверить самостоятельно. Нет света в одной комнате — простыми словами. Вызов мастера (электрик) в день обращения.,remont,Электрик,нет;света;одной;комнате;проверить;электрик,2026-03-18
ceny-skolko-stoit-zamena-provodki-v-kvartire-2025,Сколько стоит замена проводки в квартире 2025 | ПроМастер,Сколько стоит замена проводки в квартире 2025,Из чего складывается стоимость и как сэкономить. Сколько стоит замена проводки в квартире 2025 — ориентировочные цены 2025. Вызов мастера (электрик)…,ceny,Электрик,сколько;стоит;замена;проводки;квартире;электрик,2026-03-12
sovety-kak-pravilno-vybrat-avtomaticheskiy-vyklyuchatel,Как правильно выбрать автоматический выключатель | ПроМастер,Как правильно выбрать автоматический выключатель,Советы мастеров: как правильно выбрать автоматический выключатель. Что важно знать и чего избегать. Поможет электрик ПроМастер — выезд 24/7.,sovety,Электрик,правильно;выбрать;автоматический;выключатель;электрик,2026-03-06
instrukcia-ustanovka-lyustry-chto-nuzhno-znat-do-vyzova,Установка люстры: что нужно знать до вызова мастера,Установка люстры: что нужно знать до вызова мастера,Пошаговая инструкция и частые ошибки. Установка люстры — делаем правильно. Если сложно — вызовите мастера (электрик) ПроМастер.,instrukcia,Электрик,установка;люстры;нужно;знать;вызова;электрик,2026-03-03
remont-rozetka-iskrit-i-greetsya-opasno-li-eto,Розетка искрит и греется: опасно ли это | ПроМастер,Розетка искрит и греется: опасно ли это,Разбираем причины и что можно проверить самостоятельно. Розетка искрит и греется — простыми словами. Вызов мастера (электрик) в день обращения.,remont,Электрик,розетка;искрит;греется;опасно;электрик,2026-02-26
instrukcia-kak-podklyuchit-dvukhklavishnyy-vyklyuchatel,Как подключить двухклавишный выключатель | ПроМастер,Как подключить двухклавишный выключатель,Пошаговая инструкция и частые ошибки. Как подключить двухклавишный выключатель — делаем правильно. Если сложно — вызовите мастера (электрик) ПроМастер.,instrukcia,Электрик,подключить;двухклавишный;выключатель;электрик,2026-02-20
sovety-nuzhno-li-razreshenie-na-zamenu-elektroschyotchika,Нужно ли разрешение на замену электросчётчика | ПроМастер,Нужно ли разрешение на замену электросчётчика,Советы мастеров: нужно ли разрешение на замену электросчётчика. Что важно знать и чего избегать. Поможет электрик ПроМастер — выезд 24/7.,sovety,Электрик,нужно;разрешение;замену;электросчётчика;электрик,2026-02-14
instrukcia-kak-sdelat-zazemlenie-v-kvartire,Как сделать заземление в квартире | ПроМастер,Как сделать заземление в квартире,Пошаговая инструкция и частые ошибки. Как сделать заземление в квартире — делаем правильно. Если сложно — вызовите мастера (электрик) ПроМастер.,instrukcia,Электрик,сделать;заземление;квартире;электрик,2026-02-09
sovety-perenos-rozetok-chto-mozhno-i-nelzya-delat,Перенос розеток: что можно и нельзя делать самому,Перенос розеток: что можно и нельзя делать самому,Советы мастеров: перенос розеток. Что важно знать и чего избегать. Поможет электрик ПроМастер — выезд 24/7.,sovety,Электрик,перенос;розеток;можно;нельзя;делать;электрик,2026-02-03
vybor-uzo-i-difavtomat-v-chyom-raznitsa-i,УЗО и дифавтомат: в чём разница и что выбрать | ПроМастер,УЗО и дифавтомат: в чём разница и что выбрать,Помогаем разобраться и сделать правильный выбор. УЗО и дифавтомат — критерии и сравнение. Консультация мастера (электрик) бесплатно.,vybor,Электрик,узо;дифавтомат;чём;разница;выбрать;электрик,2026-01-28
remont-pochemu-migaet-svet-v-kvartire,Почему мигает свет в квартире | ПроМастер,Почему мигает свет в квартире,Разбираем причины и что можно проверить самостоятельно. Почему мигает свет в квартире — простыми словами. Вызов мастера (электрик) в день обращения.,remont,Электрик,почему;мигает;свет;квартире;электрик,2026-01-23
sovety-kak-proverit-provodku-pered-pokupkoy-kvartiry,Как проверить проводку перед покупкой квартиры | ПроМастер,Как проверить проводку перед покупкой квартиры,Советы мастеров: как проверить проводку перед покупкой квартиры. Что важно знать и чего избегать. Поможет электрик ПроМастер — выезд 24/7.,sovety,Электрик,проверить;проводку;перед;покупкой;квартиры;электрик,2026-01-17
vybor-skrytaya-i-otkrytaya-provodka-plyusy-i-minusy,Скрытая и открытая проводка: плюсы и минусы | ПроМастер,Скрытая и открытая проводка: плюсы и минусы,Помогаем разобраться и сделать правильный выбор. Скрытая и открытая проводка — критерии и сравнение. Консультация мастера (электрик) бесплатно.,vybor,Электрик,скрытая;открытая;проводка;плюсы;минусы;электрик,2026-01-11
remont-stiralnaya-mashina-ne-vklyuchaetsya-prichiny-i-chto,Стиральная машина не включается: причины и что делать,Стиральная машина не включается: причины и что делать,Разбираем причины и что можно проверить самостоятельно. Стиральная машина не включается — простыми словами. Вызов мастера (мастер по ремонту стиральных…,remont,Ремонт стиральных машин,стиральная;машина;включается;делать;ремонт стиральных машин,2026-01-06
remont-pochemu-stiralnaya-mashina-ne-slivaet-vodu,Почему стиральная машина не сливает воду | ПроМастер,Почему стиральная машина не сливает воду,Разбираем причины и что можно проверить самостоятельно. Почему стиральная машина не сливает воду — простыми словами. Вызов мастера (мастер по ремонту…,remont,Ремонт стиральных машин,почему;стиральная;машина;сливает;воду;ремонт стиральных машин,2025-12-31
remont-stiralnaya-mashina-gremit-pri-otzhime-normalno-li,Стиральная машина гремит при отжиме: нормально ли это,Стиральная машина гремит при отжиме: нормально ли это,Разбираем причины и что можно проверить самостоятельно. Стиральная машина гремит при отжиме — простыми словами. Вызов мастера (мастер по ремонту…,remont,Ремонт стиральных машин,стиральная;машина;гремит;отжиме;нормально;ремонт стиральных машин,2025-12-25
remont-oshibki-stiralnykh-mashin-lg-i-ikh-rasshifrovka,Ошибки стиральных машин LG и их расшифровка | ПроМастер,Ошибки стиральных машин LG и их расшифровка,Разбираем причины и что можно проверить самостоятельно. Ошибки стиральных машин LG и их расшифровка — простыми словами. Вызов мастера (мастер по…,remont,Ремонт стиральных машин,ошибки;стиральных;машин;расшифровка;ремонт стиральных машин,2025-12-20
remont-oshibki-stiralnykh-mashin-samsung-kody-i-resheniya,Ошибки стиральных машин Samsung: коды и решения | ПроМастер,Ошибки стиральных машин Samsung: коды и решения,Разбираем причины и что можно проверить самостоятельно. Ошибки стиральных машин Samsung — простыми словами. Вызов мастера (мастер по ремонту стиральных…,remont,Ремонт стиральных машин,ошибки;стиральных;машин;samsung;коды;ремонт стиральных машин,2025-12-14
remont-oshibki-bosch-polnyy-spisok-kodov-oshibok,Ошибки Bosch: полный список кодов ошибок | ПроМастер,Ошибки Bosch: полный список кодов ошибок,Разбираем причины и что можно проверить самостоятельно. Ошибки Bosch — простыми словами. Вызов мастера (мастер по ремонту стиральных машин) в день…,remont,Ремонт стиральных машин,ошибки;bosch;полный;список;кодов;ремонт стиральных машин,2025-12-08
sovety-kak-pochistit-filtr-stiralnoy-mashiny-samostoyatelno,Как почистить фильтр стиральной машины самостоятельно,Как почистить фильтр стиральной машины самостоятельно,Советы мастеров: как почистить фильтр стиральной машины самостоятельно. Что важно знать и чего избегать. Поможет мастер по ремонту стиральных машин…,sovety,Ремонт стиральных машин,почистить;фильтр;стиральной;машины;самостоятельно;ремонт стиральных машин,2025-12-03
remont-pochemu-stiralnaya-mashina-ne-otzhimaet-belyo,Почему стиральная машина не отжимает бельё | ПроМастер,Почему стиральная машина не отжимает бельё,Разбираем причины и что можно проверить самостоятельно. Почему стиральная машина не отжимает бельё — простыми словами. Вызов мастера (мастер по ремонту…,remont,Ремонт стиральных машин,почему;стиральная;машина;отжимает;бельё;ремонт стиральных машин,2025-11-27
vybor-zamena-podshipnikov-stiralnoy-mashiny-stoit-li-chinit,Замена подшипников стиральной машины: стоит ли чинить,Замена подшипников стиральной машины: стоит ли чинить,Помогаем разобраться и сделать правильный выбор. Замена подшипников стиральной машины — критерии и сравнение. Консультация мастера (мастер по ремонту…,vybor,Ремонт стиральных машин,замена;подшипников;стиральной;машины;стоит;ремонт стиральных машин,2025-11-21
ceny-skolko-stoit-remont-stiralnoy-mashiny-2025,Сколько стоит ремонт стиральной машины 2025 | ПроМастер,Сколько стоит ремонт стиральной машины 2025,Из чего складывается стоимость и как сэкономить. Сколько стоит ремонт стиральной машины 2025 — ориентировочные цены 2025. Вызов мастера (мастер по…,ceny,Ремонт стиральных машин,сколько;стоит;ремонт;стиральной;машины;ремонт стиральных машин,2025-11-16
remont-pochemu-techyot-stiralnaya-mashina-snizu,Почему течёт стиральная машина снизу | ПроМастер,Почему течёт стиральная машина снизу,Разбираем причины и что можно проверить самостоятельно. Почему течёт стиральная машина снизу — простыми словами. Вызов мастера (мастер по ремонту…,remont,Ремонт стиральных машин,почему;течёт;стиральная;машина;снизу;ремонт стиральных машин,2025-11-10
sovety-kak-prodlit-srok-sluzhby-stiralnoy-mashiny,Как продлить срок службы стиральной машины | ПроМастер,Как продлить срок службы стиральной машины,Советы мастеров: как продлить срок службы стиральной машины. Что важно знать и чего избегать. Поможет мастер по ремонту стиральных машин ПроМастер —…,sovety,Ремонт стиральных машин,продлить;срок;службы;стиральной;машины;ремонт стиральных машин,2025-11-04
vybor-indesit-ili-bosch-kakuyu-stiralnuyu-mashinu-luchshe,Indesit или Bosch: какую стиральную машину лучше выбрать,Indesit или Bosch: какую стиральную машину лучше выбрать,Помогаем разобраться и сделать правильный выбор. Indesit или Bosch — критерии и сравнение. Консультация мастера (мастер по ремонту стиральных машин)…,vybor,Ремонт стиральных машин,indesit;bosch;какую;стиральную;машину;ремонт стиральных машин,2025-10-30
remont-pochemu-stiralnaya-mashina-ne-nabiraet-vodu,Почему стиральная машина не набирает воду | ПроМастер,Почему стиральная машина не набирает воду,Разбираем причины и что можно проверить самостоятельно. Почему стиральная машина не набирает воду — простыми словами. Вызов мастера (мастер по ремонту…,remont,Ремонт стиральных машин,почему;стиральная;машина;набирает;воду;ремонт стиральных машин,2025-10-24
remont-baraban-stiralnoy-mashiny-ne-krutitsya-prichiny,Барабан стиральной машины не крутится: причины | ПроМастер,Барабан стиральной машины не крутится: причины,Разбираем причины и что можно проверить самостоятельно. Барабан стиральной машины не крутится — простыми словами. Вызов мастера (мастер по ремонту…,remont,Ремонт стиральных машин,барабан;стиральной;машины;крутится;ремонт стиральных машин,2025-10-18
remont-kholodilnik-ne-morozit-prichiny-i-chto-delat,Холодильник не морозит: причины и что делать | ПроМастер,Холодильник не морозит: причины и что делать,Разбираем причины и что можно проверить самостоятельно. Холодильник не морозит — простыми словами. Вызов мастера (мастер по ремонту холодильников) в…,remont,Ремонт холодильников,холодильник;морозит;делать;ремонт холодильников,2025-10-15
vybor-pochemu-kholodilnik-techyot-vnutri-ili-snizu,Почему холодильник течёт внутри или снизу | ПроМастер,Почему холодильник течёт внутри или снизу,Помогаем разобраться и сделать правильный выбор. Почему холодильник течёт внутри или снизу — критерии и сравнение. Консультация мастера (мастер по…,vybor,Ремонт холодильников,почему;холодильник;течёт;внутри;снизу;ремонт холодильников,2025-10-10
remont-kholodilnik-silno-shumit-i-vibriruet-prichiny,Холодильник сильно шумит и вибрирует: причины | ПроМастер,Холодильник сильно шумит и вибрирует: причины,Разбираем причины и что можно проверить самостоятельно. Холодильник сильно шумит и вибрирует — простыми словами. Вызов мастера (мастер по ремонту…,remont,Ремонт холодильников,холодильник;сильно;шумит;вибрирует;ремонт холодильников,2025-10-04
sovety-iney-v-morozilke-normalno-li-i-kak,Иней в морозилке: нормально ли и как убрать | ПроМастер,Иней в морозилке: нормально ли и как убрать,Советы мастеров: иней в морозилке. Что важно знать и чего избегать. Поможет мастер по ремонту холодильников ПроМастер — выезд 24/7.,sovety,Ремонт холодильников,иней;морозилке;нормально;убрать;ремонт холодильников,2025-09-28
remont-oshibki-kholodilnikov-samsung-rasshifrovka-kodov,Ошибки холодильников Samsung: расшифровка кодов | ПроМастер,Ошибки холодильников Samsung: расшифровка кодов,Разбираем причины и что можно проверить самостоятельно. Ошибки холодильников Samsung — простыми словами. Вызов мастера (мастер по ремонту…,remont,Ремонт холодильников,ошибки;холодильников;samsung;расшифровка;кодов;ремонт холодильников,2025-09-23
remont-oshibki-lg-kholodilnik-no-frost-chto-oznachayut,Ошибки LG холодильник No Frost: что означают | ПроМастер,Ошибки LG холодильник No Frost: что означают,Разбираем причины и что можно проверить самостоятельно. Ошибки LG холодильник No Frost — простыми словами. Вызов мастера (мастер по ремонту…,remont,Ремонт холодильников,ошибки;холодильник;frost;означают;ремонт холодильников,2025-09-17
ceny-skolko-stoit-remont-kholodilnika-2025,Сколько стоит ремонт холодильника 2025 | ПроМастер,Сколько стоит ремонт холодильника 2025,Из чего складывается стоимость и как сэкономить. Сколько стоит ремонт холодильника 2025 — ориентировочные цены 2025. Вызов мастера (мастер по ремонту…,ceny,Ремонт холодильников,сколько;стоит;ремонт;холодильника;2025;ремонт холодильников,2025-09-11
remont-kholodilnik-ne-vyklyuchaetsya-i-rabotaet-postoyanno,Холодильник не выключается и работает постоянно | ПроМастер,Холодильник не выключается и работает постоянно,Разбираем причины и что можно проверить самостоятельно. Холодильник не выключается и работает постоянно — простыми словами. Вызов мастера (мастер по…,remont,Ремонт холодильников,холодильник;выключается;работает;постоянно;ремонт холодильников,2025-09-06
remont-pochemu-kholodilnik-plokho-morozit-v-zharu,Почему холодильник плохо морозит в жару | ПроМастер,Почему холодильник плохо морозит в жару,Разбираем причины и что можно проверить самостоятельно. Почему холодильник плохо морозит в жару — простыми словами. Вызов мастера (мастер по ремонту…,remont,Ремонт холодильников,почему;холодильник;плохо;морозит;жару;ремонт холодильников,2025-08-31
instrukcia-zamena-uplotnitelya-kholodilnika-svoimi-rukami,Замена уплотнителя холодильника своими руками | ПроМастер,Замена уплотнителя холодильника своими руками,Пошаговая инструкция и частые ошибки. Замена уплотнителя холодильника своими руками — делаем правильно. Если сложно — вызовите мастера (мастер по…,instrukcia,Ремонт холодильников,замена;уплотнителя;холодильника;своими;руками;ремонт холодильников,2025-08-25
remont-kompressor-kholodilnika-ne-rabotaet-priznaki,Компрессор холодильника не работает: признаки | ПроМастер,Компрессор холодильника не работает: признаки,Разбираем причины и что можно проверить самостоятельно. Компрессор холодильника не работает — простыми словами. Вызов мастера (мастер по ремонту…,remont,Ремонт холодильников,компрессор;холодильника;работает;признаки;ремонт холодильников,2025-08-20
sovety-zapravka-freonom-kholodilnika-nuzhna-li,Заправка фреоном холодильника: нужна ли | ПроМастер,Заправка фреоном холодильника: нужна ли,Советы мастеров: заправка фреоном холодильника. Что важно знать и чего избегать. Поможет мастер по ремонту холодильников ПроМастер — выезд 24/7.,sovety,Ремонт холодильников,заправка;фреоном;холодильника;нужна;ремонт холодильников,2025-08-14
vybor-no-frost-ili-kapelnyy-kholodilnik-chto-luchshe,No Frost или капельный холодильник: что лучше выбрать,No Frost или капельный холодильник: что лучше выбрать,Помогаем разобраться и сделать правильный выбор. No Frost или капельный холодильник — критерии и сравнение. Консультация мастера (мастер по ремонту…,vybor,Ремонт холодильников,frost;капельный;холодильник;лучше;выбрать;ремонт холодильников,2025-08-08
sovety-kak-pravilno-ukhazhivat-za-kholodilnikom,Как правильно ухаживать за холодильником | ПроМастер,Как правильно ухаживать за холодильником,Советы мастеров: как правильно ухаживать за холодильником. Что важно знать и чего избегать. Поможет мастер по ремонту холодильников ПроМастер — выезд 24/7.,sovety,Ремонт холодильников,правильно;ухаживать;холодильником;ремонт холодильников,2025-08-02
remont-kompyuter-ne-vklyuchaetsya-chto-proverit-samomu,Компьютер не включается: что проверить самому | ПроМастер,Компьютер не включается: что проверить самому,Разбираем причины и что можно проверить самостоятельно. Компьютер не включается — простыми словами. Вызов мастера (мастер по компьютерной помощи) в…,remont,Компьютерная помощь,компьютер;включается;проверить;самому;компьютерная помощь,2025-07-28
sovety-siniy-ekran-smerti-windows-prichiny-i-reshenie,Синий экран смерти Windows: причины и решение | ПроМастер,Синий экран смерти Windows: причины и решение,Советы мастеров: синий экран смерти windows. Что важно знать и чего избегать. Поможет мастер по компьютерной помощи ПроМастер — выезд 24/7.,sovety,Компьютерная помощь,синий;экран;смерти;windows;решение;компьютерная помощь,2025-07-22
sovety-kompyuter-medlenno-rabotaet-kak-uskorit-bez-mastera,Компьютер медленно работает: как ускорить без мастера,Компьютер медленно работает: как ускорить без мастера,Советы мастеров: компьютер медленно работает. Что важно знать и чего избегать. Поможет мастер по компьютерной помощи ПроМастер — выезд 24/7.,sovety,Компьютерная помощь,компьютер;медленно;работает;ускорить;без;компьютерная помощь,2025-07-16
instrukcia-kak-udalit-virusy-s-kompyutera,Как удалить вирусы с компьютера | ПроМастер,Как удалить вирусы с компьютера,Пошаговая инструкция и частые ошибки. Как удалить вирусы с компьютера — делаем правильно. Если сложно — вызовите мастера (мастер по компьютерной…,instrukcia,Компьютерная помощь,удалить;вирусы;компьютера;компьютерная помощь,2025-07-11
vybor-windows-10-ili-windows-11-stoit-li,Windows 10 или Windows 11: стоит ли обновляться | ПроМастер,Windows 10 или Windows 11: стоит ли обновляться,Помогаем разобраться и сделать правильный выбор. Windows 10 или Windows 11 — критерии и сравнение. Консультация мастера (мастер по компьютерной помощи)…,vybor,Компьютерная помощь,windows;стоит;обновляться;компьютерная помощь,2025-07-05
instrukcia-kak-vosstanovit-udalyonnye-fayly,Как восстановить удалённые файлы | ПроМастер,Как восстановить удалённые файлы,Пошаговая инструкция и частые ошибки. Как восстановить удалённые файлы — делаем правильно. Если сложно — вызовите мастера (мастер по компьютерной…,instrukcia,Компьютерная помощь,восстановить;удалённые;файлы;компьютерная помощь,2025-06-29
vybor-ssd-ili-hdd-chto-luchshe-i-stoit,SSD или HDD: что лучше и стоит ли менять | ПроМастер,SSD или HDD: что лучше и стоит ли менять,Помогаем разобраться и сделать правильный выбор. SSD или HDD — критерии и сравнение. Консультация мастера (мастер по компьютерной помощи) бесплатно.,vybor,Компьютерная помощь,ssd;hdd;лучше;стоит;менять;компьютерная помощь,2025-06-24
ceny-skolko-stoit-chistka-noutbuka-ot-pyli-2025,Сколько стоит чистка ноутбука от пыли 2025 | ПроМастер,Сколько стоит чистка ноутбука от пыли 2025,Из чего складывается стоимость и как сэкономить. Сколько стоит чистка ноутбука от пыли 2025 — ориентировочные цены 2025. Вызов мастера (мастер по…,ceny,Компьютерная помощь,сколько;стоит;чистка;ноутбука;пыли;компьютерная помощь,2025-06-18
remont-noutbuk-peregrevaetsya-prichiny-i-resheniya,Ноутбук перегревается: причины и решения | ПроМастер,Ноутбук перегревается: причины и решения,Разбираем причины и что можно проверить самостоятельно. Ноутбук перегревается — простыми словами. Вызов мастера (мастер по компьютерной помощи) в день…,remont,Компьютерная помощь,ноутбук;перегревается;компьютерная помощь,2025-06-12
vybor-kak-vybrat-operativnuyu-pamyat-dlya-apgreyda,Как выбрать оперативную память для апгрейда | ПроМастер,Как выбрать оперативную память для апгрейда,Помогаем разобраться и сделать правильный выбор. Как выбрать оперативную память для апгрейда — критерии и сравнение. Консультация мастера (мастер по…,vybor,Компьютерная помощь,выбрать;оперативную;память;апгрейда;компьютерная помощь,2025-06-07
remont-kompyuter-ne-vidit-wi-fi-prichiny-i,Компьютер не видит Wi-Fi: причины и решение | ПроМастер,Компьютер не видит Wi-Fi: причины и решение,Разбираем причины и что можно проверить самостоятельно. Компьютер не видит Wi-Fi — простыми словами. Вызов мастера (мастер по компьютерной помощи) в…,remont,Компьютерная помощь,компьютер;видит;wi-fi;решение;компьютерная помощь,2025-06-01
instrukcia-kak-nastroit-router-samostoyatelno,Как настроить роутер самостоятельно | ПроМастер,Как настроить роутер самостоятельно,Пошаговая инструкция и частые ошибки. Как настроить роутер самостоятельно — делаем правильно. Если сложно — вызовите мастера (мастер по компьютерной…,instrukcia,Компьютерная помощь,настроить;роутер;самостоятельно;компьютерная помощь,2025-05-29
remont-ne-zagruzhaetsya-windows-chto-delat,Не загружается Windows: что делать | ПроМастер,Не загружается Windows: что делать,Разбираем причины и что можно проверить самостоятельно. Не загружается Windows — простыми словами. Вызов мастера (мастер по компьютерной помощи) в день…,remont,Компьютерная помощь,загружается;windows;делать;компьютерная помощь,2025-05-23
instrukcia-zamena-termopasty-kogda-neobkhodima,Замена термопасты: когда необходима | ПроМастер,Замена термопасты: когда необходима,Пошаговая инструкция и частые ошибки. Замена термопасты — делаем правильно. Если сложно — вызовите мастера (мастер по компьютерной помощи) ПроМастер.,instrukcia,Компьютерная помощь,замена;термопасты;когда;необходима;компьютерная помощь,2025-05-18
vybor-stoit-li-remontirovat-staryy-kompyuter,Стоит ли ремонтировать старый компьютер | ПроМастер,Стоит ли ремонтировать старый компьютер,Помогаем разобраться и сделать правильный выбор. Стоит ли ремонтировать старый компьютер — критерии и сравнение. Консультация мастера (мастер по…,vybor,Компьютерная помощь,стоит;ремонтировать;старый;компьютер;компьютерная помощь,2025-05-12
sovety-chto-vkhodit-v-uslugu-master-na-chas,Что входит в услугу мастер на час | ПроМастер,Что входит в услугу мастер на час,Советы мастеров: что входит в услугу мастер на час. Что важно знать и чего избегать. Поможет мастер на час ПроМастер — выезд 24/7.,sovety,Мастер на час,входит;услугу;мастер;час;мастер на час,2025-05-06
ceny-skolko-stoit-master-na-chas-v-2025,Сколько стоит мастер на час в 2025 году | ПроМастер,Сколько стоит мастер на час в 2025 году,Из чего складывается стоимость и как сэкономить. Сколько стоит мастер на час в 2025 году — ориентировочные цены 2025. Вызов мастера (мастер на час) без…,ceny,Мастер на час,сколько;стоит;мастер;час;2025;мастер на час,2025-05-01
instrukcia-kak-sobrat-mebel-ikea-sovety-i-chastye,Как собрать мебель IKEA: советы и частые ошибки | ПроМастер,Как собрать мебель IKEA: советы и частые ошибки,Пошаговая инструкция и частые ошибки. Как собрать мебель IKEA — делаем правильно. Если сложно — вызовите мастера (мастер на час) ПроМастер.,instrukcia,Мастер на час,собрать;мебель;ikea;советы;частые;мастер на час,2025-04-25
sovety-kak-pravilno-povesit-polku-na-stenu,Как правильно повесить полку на стену | ПроМастер,Как правильно повесить полку на стену,Советы мастеров: как правильно повесить полку на стену. Что важно знать и чего избегать. Поможет мастер на час ПроМастер — выезд 24/7.,sovety,Мастер на час,правильно;повесить;полку;стену;мастер на час,2025-04-19
vybor-kak-vybrat-drel-dlya-domashnego-ispolzovaniya,Как выбрать дрель для домашнего использования | ПроМастер,Как выбрать дрель для домашнего использования,Помогаем разобраться и сделать правильный выбор. Как выбрать дрель для домашнего использования — критерии и сравнение. Консультация мастера (мастер на…,vybor,Мастер на час,выбрать;дрель;домашнего;использования;мастер на час,2025-04-14
instrukcia-ustanovka-mezhkomnatnykh-dverey-etapy-raboty,Установка межкомнатных дверей: этапы работы | ПроМастер,Установка межкомнатных дверей: этапы работы,Пошаговая инструкция и частые ошибки. Установка межкомнатных дверей — делаем правильно. Если сложно — вызовите мастера (мастер на час) ПроМастер.,instrukcia,Мастер на час,установка;межкомнатных;дверей;этапы;работы;мастер на час,2025-04-08
instrukcia-kak-pokleit-oboi-bez-mastera-poshagovo,Как поклеить обои без мастера: пошагово | ПроМастер,Как поклеить обои без мастера: пошагово,Пошаговая инструкция и частые ошибки. Как поклеить обои без мастера — делаем правильно. Если сложно — вызовите мастера (мастер на час) ПроМастер.,instrukcia,Мастер на час,поклеить;обои;без;мастера;пошагово;мастер на час,2025-04-02
instrukcia-zamena-zamka-v-dveri-kogda-nuzhen-master,Замена замка в двери: когда нужен мастер | ПроМастер,Замена замка в двери: когда нужен мастер,Пошаговая инструкция и частые ошибки. Замена замка в двери — делаем правильно. Если сложно — вызовите мастера (мастер на час) ПроМастер.,instrukcia,Мастер на час,замена;замка;двери;когда;нужен;мастер на час,2025-03-28
instrukcia-montazh-karniza-dlya-shtor-svoimi-rukami,Монтаж карниза для штор своими руками | ПроМастер,Монтаж карниза для штор своими руками,Пошаговая инструкция и частые ошибки. Монтаж карниза для штор своими руками — делаем правильно. Если сложно — вызовите мастера (мастер на час) ПроМастер.,instrukcia,Мастер на час,монтаж;карниза;штор;своими;руками;мастер на час,2025-03-22
instrukcia-kak-zakrepit-karniz-na-gipsokarton,Как закрепить карниз на гипсокартон | ПроМастер,Как закрепить карниз на гипсокартон,Пошаговая инструкция и частые ошибки. Как закрепить карниз на гипсокартон — делаем правильно. Если сложно — вызовите мастера (мастер на час) ПроМастер.,instrukcia,Мастер на час,закрепить;карниз;гипсокартон;мастер на час,2025-03-16
sovety-posudomoechnaya-mashina-ne-moet-prichiny,Посудомоечная машина не моет: причины | ПроМастер,Посудомоечная машина не моет: причины,Советы мастеров: посудомоечная машина не моет. Что важно знать и чего избегать. Поможет мастер по ремонту посудомоечных машин ПроМастер — выезд 24/7.,sovety,Ремонт посудомоечных машин,посудомоечная;машина;моет;ремонт посудомоечных машин,2025-03-11
remont-pochemu-posudomoechnaya-mashina-ne-slivaet,Почему посудомоечная машина не сливает | ПроМастер,Почему посудомоечная машина не сливает,Разбираем причины и что можно проверить самостоятельно. Почему посудомоечная машина не сливает — простыми словами. Вызов мастера (мастер по ремонту…,remont,Ремонт посудомоечных машин,почему;посудомоечная;машина;сливает;ремонт посудомоечных машин,2025-03-05
remont-posudomoechnaya-mashina-techyot-snizu-chto-delat,Посудомоечная машина течёт снизу: что делать | ПроМастер,Посудомоечная машина течёт снизу: что делать,Разбираем причины и что можно проверить самостоятельно. Посудомоечная машина течёт снизу — простыми словами. Вызов мастера (мастер по ремонту…,remont,Ремонт посудомоечных машин,посудомоечная;машина;течёт;снизу;делать;ремонт посудомоечных машин,2025-02-27
remont-oshibki-posudomoechnykh-mashin-bosch-rasshifrovka,Ошибки посудомоечных машин Bosch: расшифровка | ПроМастер,Ошибки посудомоечных машин Bosch: расшифровка,Разбираем причины и что можно проверить самостоятельно. Ошибки посудомоечных машин Bosch — простыми словами. Вызов мастера (мастер по ремонту…,remont,Ремонт посудомоечных машин,ошибки;посудомоечных;машин;bosch;расшифровка;ремонт посудомоечных машин,2025-02-22
ceny-skolko-stoit-remont-posudomoechnoy-mashiny,Сколько стоит ремонт посудомоечной машины | ПроМастер,Сколько стоит ремонт посудомоечной машины,Из чего складывается стоимость и как сэкономить. Сколько стоит ремонт посудомоечной машины — ориентировочные цены 2025. Вызов мастера (мастер по…,ceny,Ремонт посудомоечных машин,сколько;стоит;ремонт;посудомоечной;машины;ремонт посудомоечных машин,2025-02-16
remont-konditsioner-ne-okhlazhdaet-prichiny-i-resheniya,Кондиционер не охлаждает: причины и решения | ПроМастер,Кондиционер не охлаждает: причины и решения,Разбираем причины и что можно проверить самостоятельно. Кондиционер не охлаждает — простыми словами. Вызов мастера (мастер по ремонту кондиционеров) в…,remont,Ремонт кондиционеров,кондиционер;охлаждает;ремонт кондиционеров,2025-02-10
remont-pochemu-konditsioner-techyot-vnutri-kvartiry,Почему кондиционер течёт внутри квартиры | ПроМастер,Почему кондиционер течёт внутри квартиры,Разбираем причины и что можно проверить самостоятельно. Почему кондиционер течёт внутри квартиры — простыми словами. Вызов мастера (мастер по ремонту…,remont,Ремонт кондиционеров,почему;кондиционер;течёт;внутри;квартиры;ремонт кондиционеров,2025-02-05
remont-konditsioner-shumit-normalno-li-i-chto-delat,Кондиционер шумит: нормально ли и что делать | ПроМастер,Кондиционер шумит: нормально ли и что делать,Разбираем причины и что можно проверить самостоятельно. Кондиционер шумит — простыми словами. Вызов мастера (мастер по ремонту кондиционеров) в день…,remont,Ремонт кондиционеров,кондиционер;шумит;нормально;делать;ремонт кондиционеров,2025-01-30
sovety-nuzhna-li-chistka-konditsionera-kazhdyy-god,Нужна ли чистка кондиционера каждый год | ПроМастер,Нужна ли чистка кондиционера каждый год,Советы мастеров: нужна ли чистка кондиционера каждый год. Что важно знать и чего избегать. Поможет мастер по ремонту кондиционеров ПроМастер — выезд 24/7.,sovety,Ремонт кондиционеров,нужна;чистка;кондиционера;каждый;год;ремонт кондиционеров,2025-01-24
ceny-skolko-stoit-zapravka-konditsionera-freonom-2025,Сколько стоит заправка кондиционера фреоном 2025 | ПроМастер,Сколько стоит заправка кондиционера фреоном 2025,Из чего складывается стоимость и как сэкономить. Сколько стоит заправка кондиционера фреоном 2025 — ориентировочные цены 2025. Вызов мастера (мастер по…,ceny,Ремонт кондиционеров,сколько;стоит;заправка;кондиционера;фреоном;ремонт кондиционеров,2025-01-19
vybor-invertor-ili-obychnyy-konditsioner-chto-vybrat,Инвертор или обычный кондиционер: что выбрать | ПроМастер,Инвертор или обычный кондиционер: что выбрать,Помогаем разобраться и сделать правильный выбор. Инвертор или обычный кондиционер — критерии и сравнение. Консультация мастера (мастер по ремонту…,vybor,Ремонт кондиционеров,инвертор;обычный;кондиционер;выбрать;ремонт кондиционеров,2025-01-13
vybor-kak-vybrat-konditsioner-dlya-kvartiry,Как выбрать кондиционер для квартиры | ПроМастер,Как выбрать кондиционер для квартиры,Помогаем разобраться и сделать правильный выбор. Как выбрать кондиционер для квартиры — критерии и сравнение. Консультация мастера (мастер по ремонту…,vybor,Ремонт кондиционеров,выбрать;кондиционер;квартиры;ремонт кондиционеров,2025-01-07
chto-delat-esli-kofemashina-perestala-molot-zerna-prichiny-i-prostye-r,Кофемашина перестала молоть зерна: причины и решения | ПроМастер,"Что делать, если кофемашина перестала молоть зерна: причины и простые решения","Узнайте, почему кофемашина не мелет зерна: основные причины, что можно проверить самостоятельно, когда нужен мастер. Практические советы и цены на ремонт.",sovety,Ремонт кофемашин,"кофемашина не мелет зерна, причины, ремонт кофемашин, не работает кофемолка, кофемашина перестала молоть, что делать, ПроМастер",2026-07-10
pochemu-televizor-ne-vidit-fleshku-i-kak-eto-ispravit-bez-mastera,Почему телевизор не видит флешку и как это исправить без мастера | ПроМастер,Почему телевизор не видит флешку и как это исправить без мастера,"Разбираем основные причины, почему телевизор не распознает флешку. Пошаговая инструкция по проверке, настройке и ремонту без вызова специалиста. Когда нужен мастер — советы от сервиса ПроМастер.",instrukcia,Ремонт телевизоров,"телевизор не видит флешку, причины, как исправить, ремонт телевизоров, инструкция, USB не работает, ПроМастер",2026-07-10
pochemu-vodonagrevatel-bet-tokom-i-chto-delat-do-priezda-mastera,Почему водонагреватель бьет током и что делать до приезда мастера | ПроМастер,Почему водонагреватель бьет током и что делать до приезда мастера,"Узнайте основные причины удара током от водонагревателя: повреждение ТЭНа, нарушение заземления, износ проводки. Практические советы по безопасности и когда вызывать мастера из сервиса ПроМастер.",sovety,Ремонт водонагревателей,"водонагреватель бьет током, причины удара током, что делать если бойлер бьет током, ремонт водонагревателя, замена ТЭНа, заземление водонагревателя, ПроМастер",2026-07-10
kak-zamenit-termostat-v-holodilnike-svoimi-rukami-i-kogda-eto-opasno,Как заменить термостат в холодильнике своими руками и когда это опасно | ПроМастер,Как заменить термостат в холодильнике своими руками и когда это опасно,"Пошаговая инструкция по замене термостата холодильника: диагностика неисправности, инструменты, техника безопасности. Узнайте, когда ремонт можно сделать самому, а когда лучше вызвать мастера.",instrukcia,Ремонт холодильников,"замена термостата холодильника, ремонт холодильника своими руками, неисправности термостата, диагностика холодильника, ремонт холодильников, ПроМастер",2026-07-10
kak-vybrat-televizor-v-2025-godu-harakteristiki-kotorye-realno-vazhny,Как выбрать телевизор в 2025 году: ключевые характеристики | ПроМастер,"Как выбрать телевизор в 2025 году: характеристики, которые реально важны","Разбираем, на что обратить внимание при выборе телевизора в 2025: матрица, разрешение, частота, HDR, Smart TV. Практические советы, частые вопросы и когда нужен мастер. Помощь в ремонте — ПроМастер.",vybor,Ремонт телевизоров,"выбор телевизора 2025, характеристики телевизора, ремонт телевизоров, как выбрать телевизор, матрица телевизора, Smart TV, ПроМастер",2026-07-10
skolko-stoit-diagnostika-kondicionera-s-vyezdom-mastera-razbor-cen-202,Сколько стоит диагностика кондиционера с выездом мастера: цены 2025 | ПроМастер,Сколько стоит диагностика кондиционера с выездом мастера: разбор цен 2025,"Узнайте, сколько стоит диагностика кондиционера с выездом мастера в 2025 году. Разбираем цены, причины неисправностей, что можно проверить самому и когда вызывать специалиста.",ceny,Ремонт кондиционеров,"диагностика кондиционера цена, стоимость выезда мастера, ремонт кондиционеров, цены 2025, кондиционер не работает, вызвать мастера, ПроМастер",2026-07-10
kofemashina-ne-delaet-penku-kak-prochistit-kapuchinator-bez-mastera,Кофемашина не делает пенку: чистка капучинатора своими руками | ПроМастер,Кофемашина не делает пенку: как прочистить капучинатор без мастера,Почему кофемашина перестала взбивать молоко? Пошаговая инструкция по чистке капучинатора в домашних условиях. Когда нужен мастер и сколько стоит ремонт в сервисе ПроМастер.,instrukcia,Ремонт кофемашин,"не делает пенку кофемашина, прочистить капучинатор, чистка капучинатора, не взбивает молоко, ремонт кофемашин, капучинатор забился, ПроМастер",2026-07-10
kak-proverit-utechku-freona-iz-holodilnika-v-domashnih-usloviyah,Как проверить утечку фреона из холодильника в домашних условиях | ПроМастер,Как проверить утечку фреона из холодильника в домашних условиях,"Узнайте, как самостоятельно выявить утечку фреона из холодильника: признаки, простые методы проверки, когда вызывать мастера и примерные цены на ремонт. Полезная инструкция от сервиса ПроМастер.",instrukcia,Ремонт холодильников,"проверить утечку фреона, холодильник не морозит, утечка фреона признаки, ремонт холодильников, заправка фреоном, диагностика холодильника, ПроМастер",2026-07-10
pochemu-televizor-sam-vyklyuchaetsya-i-vklyuchaetsya-5-chastyh-prichin,Почему телевизор сам выключается и включается: 5 частых причин | ПроМастер,Почему телевизор сам выключается и включается: 5 частых причин,"Телевизор сам выключается и включается? Узнайте 5 основных причин: проблемы с питанием, перегрев, неисправность платы. Советы по диагностике и когда вызывать мастера. Ремонт телевизоров от ПроМастер.",sovety,Ремонт телевизоров,"телевизор сам выключается, телевизор сам включается, причины выключения телевизора, ремонт телевизоров, неисправность блока питания, перегрев телевизора, ПроМастер",2026-07-10
zamena-masla-v-kompressore-kondicionera-neobhodimost-i-stoimost,Замена масла в компрессоре кондиционера: когда и сколько стоит | ПроМастер,Замена масла в компрессоре кондиционера: необходимость и стоимость,"Узнайте, когда нужна замена масла в компрессоре кондиционера, как проверить уровень, что влияет на цену. Практические советы и ответы на частые вопросы.",ceny,Ремонт кондиционеров,"замена масла в компрессоре кондиционера, стоимость замены масла, когда менять масло, проверка масла кондиционера, ремонт кондиционеров, ПроМастер",2026-07-10
kak-vybrat-kofemashinu-dlya-doma-rozhkovaya-kapsulnaya-ili-avtomatiche,"Как выбрать кофемашину для дома: рожковая, капсульная или автоматическая | ПроМастер","Как выбрать кофемашину для дома: рожковая, капсульная или автоматическая","Сравнение рожковых, капсульных и автоматических кофемашин для дома. Плюсы, минусы, цены, советы по выбору и ремонту. Когда нужен мастер — читайте на ПроМастер.",vybor,Ремонт кофемашин,"выбор кофемашины, рожковая кофемашина, капсульная кофемашина, автоматическая кофемашина, ремонт кофемашин, как выбрать кофемашину для дома, ПроМастер",2026-07-10
chto-delat-esli-posudomoechnaya-mashina-ostavlyaet-belyy-nalet-na-posu,Белый налёт в посудомоечной машине: причины и решение | ПроМастер,"Что делать, если посудомоечная машина оставляет белый налёт на посуде","Почему после мойки на тарелках остаётся белый налёт? Разбираем причины, способы устранения своими руками и когда вызывать мастера. Советы от сервиса ПроМастер.",sovety,Ремонт посудомоечных машин,"белый налёт посудомоечная машина, причины белого налёта, как убрать налёт, ремонт посудомоечных машин, соль для посудомойки, жёсткая вода, ПроМастер",2026-07-10
kak-udalit-nakip-v-chaynike-i-kofemashine-bez-himii-3-rabochih-sposoba,Как удалить накипь в чайнике и кофемашине без химии: 3 способа | ПроМастер,Как удалить накипь в чайнике и кофемашине без химии: 3 рабочих способа,"Узнайте, как безопасно избавиться от накипи в чайнике и кофемашине с помощью лимонной кислоты, уксуса и соды. Пошаговые инструкции, советы и когда нужен мастер.",instrukcia,Ремонт кофемашин,"удаление накипи, без химии, чайник, кофемашина, лимонная кислота, уксус, сода, ремонт кофемашин, ПроМастер",2026-07-10
pochemu-televizor-ne-vidit-wi-fi-i-kak-eto-ispravit-bez-mastera,Почему телевизор не видит Wi-Fi: причины и что делать | ПроМастер,Почему телевизор не видит Wi-Fi и как это исправить без мастера,"Узнайте, почему телевизор перестал видеть Wi-Fi. Пошаговая инструкция по самостоятельной диагностике и настройке. Когда нужен мастер — советы и ориентиры по цене.",sovety,Ремонт телевизоров,"телевизор не видит вайфай, нет Wi-Fi на телевизоре, ошибка подключения телевизора, настройка Wi-Fi на ТВ, ремонт телевизоров",2026-07-10
kak-vybrat-vodonagrevatel-dlya-dachi-nakopitelnyy-ili-protochnyy,Как выбрать водонагреватель для дачи: накопительный или проточный | ПроМастер,Как выбрать водонагреватель для дачи: накопительный или проточный,"Сравнение накопительных и проточных водонагревателей для дачи: какой выгоднее, как не ошибиться с выбором, когда нужен ремонт водонагревателя. Советы мастера.",vybor,Ремонт водонагревателей,"водонагреватель для дачи, накопительный или проточный, ремонт водонагревателей, как выбрать водонагреватель, дачный водонагреватель, бойлер для дачи, проточный нагреватель дача",2026-07-10
skolko-stoit-perevesit-kondicioner-v-druguyu-komnatu-ceny-i-nyuansy-20,Сколько стоит перевесить кондиционер в другую комнату: цены и нюансы 2025 | ПроМастер,Сколько стоит перевесить кондиционер в другую комнату: цены и нюансы 2025,"Узнайте, сколько стоит перенести кондиционер в другую комнату в 2025 году. Разбираем цены, факторы стоимости и когда можно сэкономить. Полезные советы от ПроМастер.",ceny,Ремонт кондиционеров,"перевесить кондиционер цена, перенос кондиционера в другую комнату, стоимость переустановки сплит-системы, демонтаж монтаж кондиционера цена, перевесить кондиционер в другую комнату цена 2025, ремонт кондиционеров, ПроМастер",2026-07-10
chto-delat-esli-posudomoechnaya-mashina-ne-sushit-posudu-tipichnye-nei,"Что делать, если посудомоечная машина не сушит посуду: неисправности | ПроМастер","Что делать, если посудомоечная машина не сушит посуду: типичные неисправности","Почему посудомойка плохо сушит посуду? Разбираем основные причины: засор фильтров, поломка ТЭНа, неисправность вентилятора. Советы по диагностике и когда нужен мастер. Цены на ремонт.",remont,Ремонт посудомоечных машин,"посудомоечная машина не сушит посуду, причины плохой сушки, ремонт посудомоечной машины, неисправности сушки, заменить ТЭН посудомойки, не греет посудомойка, конденсационная сушка не работает",2026-07-10
kak-ustranit-skrip-polov-v-kvartire-bez-razbora-pokrytiya,Как устранить скрип полов без разбора: 5 рабочих способов | ПроМастер,Как устранить скрип полов в квартире без разбора покрытия,"Скрипят полы в квартире? Узнайте, как убрать скрип без демонтажа покрытия. 5 проверенных способов, частые причины и когда стоит вызвать мастера на час от сервиса ПроМастер.",remont,Мастер на час,"устранить скрип пола, скрипят полы без разбора, как убрать скрип пола, ремонт пола мастер на час, скрип паркета, скрип ламината, причины скрипа пола",2026-07-10
pochemu-kofemashina-ne-greet-vodu-i-kak-proverit-termoblok-do-priezda-,Почему кофемашина не греет воду: проверка термоблока | ПроМастер,Почему кофемашина не греет воду и как проверить термоблок до приезда мастера,"Разбираем основные причины, почему кофемашина перестала греть воду. Пошаговая инструкция по проверке термоблока своими руками. Когда можно обойтись без ремонта, а когда нужен специалист.",instrukcia,Ремонт кофемашин,"кофемашина не греет воду, проверка термоблока кофемашины, ремонт кофемашины, причины неисправности, термоблок кофемашина, ПроМастер",2026-07-10
skolko-stoit-ustanovka-i-nastroyka-split-sistemy-v-novostroyke-s-chist,Сколько стоит установка сплит-системы в новостройке 2025 | ПроМастер,Сколько стоит установка и настройка сплит-системы в новостройке с чистовой отделкой: прайс 2025,"Актуальные цены на установку кондиционера в новостройке с чистовой отделкой в 2025 году. Разбор факторов стоимости, скрытых работ и частых вопросов. Прайс от ПроМастер.",ceny,Ремонт кондиционеров,"установка сплит-системы в новостройке, цена установки кондиционера 2025, монтаж кондиционера чистовая отделка, стоимость работ по кондиционеру, прайс на сплит-систему, ПроМастер",2026-07-10
kak-vybrat-posudomoechnuyu-mashinu-dlya-malenkoy-kuhni-shirina-45-sm-f,Как выбрать посудомоечную машину 45 см для маленькой кухни | ПроМастер,"Как выбрать посудомоечную машину для маленькой кухни: ширина 45 см, функции и бренды","Выбор узкой (45 см) посудомоечной машины для маленькой кухни: ключевые параметры, полезные функции, рейтинг брендов и советы по установке. Помощь мастера ПроМастер.",vybor,Ремонт посудомоечных машин,"посудомоечная машина 45 см, узкая посудомойка, выбор ПММ для маленькой кухни, рейтинг брендов, функции ПММ, ремонт посудомоечных машин",2026-07-10
pochemu-televizor-ne-reagiruet-na-pult-i-kak-proverit-ik-priemnik-samo,Почему телевизор не реагирует на пульт: самостоятельная проверка ИК-приемника | ПроМастер,Почему телевизор не реагирует на пульт и как проверить ИК-приемник самостоятельно,"Узнайте основные причины, почему телевизор не реагирует на пульт, и как проверить ИК-приемник своими руками. Практические советы, когда нужен мастер и ориентиры по цене ремонта.",sovety,Ремонт телевизоров,"телевизор не реагирует на пульт, проверить ИК-приемник, ремонт телевизора, не работает пульт, причины поломки, диагностика телевизора, ПроМастер",2026-07-10
pochemu-stiralnaya-mashina-prygaet-pri-otzhime-i-kak-eto-ispravit-bez-,Почему стиральная машина прыгает при отжиме: причины и ремонт своими руками | ПроМастер,Почему стиральная машина прыгает при отжиме и как это исправить без мастера,"Узнайте, почему стиральная машина прыгает и вибрирует при отжиме. Пошаговая инструкция по самостоятельному ремонту: проверка ножек, амортизаторов, противовесов. Когда нужен мастер и сколько стоит ремонт.",instrukcia,Ремонт стиральных машин,"стиральная машина прыгает при отжиме, вибрация стиральной машины, ремонт своими руками, причины прыжков, амортизаторы стиральной машины, выставить ножки стиральной машины, ПроМастер",2026-07-10
kak-vybrat-elektricheskiy-polotencesushitel-dlya-vannoy,"Как выбрать электрический полотенцесушитель для ванной: типы, мощность, монтаж | ПроМастер",Как выбрать электрический полотенцесушитель для ванной,"Практическое руководство по выбору электрического полотенцесушителя: типы, мощность, монтаж. Советы по самостоятельной проверке, когда вызывать электрика и ориентиры по цене.",vybor,Электрик,"электрический полотенцесушитель, выбор полотенцесушителя, мощность полотенцесушителя, монтаж полотенцесушителя, электрик, ремонт ванной, ПроМастер",2026-07-10
chto-delat-esli-holodilnik-pahnet-gnilyu-poshagovaya-ochistka-i-dezinf,"Что делать, если холодильник пахнет гнилью: пошаговая очистка и дезинфекция | ПроМастер","Что делать, если холодильник пахнет гнилью: пошаговая очистка и дезинфекция","Узнайте, как избавиться от запаха гнили в холодильнике. Пошаговая инструкция по очистке и дезинфекции. Причины, что можно сделать самому, и когда вызывать мастера. Советы от сервиса ПроМастер.",sovety,Ремонт холодильников,"запах гнили в холодильнике, очистка холодильника, дезинфекция холодильника, ремонт холодильников, ПроМастер, как убрать запах, советы",2026-07-10
pochemu-kondicioner-ne-vklyuchaetsya-posle-zimy-proverka-pulta-avtomat,"Почему не включается кондиционер после зимы: проверка пульта, автомата и фреона | ПроМастер","Почему кондиционер не включается после зимы: проверка пульта, автомата и фреона","Узнайте, почему кондиционер не запускается после зимы. Пошаговая проверка пульта, автомата, фреона. Когда нужен мастер и сколько стоит ремонт. Советы от сервиса ПроМастер.",remont,Ремонт кондиционеров,"кондиционер не включается после зимы, проверка пульта кондиционера, автомат кондиционера, уровень фреона, ремонт кондиционеров на дому, причины неисправности сплит-системы",2026-07-10
skolko-stoit-zamena-tena-v-stiralnoy-mashine-ceny-na-rabotu-i-detali-v,Сколько стоит замена ТЭНа в стиральной машине: цены 2025 | ПроМастер,Сколько стоит замена ТЭНа в стиральной машине: цены на работу и детали в 2025 году,"Узнайте актуальные цены на замену ТЭНа в стиральной машине в 2025 году: стоимость работы мастера, цена запчасти, когда можно сэкономить и когда вызывать специалиста. Практические советы от ПроМастер.",ceny,Ремонт стиральных машин,"замена ТЭНа стиральной машины цена, стоимость замены ТЭНа, ремонт стиральной машины цена 2025, сколько стоит замена нагревателя, замена ТЭНа своими руками, ПроМастер ремонт",2026-07-10
pochemu-kofemashina-vydaet-oshibku-i-ne-varit-kofe-poshagovaya-instruk,Почему кофемашина выдает ошибку: пошаговая инструкция по сбросу | ПроМастер,Почему кофемашина выдает ошибку и не варит кофе: пошаговая инструкция по сбросу,"Узнайте, почему кофемашина выдает ошибку и не варит кофе. Пошаговая инструкция по сбросу ошибок, частые причины и когда звать мастера. Советы от сервиса ПроМастер.",instrukcia,Ремонт кофемашин,"кофемашина выдает ошибку, сброс ошибки кофемашины, не варит кофе, ремонт кофемашин, инструкция по сбросу, причины ошибки, мастер по кофемашинам",2026-07-11
kak-vybrat-vytyazhku-dlya-kuhni-moschnost-filtry-i-montazh,"Как выбрать вытяжку для кухни: мощность, фильтры и монтаж | ПроМастер","Как выбрать вытяжку для кухни: мощность, фильтры и монтаж","Подробное руководство по выбору кухонной вытяжки: расчет мощности, типы фильтров, советы по монтажу и частые ошибки. Узнайте, когда можно справиться самостоятельно и когда вызвать мастера.",vybor,Мастер на час,"вытяжка для кухни, выбор вытяжки, мощность вытяжки, фильтры для вытяжки, монтаж вытяжки, мастер на час, ПроМастер",2026-07-11
skolko-stoit-remont-vodonagrevatelya-zamena-tena-anoda-i-chistka-baka-,"Сколько стоит ремонт водонагревателя: замена ТЭНа, анода и чистка бака в 2025 | ПроМастер","Сколько стоит ремонт водонагревателя: замена ТЭНа, анода и чистка бака в 2025","Узнайте актуальные цены на ремонт водонагревателей в 2025 году: замена ТЭНа, анода, чистка бака. Причины поломок, что можно проверить самому и когда вызывать мастера.",ceny,Ремонт водонагревателей,"ремонт водонагревателя цена, замена ТЭНа водонагревателя стоимость, замена анода водонагревателя цена, чистка бака водонагревателя цена, ремонт бойлера, обслуживание водонагревателя, сервис ПроМастер",2026-07-11
pochemu-holodilnik-stal-gorko-pahnut-prichiny-i-dezinfekciya-svoimi-ru,Почему холодильник горько пахнет: причины и дезинфекция своими руками | ПроМастер,Почему холодильник стал горько пахнуть: причины и дезинфекция своими руками,Разбираем причины горького запаха из холодильника: от испорченных продуктов до плесени. Пошаговая инструкция по дезинфекции и когда нужен ремонт холодильников. Советы от ПроМастер.,instrukcia,Ремонт холодильников,"горький запах из холодильника, причины запаха, дезинфекция холодильника, ремонт холодильников, убрать запах, советы ПроМастер",2026-07-12
skolko-stoit-zamena-nasosa-v-posudomoechnoy-mashine-v-2025-godu,Сколько стоит замена насоса в посудомоечной машине в 2025 году | ПроМастер,Сколько стоит замена насоса в посудомоечной машине в 2025 году,"Узнайте цены на замену насоса в посудомоечной машине в 2025 году: от 2500 до 7000 рублей. Разбираем причины поломки, что можно проверить самому и когда вызывать мастера.",ceny,Ремонт посудомоечных машин,"замена насоса посудомоечной машины, стоимость замены насоса, цена ремонта посудомойки, неисправности насоса, ремонт посудомоечной машины 2025",2026-07-12
vybor-ibp-dlya-gazovogo-kotla-zaschita-elektroniki-ot-skachkov-napryaz,Как выбрать ИБП для газового котла и защитить электронику от скачков напряжения | ПроМастер,Выбор ИБП для газового котла: защита электроники от скачков напряжения,"Узнайте, как правильно выбрать ИБП для газового котла, чтобы защитить электронику от скачков напряжения. Советы электрика, частые вопросы и помощь сервиса ПроМастер.",vybor,Электрик,"ИБП для газового котла, защита от скачков напряжения, выбор ИБП, электрик на дом, стабилизатор для котла",2026-07-12
pochemu-kofemashina-ne-delaet-kofe-5-shagov-diagnostiki-do-vyzova-mast,Почему кофемашина не делает кофе: 5 шагов диагностики до вызова мастера | ПроМастер,Почему кофемашина не делает кофе: 5 шагов диагностики до вызова мастера,Кофемашина перестала готовить кофе? Не спешите звать мастера. Проверьте 5 простых причин самостоятельно. Инструкция по диагностике и когда нужен ремонт от ПроМастер.,instrukcia,Ремонт кофемашин,"не делает кофе кофемашина, причины почему не работает кофемашина, ремонт кофемашины, диагностика кофемашины, кофемашина не варит кофе, что делать если кофемашина не работает, ПроМастер",2026-07-13
kak-vybrat-televizor-dlya-igr-v-2025-chastota-obnovleniya-hdr-i-zaderz,"Как выбрать телевизор для игр в 2025: гайд по частоте, HDR и задержке | ПроМастер","Как выбрать телевизор для игр в 2025: частота обновления, HDR и задержка ввода","Разбираем ключевые параметры игрового телевизора в 2025: частота обновления, HDR, input lag. Советы по выбору, проверке и ремонту от специалистов ПроМастер.",vybor,Ремонт телевизоров,"выбор телевизора для игр, частота обновления телевизора, HDR телевизор, задержка ввода input lag, игровой телевизор 2025, ремонт телевизоров, ПроМастер",2026-07-13
skolko-stoit-zamena-uplotnitelya-v-posudomoechnoy-mashine-ceny-na-deta,Сколько стоит замена уплотнителя в посудомоечной машине: цены 2025 | ПроМастер,Сколько стоит замена уплотнителя в посудомоечной машине: цены на детали и работу 2025,"Узнайте, сколько стоит замена уплотнителя в посудомоечной машине в 2025 году. Цены на детали и работу, причины неисправности, когда можно сделать самому, а когда нужен мастер. Советы от сервиса ПроМастер.",ceny,Ремонт посудомоечных машин,"замена уплотнителя посудомоечной машины, стоимость замены уплотнителя, цена уплотнителя для посудомойки, ремонт посудомоечной машины, сколько стоит замена резинки, ПроМастер",2026-07-13
pochemu-posudomoechnaya-mashina-ne-sushit-posudu-rezhim-kondensacionno,Почему посудомоечная машина не сушит посуду: причины и ремонт | ПроМастер,Почему посудомоечная машина не сушит посуду: режим конденсационной или турбосушки сломался,"Разбираем причины, почему посудомоечная машина не сушит посуду. Конденсационная или турбосушка: диагностика, что проверить самому, когда вызывать мастера. Цены на ремонт.",remont,Ремонт посудомоечных машин,"посудомоечная машина не сушит посуду, ремонт сушки посудомоечной машины, конденсационная сушка не работает, турбосушка не сушит, причины неисправности сушки, замена ТЭНа сушки, ПроМастер",2026-07-14
kak-vybrat-stabilizator-napryazheniya-dlya-holodilnika-i-stiralnoy-mas,Как выбрать стабилизатор напряжения для холодильника и стиральной машины: расчёт мощности | ПроМастер,Как выбрать стабилизатор напряжения для холодильника и стиральной машины: расчёт мощности,"Узнайте, как правильно выбрать стабилизатор напряжения для холодильника и стиральной машины. Расчёт мощности, советы по выбору и частые вопросы от электриков.",vybor,Электрик,"стабилизатор напряжения, выбор стабилизатора, расчёт мощности, холодильник, стиральная машина, электрик, защита техники",2026-07-14
skolko-stoit-zamena-ventilyatora-v-kondicionere-vnutrenniy-blok-ceny-n,Сколько стоит замена вентилятора в кондиционере: цены 2025 | ПроМастер,Сколько стоит замена вентилятора в кондиционере (внутренний блок): цены на ремонт 2025,"Узнайте цены на замену вентилятора внутреннего блока кондиционера в 2025 году. Причины поломки, что можно проверить самому, когда вызывать мастера. Актуальные расценки и советы.",ceny,Ремонт кондиционеров,"замена вентилятора кондиционера, цена ремонта кондиционера 2025, неисправности вентилятора, стоимость ремонта сплит-системы, ремонт кондиционеров на дому",2026-07-14
kak-zamenit-prokladku-v-smesitele-na-kuhne-poshagovaya-instrukciya-bez,Как заменить прокладку в смесителе на кухне: пошаговая инструкция | ПроМастер,Как заменить прокладку в смесителе на кухне: пошаговая инструкция без пайки,"Узнайте, как самостоятельно заменить прокладку в кухонном смесителе без пайки. Пошаговая инструкция, частые вопросы и советы от сантехников сервиса ПроМастер.",instrukcia,Сантехник,"замена прокладки смесителя, прокладка смеситель кухня, как заменить прокладку, сантехник на дом, ремонт смесителя, ПроМастер, инструкция",2026-07-15
pochemu-posudomoechnaya-mashina-ostavlyaet-razvody-na-stekle-pyat-skry,Почему посудомойка оставляет разводы на стекле: 5 причин | ПроМастер,Почему посудомоечная машина оставляет разводы на стекле: пять скрытых причин и их устранение,"Разбираем 5 скрытых причин разводов на стекле после посудомойки: от качества соли до проблем с регенерацией. Что проверить самому, когда вызывать мастера и цены на ремонт.",sovety,Ремонт посудомоечных машин,"разводы на стекле посудомоечная машина, почему остаются разводы, причины разводов, устранение разводов, ремонт посудомоечной машины",2026-07-15
remont-ili-zamena-kak-ponyat-chto-kompressor-holodilnika-vyshel-iz-str,Ремонт или замена: как определить неисправность компрессора холодильника без вскрытия | ПроМастер,"Ремонт или замена: как понять, что компрессор холодильника вышел из строя без вскрытия","Как диагностировать поломку компрессора холодильника без разбора: признаки, проверка мультиметром, когда нужен мастер. Советы по ремонту и замене от сервиса ПроМастер.",remont,Ремонт холодильников,"ремонт холодильников, неисправность компрессора, признаки поломки компрессора, диагностика холодильника, замена компрессора, ремонт компрессора, ПроМастер",2026-07-15
kak-ubrat-zapah-kanalizacii-iz-posudomoechnoy-mashiny-prostye-sovety,Убираем запах канализации из посудомоечной машины: советы | ПроМастер,Как убрать запах канализации из посудомоечной машины: простые советы,"Почему из посудомоечной машины пахнет канализацией? Простые советы по очистке фильтра, шлангов и когда вызывать мастера. Чистота без запаха с ПроМастер.",sovety,Ремонт посудомоечных машин,"запах канализации из посудомоечной машины, причины запаха, чистка посудомойки, ремонт посудомоечных машин, сервис ПроМастер",2026-07-16
poshagovaya-instrukciya-po-chistke-drenazhnogo-nasosa-stiralnoy-mashin,Чистка дренажного насоса стиральной машины своими руками | ПроМастер,Пошаговая инструкция по чистке дренажного насоса стиральной машины,"Узнайте, как самостоятельно почистить дренажный насос (помпу) стиральной машины. Пошаговая инструкция, частые причины засора и когда нужен мастер. Советы от сервиса ПроМастер.",instrukcia,Ремонт стиральных машин,"чистка дренажного насоса, чистка помпы стиральной машины, как почистить насос, засор стиральной машины, ремонт стиральных машин",2026-07-16
skolko-stoit-zamena-platy-upravleniya-v-kofemashine-v-2025-godu,Сколько стоит замена платы управления в кофемашине в 2025 году? | ПроМастер,Сколько стоит замена платы управления в кофемашине в 2025 году?,"Узнайте актуальные цены на замену платы управления в кофемашине в 2025 году. Причины поломки, что проверить самому, когда вызывать мастера и ориентиры стоимости от сервиса ПроМастер.",ceny,Ремонт кофемашин,"замена платы управления кофемашина цена 2025, ремонт платы кофемашины стоимость, диагностика кофемашины мастер, сколько стоит замена электроники кофемашины, ремонт кофемашины на дому цена",2026-07-16
pochemu-televizor-pokazyvaet-net-signala-pri-vklyuchennoy-pristavke-po,Почему телевизор показывает «нет сигнала» при включенной приставке: пошаговая инструкция | ПроМастер,Почему телевизор показывает «нет сигнала» при включенной приставке: пошаговая проверка кабелей и настроек,"Узнайте причины ошибки «нет сигнала» на телевизоре при работающей приставке. Пошаговая проверка кабелей, настроек HDMI и AV. Когда нужен мастер и ориентировочные цены на ремонт.",instrukcia,Ремонт телевизоров,"нет сигнала на телевизоре, телевизор не видит приставку, проверка кабеля HDMI, настройка ТВ, ремонт телевизоров, причины поломки, услуги мастера на дому",2026-07-17
skolko-stoit-zamena-podshipnika-v-stiralnoy-mashine-razbor-cen-na-rabo,Сколько стоит замена подшипника в стиральной машине: цены 2025 | ПроМастер,Сколько стоит замена подшипника в стиральной машине: разбор цен на работу и запчасти в 2025 году,"Узнайте, сколько стоит замена подшипника в стиральной машине в 2025 году. Разбор цен на работу и запчасти, советы по экономии, когда стоит вызывать мастера. Полезная информация от сервиса ПроМастер.",ceny,Ремонт стиральных машин,"замена подшипника стиральная машина, цена замены подшипника, стоимость подшипника, ремонт стиральной машины, цена ремонта, ПроМастер",2026-07-17
kak-vybrat-vodonagrevatel-dlya-kvartiry-s-elektroplitoy-nakopitelnyy-i,Как выбрать водонагреватель для квартиры с электроплитой: советы | ПроМастер,Как выбрать водонагреватель для квартиры с электроплитой: накопительный или проточный,"Поможем выбрать водонагреватель для квартиры с электроплитой. Сравнение накопительных и проточных моделей, советы по проверке и ремонту от сервиса ПроМастер.",vybor,Ремонт водонагревателей,"выбор водонагревателя, накопительный или проточный, водонагреватель для квартиры с электроплитой, ремонт водонагревателей, как выбрать, советы, ПроМастер",2026-07-17
pochemu-kondicioner-duet-no-ne-ohlazhdaet-5-prichin-i-chto-proverit-do,"Почему кондиционер дует, но не охлаждает: 5 причин и что проверить | ПроМастер","Почему кондиционер дует, но не охлаждает: 5 причин и что проверить до вызова мастера","Разбираем 5 основных причин, почему кондиционер работает, но не холодит. Что проверить самостоятельно и когда вызывать мастера. Цены на ремонт кондиционеров.",sovety,Ремонт кондиционеров,"кондиционер дует но не охлаждает, причины почему кондиционер не холодит, ремонт кондиционеров, что проверить в кондиционере, неисправности кондиционера, не охлаждает воздух, сервис ПроМастер",2026-07-18
kak-zamenit-filtr-gruboy-ochistki-vody-v-kvartire-poshagovaya-instrukc,Как заменить фильтр грубой очистки воды в квартире: пошаговая инструкция | ПроМастер,Как заменить фильтр грубой очистки воды в квартире: пошаговая инструкция для новичков,"Пошаговая инструкция по замене фильтра грубой очистки воды в квартире своими руками. Причины поломки, что можно проверить самому, когда вызывать сантехника и ориентиры по цене.",instrukcia,Сантехник,"замена фильтра грубой очистки воды, как заменить фильтр грубой очистки, сантехник на дом, замена фильтра воды в квартире, пошаговая инструкция замена фильтра, цена замены фильтра воды",2026-07-18
skolko-stoit-zamena-bloka-pitaniya-v-noutbuke-aktualnye-ceny-na-detali,Сколько стоит замена блока питания в ноутбуке: цены на детали и работу мастера в 2025 году | ПроМастер,Сколько стоит замена блока питания в ноутбуке: актуальные цены на детали и работу в 2025 году,"Узнайте, сколько стоит замена блока питания в ноутбуке в 2025 году: цены на зарядные устройства, стоимость работы мастера, как сэкономить и когда вызвать специалиста.",ceny,Компьютерная помощь,"замена блока питания ноутбука, цена замены блока питания, стоимость ремонта ноутбука, блок питания ноутбука цена, замена зарядного устройства ноутбука, ремонт ноутбука мастер, ПроМастер",2026-07-18
kak-snyat-blokirovku-lyuka-stiralnoy-mashiny-vruchnuyu-3-bezopasnyh-sp,Как снять блокировку люка стиральной машины вручную: 3 способа | ПроМастер,Как снять блокировку люка стиральной машины вручную: 3 безопасных способа,"Стиральная машина заблокировала дверцу? Рассказываем о 3 безопасных способах снять блокировку люка вручную. Причины неисправности, пошаговая инструкция и когда вызывать мастера.",instrukcia,Ремонт стиральных машин,"блокировка люка, стиральная машина, снять блокировку вручную, не открывается дверца, ремонт стиральных машин, аварийное открытие, ПроМастер",2026-07-19
pochemu-holodilnik-greet-a-ne-morozit-top-3-neispravnosti-kompressora-,"Почему холодильник греет, а не морозит: топ-3 неисправности | ПроМастер","Почему холодильник греет, а не морозит: топ-3 неисправности компрессора и термостата","Холодильник греет, а не морозит? Разбираем топ-3 неисправности компрессора и термостата. Что проверить самому, когда вызывать мастера и ориентиры по цене. Советы от сервиса ПроМастер.",remont,Ремонт холодильников,"неисправности компрессора, термостат холодильника, ремонт холодильников, холодильник греет, не морозит холодильник, причины поломки, ПроМастер",2026-07-19
skolko-stoit-zamena-dioda-v-televizore-razbor-cen-na-podsvetku-led-v-2,Сколько стоит замена диода в телевизоре: цены на LED подсветку 2025 | ПроМастер,Сколько стоит замена диода в телевизоре: разбор цен на подсветку LED в 2025 году,"Узнайте, сколько стоит замена диода в телевизоре в 2025 году. Разбор цен на LED подсветку, причины поломки, что можно сделать самому и когда вызывать мастера.",ceny,Ремонт телевизоров,"замена диода в телевизоре, стоимость замены LED подсветки, ремонт телевизора цена, сколько стоит замена подсветки, ремонт LED телевизора, ПроМастер",2026-07-19
kak-prodlit-srok-sluzhby-stiralnoy-mashiny-10-privychek-kotorye-ubivay,"Как продлить срок службы стиральной машины: 10 привычек, которые убивают технику | ПроМастер","Как продлить срок службы стиральной машины: 10 привычек, которые убивают технику","Узнайте, какие привычки сокращают жизнь стиральной машины. Практические советы, когда звать мастера и ориентиры по цене ремонта. Экспертная помощь — ПроМастер.",sovety,Ремонт стиральных машин,"продлить срок службы стиральной машины, привычки убивают стиральную машину, ремонт стиральных машин, советы по уходу, ПроМастер, неисправности стиральной машины, профилактика",2026-07-20
pochemu-vybivaet-avtomat-pri-vklyuchenii-vodonagrevatelya-i-kak-eto-pr,Почему выбивает автомат при включении водонагревателя: причины и проверка мультиметром | ПроМастер,Почему выбивает автомат при включении водонагревателя и как это проверить мультиметром,"Узнайте, почему выбивает автомат при включении водонагревателя — от короткого замыкания до неисправности ТЭНа. Пошаговая инструкция по проверке мультиметром. Когда звать мастера и цены на ремонт.",instrukcia,Ремонт водонагревателей,"выбивает автомат водонагреватель, причины, проверка мультиметром, ремонт водонагревателей, короткое замыкание, ТЭН, ПроМастер",2026-07-20
split-sistema-ili-mobilnyy-kondicioner-chto-luchshe-dlya-kvartiry,Выбор кондиционера для квартиры: сплит-система или мобильный | ПроМастер,Сплит-система или мобильный кондиционер: что лучше для квартиры,"Сравнение сплит-систем и мобильных кондиционеров для квартиры: плюсы, минусы, стоимость, монтаж и обслуживание. Советы мастера по выбору и ремонту.",vybor,Ремонт кондиционеров,"выбор кондиционера, сплит-система, мобильный кондиционер, ремонт кондиционеров, что лучше, кондиционер для квартиры, ПроМастер",2026-07-20
pochemu-holodilnik-ne-vklyuchaetsya-posle-razmorozki-5-shagov-proverki,Почему холодильник не включается после разморозки: 5 шагов проверки | ПроМастер,Почему холодильник не включается после разморозки: 5 шагов проверки своими руками,"Узнайте, почему холодильник не включается после разморозки. 5 простых шагов для проверки своими руками, частые причины и когда вызывать мастера. Советы от ПроМастер.",instrukcia,Ремонт холодильников,"холодильник не включается после разморозки, причины не включается холодильник, проверка холодильника, ремонт холодильника, разморозка холодильника",2026-07-21
skolko-stoit-zamena-kondensatora-v-stiralnoy-mashine-ceny-na-rabotu-i-,Сколько стоит замена конденсатора в стиральной машине: цены 2025 | ПроМастер,Сколько стоит замена конденсатора в стиральной машине: цены на работу и детали 2025,"Узнайте, сколько стоит замена конденсатора в стиральной машине в 2025 году: цены на работу мастера и стоимость детали. Когда можно сделать самому, а когда нужен профессионал.",ceny,Ремонт стиральных машин,"замена конденсатора стиральная машина, цена замены конденсатора, стоимость ремонта стиральной машины, неисправности конденсатора, ремонт стиральных машин 2025, ПроМастер",2026-07-21
kak-vybrat-elektricheskiy-chaynik-dlya-doma-materialy-korpusa-moschnos,"Как выбрать электрический чайник: материалы, мощность, безопасность | ПроМастер","Как выбрать электрический чайник для дома: материалы корпуса, мощность и безопасность","Практическое руководство по выбору электрического чайника: сравнение материалов корпуса, оптимальная мощность, критерии безопасности и ответы на частые вопросы. Советы от сервиса ПроМастер.",vybor,Мастер на час,"выбор электрического чайника, материалы корпуса чайника, мощность чайника, безопасность чайника, какой чайник лучше, советы по выбору, ПроМастер",2026-07-21
kondicioner-ne-vklyuchaetsya-s-pulta-poshagovaya-diagnostika-i-remont,Кондиционер не включается с пульта: что делать и как исправить | ПроМастер,Кондиционер не включается с пульта: пошаговая диагностика и ремонт,"Узнайте, почему кондиционер не реагирует на пульт. Проверка батареек, ИК-порта, сброс настроек. Когда нужен мастер и сколько стоит ремонт. Советы от ПроМастер.",instrukcia,Ремонт кондиционеров,"кондиционер не включается с пульта, ремонт кондиционеров, проверка пульта кондиционера, сброс настроек кондиционера, не работает инфракрасный порт",2026-07-22
kak-vybrat-elektricheskiy-chaynik-materialy-korpusa-moschnost-i-bezopa,"Как выбрать электрический чайник: материалы, мощность и безопасность | ПроМастер","Как выбрать электрический чайник: материалы корпуса, мощность и безопасность","Практическое руководство по выбору электрического чайника: сравнение материалов корпуса, оптимальная мощность, функции безопасности. Советы мастера и частые вопросы.",vybor,Мастер на час,"выбор электрического чайника, материалы корпуса чайника, мощность чайника, безопасность чайника, пластик или нержавейка, стеклянный чайник, мастер на час",2026-07-22
pochemu-televizor-ne-vidit-wi-fi-prichiny-i-chto-delat,Почему телевизор не видит Wi-Fi: причины и что делать | ПроМастер,Почему телевизор не видит Wi-Fi: причины и что делать,"Разбираем основные причины, почему телевизор не находит Wi-Fi сеть. Пошаговая инструкция по самостоятельной диагностике, когда нужен мастер и примерные цены на ремонт.",instrukcia,Ремонт телевизоров,"телевизор не видит wifi, причины, что делать, ремонт телевизоров, мастер на дом, ПроМастер",2026-07-23
skolko-stoit-zamena-tena-v-stiralnoy-mashine-ceny-2025,Сколько стоит замена ТЭНа в стиральной машине: цены 2025 | ПроМастер,Сколько стоит замена ТЭНа в стиральной машине: цены 2025,"Узнайте актуальные цены на замену ТЭНа в стиральной машине в 2025 году. Разбираем стоимость работы и запчасти, причины поломки и когда выгоднее вызвать мастера.",ceny,Ремонт стиральных машин,"замена ТЭНа стиральная машина цена, сколько стоит замена ТЭНа, ремонт стиральной машины замена ТЭНа, стоимость замены ТЭНа 2025, замена нагревателя стиралки, ПроМастер",2026-07-23
kak-vybrat-ibp-dlya-gazovogo-kotla-i-zaschitit-elektroniku-ot-skachkov,Как выбрать ИБП для газового котла и защитить электронику | ПроМастер,Как выбрать ИБП для газового котла и защитить электронику от скачков напряжения,"Узнайте, как выбрать источник бесперебойного питания для газового котла. Причины скачков, советы по выбору, частые вопросы и когда нужен вызов электрика. Советы от сервиса ПроМастер.",vybor,Электрик,"выбор ИБП, газовый котел, защита электроники, скачки напряжения, источник бесперебойного питания, электрик на дом, ПроМастер",2026-07-23
pochemu-vodonagrevatel-ne-greet-vodu-no-indikator-gorit-poshagovaya-di,"Водонагреватель не греет воду, но индикатор горит: диагностика | ПроМастер","Почему водонагреватель не греет воду, но индикатор горит: пошаговая диагностика","Разбираем причины, почему водонагреватель не греет воду, но индикатор включения горит. Пошаговая диагностика, что можно проверить самому, когда нужен мастер и ориентиры по цене ремонта.",remont,Ремонт водонагревателей,"водонагреватель не греет воду, индикатор горит, диагностика водонагревателя, ремонт водонагревателя, причины неисправности, не греет вода, мастер по водонагревателям",2026-07-24
kak-vybrat-udlinitel-dlya-moschnoy-bytovoy-tehniki-raschet-secheniya-i,Как выбрать удлинитель для мощной техники: сечение и защита | ПроМастер,Как выбрать удлинитель для мощной бытовой техники: расчёт сечения и защита от перегрузок,"Узнайте, как правильно выбрать удлинитель для стиральной машины, электрокотла или обогревателя. Расчёт сечения кабеля, выбор розетки и защиты от перегрузок — советы электрика.",vybor,Электрик,"выбор удлинителя, сечение кабеля, защита от перегрузок, удлинитель для мощной техники, расчёт сечения, электрик на дом, ПроМастер",2026-07-24
skolko-stoit-zamena-pompy-v-stiralnoy-mashine-ceny-na-detali-i-rabotu-,Сколько стоит замена помпы в стиральной машине: цены на 2025 | ПроМастер,Сколько стоит замена помпы в стиральной машине: цены на детали и работу мастера в 2025,Узнайте реальные цены на замену помпы в стиральной машине в 2025 году. Стоимость детали и работы мастера. Когда можно обойтись своими силами и как вызвать специалиста.,ceny,Ремонт стиральных машин,"замена помпы стиральная машина, цена помпы стиральной машины, стоимость замены помпы, ремонт стиральных машин, сливной насос цена, вызвать мастера по ремонту стиральных машин",2026-07-24
kak-proverit-rele-napryazheniya-v-kvartire-bez-vyzova-mastera-3-prosty,Как проверить реле напряжения в квартире без вызова мастера | ПроМастер,Как проверить реле напряжения в квартире без вызова мастера: 3 простых способа,"Узнайте, как самостоятельно проверить реле напряжения в квартире с помощью мультиметра, индикаторной отвёртки и визуального осмотра. Пошаговые инструкции и советы электрика.",instrukcia,Электрик,"проверка реле напряжения, реле напряжения квартира, как проверить реле, электрик на дом, неисправности реле, мультиметр проверка, реле напряжения инструкция",2026-07-27
chto-delat-esli-kondicioner-duet-teplym-vozduhom-v-rezhime-ohlazhdeniy,"Что делать, если кондиционер дует теплым воздухом в режиме охлаждения | ПроМастер","Что делать, если кондиционер дует теплым воздухом в режиме охлаждения","Неочевидные причины, почему кондиционер не холодит, а дует теплом. Как проверить самостоятельно и когда вызывать мастера. Советы от сервиса ПроМастер.",remont,Ремонт кондиционеров,"кондиционер дует теплым воздухом, кондиционер не холодит, причины теплого воздуха, ремонт кондиционеров на дому, неочевидные неисправности, проверка кондиционера, ПроМастер",2026-07-27
kak-vybrat-smesitel-dlya-kuhni-s-dushem-5-kriteriev-o-kotoryh-molchat-,Как выбрать смеситель для кухни с душем: 5 скрытых критериев | ПроМастер,"Как выбрать смеситель для кухни с душем: 5 критериев, о которых молчат в магазине","Узнайте, как правильно выбрать кухонный смеситель с душем. 5 важных критериев, которые часто упускают, советы по проверке и вызову мастера. Без воды и кликбейта.",vybor,Сантехник,"выбор смесителя для кухни с душем, кухонный смеситель с выдвижным душем, как выбрать смеситель, сантехник на дом, ПроМастер",2026-07-27
kak-prodlit-zhizn-holodilniku-5-profilakticheskih-deystviy-kotorye-moz,Как продлить жизнь холодильнику: 5 простых действий | ПроМастер,"Как продлить жизнь холодильнику: 5 профилактических действий, которые можно сделать самому","Узнайте, как продлить срок службы холодильника без вызова мастера. 5 простых шагов, советы по уходу и когда пора звонить в сервис. Рекомендации ПроМастер.",sovety,Ремонт холодильников,"продлить жизнь холодильнику, профилактика холодильника, ремонт холодильников, уход за холодильником, чистка конденсатора, замена уплотнителя, частые вопросы холодильник",2026-07-28
poshagovaya-instrukciya-po-zamene-slivnogo-nasosa-v-posudomoechnoy-mas,Как заменить сливной насос в посудомойке своими руками: инструкция | ПроМастер,Пошаговая инструкция по замене сливного насоса в посудомоечной машине своими руками,"Подробная инструкция по замене сливного насоса (помпы) в посудомоечной машине. Узнайте причины неисправности, что можно проверить самому, когда вызывать мастера. Практические советы и цены.",instrukcia,Ремонт посудомоечных машин,"замена сливного насоса посудомоечной машины, ремонт посудомойки своими руками, сливная помпа посудомоечная машина, инструкция замена насоса, причины не сливает воду, ПроМастер",2026-07-28
invertornyy-ili-obychnyy-kompressor-chto-vybrat-dlya-tihoy-stirki,Инверторный или обычный компрессор в стиральной машине: что выбрать для тихой стирки | ПроМастер,Инверторный или обычный компрессор: что выбрать для тихой стирки,"Сравнение инверторного и обычного компрессора в стиральной машине: уровень шума, надёжность, цена. Советы по выбору тихой модели и когда нужен ремонт.",vybor,Ремонт стиральных машин,"инверторный компрессор, обычный компрессор, тихая стиральная машина, ремонт стиральных машин, выбор стиральной машины, шум стирки, ПроМастер",2026-07-28
kak-proverit-utechku-toka-na-korpus-stiralnoy-mashiny-multimetrom-posh,Как проверить утечку тока на корпус стиральной машины мультиметром | ПроМастер,Как проверить утечку тока на корпус стиральной машины мультиметром: пошаговая инструкция,"Узнайте, как самостоятельно проверить утечку тока на корпус стиральной машины с помощью мультиметра. Пошаговая инструкция, причины неисправности и советы по вызову мастера.",instrukcia,Ремонт стиральных машин,"утечка тока, стиральная машина, мультиметр, проверка, ремонт, неисправность, электричество",2026-07-29
pochemu-vodonagrevatel-svistit-i-gudit-3-chastye-prichiny-i-chto-delat,Почему водонагреватель свистит и гудит: 3 частые причины и что делать | ПроМастер,Почему водонагреватель свистит и гудит: 3 частые причины и что делать,"Узнайте, почему водонагреватель свистит и гудит: накипь, неисправность ТЭНа, проблемы с водой. Практические советы, когда звать мастера и ориентиры по цене ремонта.",sovety,Ремонт водонагревателей,"водонагреватель свистит, водонагреватель гудит, причины шума водонагревателя, ремонт водонагревателя, накипь в бойлере, неисправность ТЭНа, ПроМастер",2026-07-29
skolko-stoit-remont-televizora-s-razbitym-ekranom-v-2025-menyat-matric,Сколько стоит ремонт телевизора с разбитым экраном: матрица или новый в 2025 | ПроМастер,Сколько стоит ремонт телевизора с разбитым экраном в 2025: менять матрицу или купить новый,"Узнайте, сколько стоит ремонт телевизора с разбитым экраном в 2025. Когда выгоднее менять матрицу, а когда — покупать новый. Советы мастера и цены.",ceny,Ремонт телевизоров,"ремонт телевизора с разбитым экраном, замена матрицы телевизора цена, сколько стоит ремонт телевизора, новый телевизор или ремонт, цены на ремонт телевизоров 2025",2026-07-29
kak-zamenit-rozetku-v-kvartire-bez-vyzova-elektrika-poshagovaya-instru,Как заменить розетку в квартире без вызова электрика: пошаговая инструкция | ПроМастер,Как заменить розетку в квартире без вызова электрика: пошаговая инструкция от А до Я,"Узнайте, как безопасно заменить розетку в квартире своими руками. Пошаговая инструкция, частые вопросы, когда нужен мастер и ориентиры по цене. Советы от сервиса ПроМастер.",instrukcia,Электрик,"замена розетки, как заменить розетку, замена розетки своими руками, электрик на дом, инструкция по замене розетки, безопасная замена розетки, ПроМастер",2026-07-30
stiralnaya-mashina-ne-greet-vodu-5-prichin-kotorye-mozhno-proverit-sam,"Стиральная машина не греет воду: 5 причин, которые можно проверить самому | ПроМастер","Стиральная машина не греет воду: 5 причин, которые можно проверить самому","Узнайте 5 основных причин, почему стиральная машина не греет воду. Простые советы по самостоятельной проверке, когда вызывать мастера и ориентировочные цены на ремонт.",sovety,Ремонт стиральных машин,"стиральная машина не греет воду, причины, проверка, ремонт, ТЭН, модуль управления, цена ремонта, ПроМастер",2026-07-30
kakoy-kondicioner-vybrat-dlya-spalni-invertor-uroven-shuma-i-pravilnay,"Как выбрать кондиционер для спальни: инвертор, шум, установка | ПроМастер","Какой кондиционер выбрать для спальни: инвертор, уровень шума и правильная установка","Выбираем кондиционер в спальню: плюсы инвертора, нормы шума, ошибки установки. Практические советы и ответы на вопросы от сервиса ПроМастер.",vybor,Ремонт кондиционеров,"кондиционер для спальни, инверторный кондиционер, уровень шума кондиционера, установка кондиционера, ремонт кондиционеров, тихий кондиционер, выбор сплит-системы",2026-07-30
kak-pravilno-izmerit-davlenie-v-gidroakkumulyatore-i-kogda-ego-podkach,Как измерить давление в гидроаккумуляторе и когда подкачивать | ПроМастер,Как правильно измерить давление в гидроаккумуляторе и когда его подкачивать,"Пошаговая инструкция: как проверить давление в гидроаккумуляторе, какие показатели считаются нормой, признаки неисправности и когда нужен мастер. Советы от ПроМастер.",instrukcia,Сантехник,"давление в гидроаккумуляторе, как измерить давление, подкачать гидроаккумулятор, проверка гидроаккумулятора, настройка реле давления, норма давления, гидроаккумулятор не держит давление",2026-07-31
stiralnaya-mashina-stuchit-pri-otzhime-chto-proverit-do-vyzova-mastera,Стиральная машина стучит при отжиме: 7 причин | ПроМастер,Стиральная машина стучит при отжиме: что проверить до вызова мастера,"Стиральная машина сильно стучит и прыгает при отжиме? Разбираем 7 основных причин: от перекоса барабана до посторонних предметов. Что починить самому, а когда нужен мастер.",remont,Ремонт стиральных машин,"стиральная машина стучит при отжиме, почему стиралка прыгает, ремонт стиральных машин, посторонний предмет в баке, противовес стиральной машины, подшипники барабана, мастер по стиральным машинам",2026-07-31
kak-vybrat-holodilnik-po-klassu-energoeffektivnosti-ekonomiya-bez-pote,Как выбрать холодильник по энергоэффективности | ПроМастер,Как выбрать холодильник по классу энергоэффективности: экономия без потери качества,"Разбираем классы энергоэффективности холодильников: что означают A, B, C и новые стандарты, как реально сэкономить на электричестве и когда стоит звать мастера. Практические советы.",vybor,Ремонт холодильников,"класс энергоэффективности холодильника, выбор холодильника, экономия электроэнергии, ремонт холодильников, энергопотребление, класс A+++, как выбрать холодильник",2026-07-31
pochemu-vybivaet-uzo-pri-vklyuchenii-posudomoechnoy-mashiny-poshagovay,Почему выбивает УЗО при включении посудомойки: диагностика | ПроМастер,Почему выбивает УЗО при включении посудомоечной машины: пошаговая диагностика,"Разбираем причины срабатывания УЗО при запуске посудомоечной машины. Пошаговая инструкция, что проверить самостоятельно, когда нужен мастер и ориентиры по цене ремонта.",instrukcia,Ремонт посудомоечных машин,"выбивает УЗО посудомоечная машина, почему срабатывает УЗО, диагностика посудомойки, ремонт посудомоечной машины, утечка тока, неисправность тэна посудомойки",2026-08-01
skolko-stoit-zamena-ventilyatora-v-holodilnike-v-2025-godu,Замена вентилятора в холодильнике: цена детали и работы 2025 | ПроМастер,Сколько стоит замена вентилятора в холодильнике в 2025 году,"Узнайте, сколько стоит замена вентилятора в холодильнике в 2025 году: цены на деталь, работу мастера, как сэкономить и когда вызывать специалиста. Ориентиры от ПроМастер.",ceny,Ремонт холодильников,"замена вентилятора холодильника цена, стоимость замены вентилятора, ремонт холодильника вентилятор, цена вентилятора для холодильника, замена вентилятора на дому, сколько стоит заменить вентилятор, ремонт холодильников 2025",2026-08-01
kak-vybrat-lampochku-dlya-televizora-led-podsvetka-tipy-moschnost-sovm,"Как выбрать LED-подсветку для телевизора: типы, мощность, совместимость | ПроМастер","Как выбрать лампочку для телевизора (LED-подсветка): типы, мощность, совместимость","Разбираемся, как подобрать LED-подсветку для телевизора: типы, мощность, как проверить совместимость, что можно сделать самому и когда нужен мастер. Ориентиры по ценам.",vybor,Ремонт телевизоров,"LED-подсветка для телевизора, замена подсветки, подбор лампочек, совместимость подсветки, мощность LED, ремонт телевизоров",2026-08-01
pochemu-stiralnaya-mashina-ne-slivaet-vodu-3-proverennyh-sposoba-diagn,Почему стиральная машина не сливает воду: 3 способа | ПроМастер,Почему стиральная машина не сливает воду: 3 проверенных способа диагностики,"Разбираем 3 основные причины, почему стиральная машина не сливает воду. Пошаговая диагностика сливного фильтра, шланга и насоса. Когда нужен мастер и цена ремонта.",instrukcia,Ремонт стиральных машин,"стиральная машина не сливает воду, почему не сливает вода, ремонт слива стиральной машины, чистка фильтра стиральной машины, замена сливного насоса, ПроМастер",2026-08-02
kak-vybrat-stabilizator-napryazheniya-dlya-gazovogo-kotla-i-nasosa,Выбор стабилизатора для газового котла и насоса: расчет + топ-3 | ПроМастер,Как выбрать стабилизатор напряжения для газового котла и насоса,"Расчет мощности стабилизатора для котла и насоса, критерии выбора, обзор 3 лучших моделей 2025 года, частые вопросы и советы мастера.",vybor,Электрик,"стабилизатор для газового котла, расчет мощности стабилизатора, стабилизатор для насоса, рейтинг стабилизаторов 2025, как выбрать стабилизатор, стабилизатор для отопления, ПроМастер",2026-08-02
kak-ubrat-zapah-kanalizacii-iz-stiralnoy-mashiny,Как убрать запах канализации из стиральной машины: чистка фильтра и шланга | ПроМастер,Как убрать запах канализации из стиральной машины,"Пошаговая инструкция: чистим фильтр, сливной шланг и патрубок. Разбираем причины запаха канализации, отвечаем на частые вопросы и называем цены на ремонт.",instrukcia,Ремонт стиральных машин,"запах канализации из стиральной машины, чистка фильтра стиральной машины, чистка сливного шланга, почему воняет стиральная машина, ремонт стиральных машин на дому",2026-08-03
pochemu-holodilnik-stal-morozit-slishkom-silno-i-produkty-primerzayut-,Почему холодильник сильно морозит: настройка термостата и датчика | ПроМастер,Почему холодильник стал морозить слишком сильно и продукты примерзают к задней стенке,"Причины сильной заморозки в холодильнике: настройка термостата, проверка датчика температуры, неисправности. Советы по самостоятельной диагностике и когда нужен мастер.",remont,Ремонт холодильников,"холодильник сильно морозит, продукты примерзают к задней стенке, настройка термостата холодильника, проверка датчика температуры, ремонт холодильников на дому",2026-08-03
kak-vybrat-stabilizator-napryazheniya-dlya-holodilnika-i-stiralnoy-mas-l9sg,Как выбрать стабилизатор для холодильника и стиральной машины | ПроМастер,Как выбрать стабилизатор напряжения для холодильника и стиральной машины: расчёт мощности,"Подробный гид: как рассчитать мощность стабилизатора для холодильника и стиральной машины, учесть пусковые токи и избежать ошибок. Советы электрика.",vybor,Электрик,"стабилизатор напряжения для холодильника, стабилизатор для стиральной машины, расчёт мощности стабилизатора, выбор стабилизатора, пусковые токи, стабилизатор для бытовой техники",2026-08-03
pochemu-posudomoechnaya-mashina-ne-otkryvaetsya-posle-cikla-prichiny-i,Почему не открывается посудомойка после цикла и как снять блокировку | ПроМастер,Почему посудомоечная машина не открывается после цикла: причины и способы снятия блокировки,"Разбираем причины, по которым дверца посудомоечной машины не открывается после мойки. Даем пошаговые инструкции, как снять блокировку самостоятельно, и когда нужен мастер. Цены на ремонт.",instrukcia,Ремонт посудомоечных машин,"не открывается посудомоечная машина, блокировка дверцы посудомойки, как открыть посудомойку, снять блокировку ПММ, ремонт посудомоечных машин, ПроМастер",2026-08-04
kak-pravilno-ustanovit-posudomoechnuyu-mashinu-pod-stoleshnicu,Как установить посудомоечную машину под столешницу: инструкция | ПроМастер,Как правильно установить посудомоечную машину под столешницу,"Пошаговая инструкция по установке посудомоечной машины под столешницу: подключение к канализации, электрике и водопроводу. Советы мастера, частые ошибки и цена вопроса.",instrukcia,Сантехник,"установка посудомоечной машины, подключение посудомойки, как врезать посудомоечную машину, подключение к канализации, электрика для пмм, сантехник на дом",2026-08-04
skolko-stoit-zamena-ventilyatora-v-holodilnike-v-2025-godu-16a2,Замена вентилятора в холодильнике: цены 2025 | ПроМастер,Сколько стоит замена вентилятора в холодильнике в 2025 году,"Разбираем цены на замену вентилятора в холодильнике в 2025 году: стоимость деталей, работы мастера, диагностика. Узнайте, когда можно обойтись без ремонта и как не переплатить.",ceny,Ремонт холодильников,"замена вентилятора в холодильнике цена, стоимость замены вентилятора, ремонт холодильника цена 2025, вентилятор в холодильнике не крутится, сколько стоит замена вентилятора, диагностика холодильника цена",2026-08-04
pochemu-televizor-ne-vidit-pristavku-po-hdmi-poshagovaya-nastroyka-ist,Почему ТВ не видит приставку по HDMI: настройка источника | ПроМастер,Почему телевизор не видит приставку по HDMI: пошаговая настройка источника сигнала,"Разбираем причины, почему телевизор не видит ТВ-приставку по HDMI. Пошаговая инструкция по настройке источника сигнала, частые ошибки и когда нужен мастер. Цены на ремонт.",instrukcia,Ремонт телевизоров,"телевизор не видит приставку hdmi, настройка источника сигнала hdmi, почему нет сигнала с приставки, ремонт hdmi порта телевизора, ПроМастер",2026-08-05
vybiraem-smesitel-s-keramicheskim-kartridzhem-resurs-kachestvo-i-prizn,Как выбрать смеситель с керамическим картриджем: срок службы и замена | ПроМастер,"Выбираем смеситель с керамическим картриджем: ресурс, качество и признаки замены","Рассказываем, как выбрать смеситель с керамическим картриджем: реальный срок службы, критерии выбора, признаки износа и когда пора вызывать сантехника. Советы и цены.",vybor,Сантехник,"керамический картридж, выбрать смеситель, срок службы картриджа, замена картриджа, признаки износа картриджа, сантехник на дом",2026-08-05
pochemu-holodilnik-ne-morozit-a-kompressor-goryachiy-diagnostika-za-10,"Холодильник не морозит, компрессор горячий: диагностика за 10 минут | ПроМастер","Почему холодильник не морозит, а компрессор горячий: диагностика за 10 минут","Компрессор горячий, но холодильник не морозит? Проведите экспресс-диагностику за 10 минут: проверьте испаритель, конденсатор, реле и уплотнитель. Когда вызывать мастера и сколько это стоит — читайте в статье.",sovety,Ремонт холодильников,"холодильник не морозит, компрессор горячий, диагностика холодильника, ремонт холодильников, неисправности холодильника, почему не холодит, ПроМастер",2026-08-06
menyaem-kuhonnyy-smesitel-bez-perekrytiya-stoyaka-rabochiy-layfhak,Как заменить смеситель без перекрытия стояка | ПроМастер,Меняем кухонный смеситель без перекрытия стояка: рабочий лайфхак,"Узнайте, как заменить смеситель на кухне, не перекрывая воду в стояке. Пошаговая инструкция с шаровым краном, частые ошибки и советы сантехника. Цены на услуги.",instrukcia,Сантехник,"замена смесителя, без перекрытия стояка, шаровый кран, лайфхак сантехника, замена крана на кухне, как поменять смеситель, сантехник на дом",2026-08-06
skolko-stoit-zamena-provodki-v-odnokomnatnoy-kvartire-pod-klyuch-smeta,Сколько стоит замена проводки в однушке: смета 2025 | ПроМастер,Сколько стоит замена проводки в однокомнатной квартире под ключ: смета 2025,"Актуальные цены на замену электропроводки в однушке в 2025 году: разбор сметы, этапы работ, скрытые расходы. Советы по экономии и проверке электрика.",ceny,Электрик,"замена проводки цена, смета на электромонтаж, однокомнатная квартира, расценки электрика 2025, электромонтаж под ключ",2026-08-06
pochemu-stiralnaya-mashina-pahnet-syrostyu-5-skrytyh-mest-kotorye-nuzh,Почему стиральная машина пахнет сыростью: 5 скрытых мест | ПроМастер,"Почему стиральная машина пахнет сыростью: 5 скрытых мест, которые нужно чистить","Запах сырости из стиральной машины: 5 неочевидных зон загрязнения. Пошаговая очистка, профилактика и когда нужен мастер. Решаем проблему быстро.",sovety,Ремонт стиральных машин,"запах сырости стиральная машина, как убрать запах, чистка стиральной машины, скрытые места загрязнения, профилактика плесени, ремонт стиральных машин",2026-08-07
kak-zamenit-prokladku-v-posudomoechnoy-mashine-i-ustranit-tech,Замена прокладки посудомоечной машины: когда это решает протечку | ПроМастер,Как заменить прокладку в посудомоечной машине и устранить течь,"Разбираем, когда замена прокладки в посудомойке решает проблему протечки. Причины износа, пошаговая диагностика, признаки неисправности и когда нужен мастер.",remont,Ремонт посудомоечных машин,"замена прокладки посудомоечной машины, протечка посудомойки, ремонт посудомоечной машины, течь под дверцей, уплотнитель посудомоечной машины, почему течет посудомойка",2026-08-07
kak-vybrat-elektricheskiy-chaynik-materialy-korpusa-i-tip-nagrevatelya,Как выбрать электрический чайник: корпус и нагреватель | ПроМастер,Как выбрать электрический чайник: материалы корпуса и тип нагревателя,"Разбираем, какой чайник лучше: стекло, металл или пластик, закрытый или открытый нагреватель. Советы мастера по выбору, проверке и ремонту. Ориентиры по цене.",vybor,Мастер на час,"выбор электрического чайника, материал корпуса чайника, нагреватель для чайника, дисковый нагреватель, спираль в чайнике, ремонт чайника, мастер на час",2026-08-07
holodilnik-ne-morozit-no-kompressor-rabotaet-6-shagov-diagnostiki-do-v,"Холодильник не морозит, но компрессор работает: 6 шагов диагностики | ПроМастер","Холодильник не морозит, но компрессор работает: 6 шагов диагностики до вызова мастера","Почему холодильник не морозит, если компрессор гудит? 6 шагов самостоятельной диагностики: от проверки двери до датчиков. Когда нужен мастер, ориентиры по цене.",instrukcia,Ремонт холодильников,"холодильник не морозит, компрессор работает, диагностика холодильника, ремонт холодильников, не холодит, причины, что проверить",2026-08-08
kak-vybrat-posudomoechnuyu-mashinu-po-tipu-zagruzki-polnogabaritnaya-u,Как выбрать посудомойку по типу загрузки: советы | ПроМастер,"Как выбрать посудомоечную машину по типу загрузки: полногабаритная, узкая или компактная","Разбираем, чем отличаются полногабаритные, узкие и компактные посудомоечные машины. Что реально нужно для вашей кухни и семьи, как не переплатить и когда звать мастера.",vybor,Ремонт посудомоечных машин,"выбор посудомоечной машины, полногабаритная или узкая, компактная посудомойка, тип загрузки посудомойки, ремонт посудомоечных машин",2026-08-08
skolko-stoit-zamena-ventilyatora-v-holodilnike-v-2025-godu-spac,Замена вентилятора в холодильнике: цена работы и детали в 2025 | ПроМастер,Сколько стоит замена вентилятора в холодильнике в 2025 году,"Разбираем цены на замену вентилятора в холодильнике в 2025 году: стоимость детали, работы мастера и как сэкономить без потери качества. Ориентиры и советы.",ceny,Ремонт холодильников,"замена вентилятора в холодильнике цена, стоимость замены вентилятора, ремонт холодильника вентилятор, цена вентилятора для холодильника, замена вентилятора мастер, ремонт холодильников цена 2025",2026-08-08
pochemu-stiralnaya-mashina-ne-otkryvaetsya-posle-stirki-i-kak-razbloki,Не открывается дверца стиральной машины: 4 способа разблокировки | ПроМастер,Почему стиральная машина не открывается после стирки и как разблокировать люк,Разбираем причины блокировки люка стиральной машины после стирки. 4 рабочих способа разблокировки дверцы своими руками + когда нужен мастер. Цены на ремонт.,instrukcia,Ремонт стиральных машин,"не открывается дверца стиральной машины, разблокировка люка стиральной машины, почему не открывается люк, блокировка УБЛ, ремонт стиральной машины на дому",2026-08-09
skolko-stoit-zamena-remnya-v-stiralnoy-mashine-v-2025-godu,Замена ремня в стиральной машине: цена в 2025 | ПроМастер,Сколько стоит замена ремня в стиральной машине в 2025 году,"Актуальные цены на ремень и работу по замене в 2025 году. Что влияет на стоимость, как проверить ремень самостоятельно и когда вызывать мастера. Подробный разбор.",ceny,Ремонт стиральных машин,"замена ремня стиральной машины цена, стоимость замены ремня, ремень для стиральной машины цена, ремонт стиральной машины цена, замена ремня самостоятельно, ремень привода стиральной машины, ПроМастер",2026-08-09
kak-vybrat-holodilnik-s-sistemoy-no-frost-plyusy-minusy-i-5-kriteriev,"Как выбрать холодильник No Frost: плюсы, минусы и 5 критериев | ПроМастер","Как выбрать холодильник с системой No Frost: плюсы, минусы и 5 критериев","Разбираем систему No Frost: как работает, преимущества и недостатки, 5 критериев выбора, частые вопросы и когда нужен ремонт холодильника.",vybor,Ремонт холодильников,"холодильник no frost, как выбрать холодильник, плюсы no frost, минусы no frost, критерии выбора холодильника, ремонт холодильников",2026-08-09
pochemu-stiralnaya-mashina-ne-otzhimaet-bele-5-prichin-kotorye-mozhno-,Почему стиральная машина не отжимает белье: 5 причин | ПроМастер,"Почему стиральная машина не отжимает белье: 5 причин, которые можно проверить самому","Разбираем 5 частых причин, почему стиральная машина не отжимает белье. Что можно проверить самостоятельно, а когда нужен мастер. Советы и ориентиры по цене ремонта.",sovety,Ремонт стиральных машин,"стиральная машина не отжимает, причины не отжимает, проверка самостоятельно, ремонт стиральных машин, не сливает воду, барабан не крутится, код ошибки",2026-08-10
kak-zamenit-uplotnitelnuyu-rezinku-manzhetu-stiralnoy-mashiny,Замена манжеты стиральной машины своими руками | ПроМастер,Как заменить уплотнительную резинку (манжету) стиральной машины,"Пошаговая инструкция по замене манжеты стиральной машины: диагностика, снятие старой резинки, установка новой, частые ошибки и советы мастера. Цены на услугу.",instrukcia,Ремонт стиральных машин,"замена манжеты стиральной машины, как поменять уплотнительную резинку, замена резинки стиралки, снять манжету, установка манжеты, ремонт стиральной машины",2026-08-10
televizor-ne-vklyuchaetsya-i-migaet-krasnaya-lampochka-rasshifrovka-ko,"Телевизор не включается, мигает красная лампочка: коды ошибок | ПроМастер",Телевизор не включается и мигает красная лампочка: расшифровка кодов и что делать,"Разбираемся, почему телевизор не включается и мигает красный индикатор. Расшифровка кодов ошибок, самостоятельная диагностика, когда нужен мастер и ориентиры по цене ремонта.",remont,Ремонт телевизоров,"телевизор не включается, мигает красная лампочка, коды ошибок телевизор, ремонт телевизоров, диагностика телевизора, мастер по телевизорам, ПроМастер",2026-08-10
kak-vybrat-elektrika-dlya-remonta-5-voprosov-kotorye-vyyavyat-diletant,Как выбрать электрика для ремонта: 5 вопросов дилетанту | ПроМастер,"Как выбрать электрика для ремонта: 5 вопросов, которые выявят дилетанта","Узнайте, как проверить квалификацию электрика до начала работ. 5 ключевых вопросов, которые помогут избежать ошибок, переделок и лишних расходов при ремонте.",vybor,Электрик,"выбор электрика, как выбрать электрика, вопросы электрику, проверка электрика, электрик на ремонт, советы по ремонту, ПроМастер",2026-08-11
pochemu-holodilnik-schelkaet-i-vyklyuchaetsya-ischem-prichinu-v-rele-i,Почему холодильник щелкает и выключается: реле и компрессор | ПроМастер,Почему холодильник щелкает и выключается: ищем причину в реле и компрессоре,"Разбираем причины, почему холодильник щелкает и сразу выключается. Самостоятельная диагностика реле, компрессора и термостата. Когда нужен мастер и сколько стоит ремонт.",remont,Ремонт холодильников,"холодильник щелкает и выключается, реле холодильника, компрессор холодильника, диагностика холодильника, ремонт холодильника на дому, холодильник не запускается",2026-08-11
vodonagrevatel-ne-otklyuchaetsya-pri-nagreve-kak-proverit-termostat-i-,Водонагреватель не отключается: проверка термостата и защита от перегрева | ПроМастер,Водонагреватель не отключается при нагреве: как проверить термостат и не сжечь бойлер,"Пошаговая инструкция: почему бойлер греет воду без остановки, как самостоятельно проверить термостат мультиметром, признаки неисправности ТЭНа и когда вызывать мастера из ПроМастер.",instrukcia,Ремонт водонагревателей,"водонагреватель не отключается, проверка термостата бойлера, ремонт водонагревателей, неисправен термостат, бойлер греет постоянно, замена термостата, ПроМастер",2026-08-11
kak-prodlit-srok-sluzhby-stiralnoy-mashiny-10-privychek,Как продлить срок службы стиральной машины: 10 привычек | ПроМастер,Как продлить срок службы стиральной машины: 10 привычек,"10 простых привычек, которые продлят жизнь стиральной машине. Что проверить самостоятельно, когда вызывать мастера и сколько стоит ремонт. Советы от ПроМастер.",sovety,Ремонт стиральных машин,"продлить срок службы стиральной машины, уход за стиральной машиной, профилактика стиральной машины, чистка стиральной машины, ремонт стиральных машин, советы по стирке, срок службы стиральной машины",2026-08-12
kak-vybrat-elektricheskiy-chaynik-materialy-moschnost-i-bezopasnost,"Как выбрать электрический чайник: материалы, мощность и безопасность | ПроМастер","Как выбрать электрический чайник: материалы, мощность и безопасность","Подробный гид по выбору электрического чайника: материалы корпуса, мощность, функции безопасности. Советы, как проверить устройство и когда звать мастера.",vybor,Мастер на час,"выбор электрического чайника, материал корпуса чайника, мощность чайника, безопасность чайника, ремонт чайника, мастер на час",2026-08-12
skolko-stoit-zamena-podshipnika-v-stiralnoy-mashine-v-2025-godu,Замена подшипника в стиральной машине: цена 2025 | ПроМастер,Сколько стоит замена подшипника в стиральной машине в 2025 году,"Актуальные цены на замену подшипника в стиральной машине в 2025 году. Разбираем, из чего складывается стоимость, как сэкономить и когда ремонт нецелесообразен. Советы мастеров.",ceny,Ремонт стиральных машин,"замена подшипника стиральная машина цена, стоимость замены подшипника, ремонт стиральной машины цена 2025, сколько стоит заменить подшипник, замена подшипника барабана цена, ремонт стиралки на дому",2026-08-12
kak-ubrat-zapah-gari-iz-stiralnoy-mashiny-posle-zamykaniya-provodki,Как убрать запах гари из стиральной машины после замыкания | ПроМастер,Как убрать запах гари из стиральной машины после замыкания проводки,"Пошаговая инструкция: как безопасно проверить стиральную машину после замыкания, диагностировать ТЭН, убрать запах гари и когда вызывать мастера. Цены на замену ТЭНа.",remont,Ремонт стиральных машин,"запах гари из стиральной машины, замена ТЭНа, замыкание проводки стиральная машина, ремонт стиральных машин, почему пахнет гарью, диагностика ТЭНа",2026-08-13
pochemu-holodilnik-plachet-i-kak-ubrat-luzhu-pod-yaschikami-dlya-ovosc,Почему холодильник «плачет» и образуется лужа: чистка дренажа | ПроМастер,Почему холодильник «плачет» и как убрать лужу под ящиками для овощей,Разбираем причины образования лужи в холодильнике: засор дренажного отверстия. Пошаговая инструкция по чистке своими руками и когда нужен мастер.,instrukcia,Ремонт холодильников,"чистка дренажного отверстия холодильника, холодильник плачет, лужа под ящиками для овощей, засор дренажа, ремонт холодильника своими руками",2026-08-13
skolko-stoit-zamena-platy-upravleniya-v-stiralnoy-mashine-i-kak-otlich,Замена платы управления стиральной машины: цена 2025 | ПроМастер,Сколько стоит замена платы управления в стиральной машине и как отличить её поломку от обрыва проводки,"Узнайте, сколько стоит замена платы управления в стиральной машине в 2025 году. Как самостоятельно отличить неисправность модуля от обрыва проводки. Ориентиры цен и советы.",ceny,Ремонт стиральных машин,"замена платы управления стиральной машины цена, неисправность модуля стиральной машины, обрыв проводки стиральная машина, ремонт стиральных машин цена 2025, сколько стоит замена модуля управления",2026-08-13
pochemu-kofemashina-perestala-molot-zerna,Почему кофемашина не мелет зерна: причины и решения | ПроМастер,Почему кофемашина перестала молоть зерна,"Разбираем причины, почему кофемашина не мелет зерна: от засоров до поломки жерновов. Советы по самостоятельной диагностике и когда нужен ремонт. Цены на услуги.",remont,Ремонт кофемашин,"кофемашина не мелет зерна, ремонт кофемашины, жернова кофемашины, засор кофемолки, не включается помол, диагностика кофемашины",2026-08-14
kak-vybrat-televizor-v-2025-godu-klyuchevye-harakteristiki,Как выбрать телевизор в 2025 году: советы эксперта | ПроМастер,Как выбрать телевизор в 2025 году: ключевые характеристики,"Разбираем, какой телевизор купить в 2025 году: матрица, разрешение, HDMI 2.1, Smart TV. Практические советы и частые ошибки при выборе.",vybor,Ремонт телевизоров,"выбор телевизора, какой телевизор лучше, характеристики телевизора, матрица QLED или OLED, HDMI 2.1, ремонт телевизоров на дому",2026-08-14
diagnostika-kondicionera-s-vyezdom-mastera-realnye-ceny-2025-goda,Сколько стоит диагностика кондиционера с выездом в 2025 | ПроМастер,Диагностика кондиционера с выездом мастера: реальные цены 2025 года,"Узнайте, сколько стоит диагностика кондиционера с выездом мастера в 2025 году. Разбираем цены, что входит в услугу и как не переплатить. Полезные советы от ПроМастер.",ceny,Ремонт кондиционеров,"диагностика кондиционера цена, выезд мастера кондиционер, стоимость диагностики сплит-системы, ремонт кондиционеров цены 2025, сколько стоит диагностика кондиционера, вызвать мастера по кондиционеру",2026-08-14
kak-ustranit-tech-v-meste-soedineniya-sifona-pod-moykoy-poshagovaya-in,Как устранить течь сифона под мойкой: инструкция | ПроМастер,Как устранить течь в месте соединения сифона под мойкой: пошаговая инструкция,"Разбираем причины протечки сифона под мойкой. Пошаговая инструкция по устранению течи своими руками: замена прокладок, подтяжка гаек, герметик. Когда нужен сантехник и цена вопроса.",instrukcia,Сантехник,"течь сифона, протекает сифон под мойкой, как устранить течь сифона, ремонт сифона, прокладка сифона, замена сифона, сантехник на дом",2026-08-15
stiralnaya-mashina-pahnet-zathlostyu-dazhe-posle-chistki-skrytye-prich,Как убрать запах из стиральной машины после чистки | ПроМастер,Стиральная машина пахнет затхлостью даже после чистки: скрытые причины,"Почему стиральная машина пахнет после чистки? Разбираем скрытые причины: фильтр, патрубки, нагреватель, неправильная установка. Советы, как устранить запах и когда звать мастера.",sovety,Ремонт стиральных машин,"запах стиральной машины, затхлый запах, чистка стиральной машины, скрытые причины, ремонт стиральных машин, ПроМастер, как убрать запах",2026-08-15
holodilnik-ne-holodit-no-morozilka-rabotaet-4-veroyatnye-neispravnosti,"Холодильник не холодит, но морозилка работает: 4 причины | ПроМастер","Холодильник не холодит, но морозилка работает: 4 вероятные неисправности","Почему холодильник перестал морозить в основной камере, а морозилка работает? Разбираем 4 частые причины: от засора капиллярной трубки до поломки датчика. Что проверить самому и когда вызывать мастера.",remont,Ремонт холодильников,"холодильник не холодит, морозилка работает, ремонт холодильников, неисправности холодильника, засор капиллярной трубки, датчик температуры, мастер по ремонту холодильников",2026-08-15
podklyuchat-li-posudomoechnuyu-mashinu-k-goryachey-vode-razbor-riskov-,"Подключение посудомойки к горячей воде: плюсы, минусы, риски | ПроМастер",Подключать ли посудомоечную машину к горячей воде: разбор рисков и выгоды,"Разбираем, можно ли подключать посудомоечную машину к горячей воде. Реальные плюсы, минусы, влияние на ТЭН и гарантию. Советы мастера и частые вопросы.",sovety,Ремонт посудомоечных машин,"подключение посудомоечной машины к горячей воде, посудомойка на горячую воду, ТЭН посудомоечной машины, риски подключения, ремонт посудомоечных машин, плюсы и минусы горячей воды",2026-08-16
elektrik-na-chas-kakie-raboty-realno-vypolnit-za-60-minut,Электрик на час: что реально сделать и цена выезда | ПроМастер,Электрик на час: какие работы реально выполнить за 60 минут,"Разбираем, что входит в минимальный выезд электрика, какие задачи реально решить за час и сколько это стоит. Практичные советы и частые вопросы.",ceny,Электрик,"электрик на час, минимальный выезд электрика, цена электрика, вызов электрика, услуги электрика, стоимость работ электрика, электрик срочно",2026-08-16
kak-otkrutit-prikipevshiy-aerator-na-smesitele-4-sposoba-bez-povrezhde,Как открутить прикипевший аэратор: 4 способа без повреждения хрома | ПроМастер,Как открутить прикипевший аэратор на смесителе: 4 способа без повреждения хрома,"Прикипевший аэратор — частая проблема. Узнайте 4 безопасных способа открутить его без повреждения хрома, причины залипания и когда нужен мастер. Советы от ПроМастер.",instrukcia,Сантехник,"открутить аэратор, прикипел аэратор, снять аэратор, смеситель не разбирается, замена аэратора, аэратор прикипел, сантехник на дом",2026-08-16
kak-proverit-dielektricheskuyu-vstavku-na-gazovoy-kolonke-i-kogda-ee-m,Проверка диэлектрической вставки газовой колонки: безопасность и замена | ПроМастер,Как проверить диэлектрическую вставку на газовой колонке и когда её менять,"Пошаговая инструкция: как самостоятельно проверить диэлектрическую вставку на газовой колонке, признаки износа, когда вызывать мастера и сколько стоит замена. Советы от ПроМастер.",instrukcia,Мастер на час,"диэлектрическая вставка, газовая колонка, проверка, замена, безопасность, мастер на час, ПроМастер",2026-08-17
skolko-stoit-zamena-termopary-v-gazovoy-plite-ceny-na-rabotu-i-detali-,Сколько стоит замена термопары в газовой плите: цены 2025 | ПроМастер,Сколько стоит замена термопары в газовой плите: цены на работу и детали в 2025,"Узнайте, сколько стоит замена термопары в газовой плите в 2025 году: цены на работу мастера, стоимость деталей, как проверить неисправность самостоятельно и когда вызывать специалиста.",ceny,Мастер на час,"замена термопары газовая плита, цена замены термопары, стоимость термопары, ремонт газовой плиты, мастер на час, ПроМастер",2026-08-17
pochemu-holodilnik-ne-morozit-no-kompressor-rabotaet-3-skrytye-prichin,"Почему холодильник не морозит, но компрессор работает: 3 скрытые причины | ПроМастер","Почему холодильник не морозит, но компрессор работает: 3 скрытые причины","Разбираем скрытые причины, почему холодильник не морозит при работающем компрессоре. Что проверить самостоятельно, когда вызывать мастера и ориентировочная стоимость ремонта.",sovety,Ремонт холодильников,"холодильник не морозит, компрессор работает, причины неисправности, ремонт холодильников, утечка фреона, терморегулятор, ПроМастер",2026-08-17
gudit-vodonagrevatel-pri-nagreve-4-prichiny-ot-nakipi-do-tena,Гудит водонагреватель при нагреве: 4 причины от накипи до ТЭНа | ПроМастер,Гудит водонагреватель при нагреве: 4 причины от накипи до ТЭНа,"Почему гудит бойлер при нагреве: накипь, воздух, неисправный ТЭН или слабое крепление. Что проверить самому, когда звать мастера, ориентиры по цене ремонта.",remont,Ремонт водонагревателей,"гудит водонагреватель, причины шума бойлера, накипь в бойлере, ремонт ТЭНа, шум при нагреве воды, диагностика водонагревателя, цена ремонта бойлера",2026-08-18
kak-pochistit-kofemashinu-limonnoy-kislotoy-dozirovka-i-poshagovyy-cik,Как почистить кофемашину лимонной кислотой: дозировка и этапы | ПроМастер,Как почистить кофемашину лимонной кислотой: дозировка и пошаговый цикл,"Подробная инструкция: как правильно почистить кофемашину лимонной кислотой в домашних условиях. Дозировка, пошаговый цикл, частые ошибки и когда нужен мастер.",instrukcia,Ремонт кофемашин,"чистка кофемашины лимонной кислотой, как почистить кофемашину, дозировка лимонной кислоты, декальцинация кофемашины, удаление накипи кофемашина",2026-08-18
televizor-schelkaet-i-ne-vklyuchaetsya-proverka-bloka-pitaniya-i-podsv,Телевизор щелкает и не включается: проверка блока питания и подсветки | ПроМастер,Телевизор щелкает и не включается: проверка блока питания и подсветки,"Почему телевизор щелкает и не включается? Разбираем причины: неисправности блока питания и подсветки. Что проверить самостоятельно, когда вызывать мастера, ориентиры по цене ремонта.",remont,Ремонт телевизоров,"телевизор щелкает и не включается, проверка блока питания телевизора, ремонт подсветки телевизора, телевизор не включается причины, ремонт телевизоров на дому",2026-08-18
pochemu-stiralnaya-mashina-ne-otkryvaetsya-posle-stirki-diagnostika-za,Почему стиральная машина не открывается после стирки: диагностика и сброс | ПроМастер,Почему стиральная машина не открывается после стирки: диагностика замка и аварийный сброс,"Разбираем причины блокировки люка стиральной машины после стирки. Как самостоятельно диагностировать замок, выполнить аварийный сброс и когда вызвать мастера ПроМастер.",instrukcia,Ремонт стиральных машин,"не открывается дверца стиральной машины, блокировка люка, сброс ошибки стиральной машины, ремонт замка, диагностика УБЛ, аварийный слив, мастер по стиральным машинам",2026-08-19
oshibka-e1-na-posudomoechnoy-mashine-rasshifrovka-i-poshagovaya-prover,Ошибка E1 на посудомоечной машине: залив воды | ПроМастер,Ошибка E1 на посудомоечной машине: расшифровка и пошаговая проверка залива воды,"Расшифровка ошибки E1 на посудомойке: проблемы с заливом воды. Пошаговая диагностика своими руками: кран, шланг, фильтр, клапан. Когда нужен мастер и цена ремонта.",remont,Ремонт посудомоечных машин,"ошибка e1 посудомоечная машина, код e1 посудомойка, нет залива воды, ремонт заливного клапана, посудомоечная машина не набирает воду, диагностика посудомойки, ремонт посудомоечных машин",2026-08-19
kak-prodlit-srok-sluzhby-holodilnika-posle-razmorozki-nastroyka-rezhim,Как продлить срок службы холодильника после разморозки: настройка и загрузка | ПроМастер,Как продлить срок службы холодильника после разморозки: настройка режима и загрузка продуктов,"Правильная разморозка и запуск холодильника — залог долгой работы без поломок. Рассказываем, как настроить температуру, загрузить продукты и избежать ошибок.",sovety,Ремонт холодильников,"разморозка холодильника, настройка температуры, загрузка продуктов, продлить срок службы, ремонт холодильников, советы по эксплуатации, ПроМастер",2026-08-19
kak-proverit-diodnyy-most-v-stiralnoy-mashine-multimetrom,Как проверить диодный мост в стиральной машине мультиметром | ПроМастер,Как проверить диодный мост в стиральной машине мультиметром,"Пошаговая инструкция: как самостоятельно прозвонить диодный мост в стиральной машине мультиметром. Признаки неисправности, частые ошибки и когда нужен мастер.",instrukcia,Ремонт стиральных машин,"проверка диодного моста стиральной машины, диодный мост мультиметром, прозвонка диодного моста, неисправности диодного моста стиральной машины, ремонт стиральной машины своими руками",2026-08-20
holodilnik-ne-morozit-no-kompressor-rabotaet-proveryaem-isparitel-i-da,"Холодильник не морозит, компрессор работает: испаритель и датчик | ПроМастер","Холодильник не морозит, но компрессор работает: проверяем испаритель и датчик","Почему холодильник гудит, но не морозит? Пошаговая диагностика испарителя, датчика температуры и советы по ремонту. Когда нужен мастер и сколько это стоит.",sovety,Ремонт холодильников,"холодильник не морозит, компрессор работает, проверка испарителя, датчик температуры холодильника, ремонт холодильника, неисправности холодильника, ПроМастер",2026-08-20
kak-vybrat-smesitel-dlya-umyvalnika-s-korotkim-vylivom,Как выбрать смеситель с коротким выливом: 4 критерия | ПроМастер,Как выбрать смеситель для умывальника с коротким выливом,"4 практических критерия выбора смесителя с коротким изливом для раковины: высота, поворот, тип управления и качество. Советы сантехника и частые ошибки.",vybor,Сантехник,"смеситель с коротким выливом, выбор смесителя для умывальника, короткий излив, смеситель для маленькой раковины, критерии выбора смесителя, сантехник на дом",2026-08-20
pochemu-posudomoechnaya-mashina-ne-moet-posudu-v-nizhney-korzine-prove,Почему ПММ не моет посуду в нижней корзине: проверка разбрызгивателя и фильтра | ПроМастер,Почему посудомоечная машина не моет посуду в нижней корзине: проверка разбрызгивателя и фильтра,"Разбираем причины, по которым посудомойка оставляет грязь на тарелках внизу. Пошаговая проверка разбрызгивателя, фильтра и датчика давления. Советы по ремонту и цены.",instrukcia,Ремонт посудомоечных машин,"ремонт посудомоечной машины, нижняя корзина не моет, проверка разбрызгивателя, чистка фильтра посудомойки, не крутится коромысло, ошибка посудомойки, ПроМастер",2026-08-21
kak-vybrat-filtr-dlya-vody-na-kuhnyu-magistralnyy-ili-pod-moyku,Как выбрать фильтр для воды на кухню: магистральный или под мойку | ПроМастер,Как выбрать фильтр для воды на кухню: магистральный или под мойку,"Разбираемся, как выбрать фильтр для воды на кухню: магистральный или под мойку, какие картриджи нужны и как рассчитать ресурс. Практические советы от сантехников ПроМастер.",vybor,Сантехник,"фильтр для воды на кухню, магистральный фильтр, фильтр под мойку, картриджи для фильтра, ресурс фильтра, выбор фильтра для воды, сантехник",2026-08-21
skolko-stoit-zamena-termostata-v-vodonagrevatele-ceny-2025,Сколько стоит замена термостата в водонагревателе: цены 2025 | ПроМастер,Сколько стоит замена термостата в водонагревателе: цены 2025,"Актуальные цены на замену термостата в водонагревателе в 2025 году: стоимость деталей, работа мастера, что влияет на цену. Проверка и ремонт от ПроМастер.",ceny,Ремонт водонагревателей,"замена термостата водонагревателя цена, ремонт водонагревателя, термостат для бойлера цена, замена термостата стоимость 2025, вызвать мастера по ремонту бойлера",2026-08-21
pochemu-stiralnaya-mashina-prygaet-pri-otzhime-balansirovka-i-amortiza,Почему стиральная машина прыгает при отжиме: ремонт своими руками | ПроМастер,Почему стиральная машина прыгает при отжиме: балансировка и амортизаторы,"Причины прыжков стиральной машины при отжиме: дисбаланс, износ амортизаторов, ослабление противовесов. Пошаговая диагностика и ремонт своими руками, когда нужен мастер.",remont,Ремонт стиральных машин,"стиральная машина прыгает, ремонт амортизаторов, балансировка стиральной машины, противовесы, вибрация при отжиме, стиральная машина скачет",2026-08-22
kak-vybrat-posudomoechnuyu-mashinu-dlya-malenkoy-kuhni-shirina-tip-zag,Как выбрать посудомоечную машину для маленькой кухни | ПроМастер,"Как выбрать посудомоечную машину для маленькой кухни: ширина, тип загрузки и функции","Советы по выбору компактной посудомойки: ширина 45 или 60 см, типы загрузки, нужные функции. Как сэкономить и когда звать мастера. Ремонт и установка от ПроМастер.",vybor,Ремонт посудомоечных машин,"выбор посудомоечной машины, узкая посудомойка 45 см, компактная посудомоечная машина, тип загрузки посудомойки, функции посудомоечной машины, ремонт посудомоечных машин, установка посудомойки",2026-08-22
skolko-stoit-chistka-kondicionera-s-demontazhem-bloka-v-2025-godu,Сколько стоит чистка кондиционера с демонтажем в 2025 | ПроМастер,Сколько стоит чистка кондиционера с демонтажем блока в 2025 году,"Актуальные цены на чистку кондиционера со снятием блока в 2025 году. Пошаговый процесс, этапы работ и ответы на частые вопросы. Вызовите мастера из ПроМастер.",ceny,Ремонт кондиционеров,"чистка кондиционера цена 2025, стоимость чистки кондиционера с демонтажем, сколько стоит обслуживание сплит-системы, чистка внутреннего блока кондиционера, прайс на чистку кондиционера, ПроМастер чистка кондиционеров",2026-08-22
kak-prodlit-zhizn-kofemashine-kalendar-chistki-i-zameny-rashodnikov-na,Как продлить жизнь кофемашине: календарь чистки и замены расходников на 2025 год | ПроМастер,Как продлить жизнь кофемашине: календарь чистки и замены расходников на 2025 год,"График обслуживания кофемашины на 2025 год: когда чистить, менять фильтры, уплотнители и другие расходники. Практические советы, цены, признаки неисправностей.",sovety,Ремонт кофемашин,"чистка кофемашины, замена расходников кофемашины, календарь обслуживания кофемашины, ремонт кофемашин, декальцинация, замена уплотнителей, стоимость обслуживания кофемашины",2026-08-23
pochemu-morozilka-prevraschaetsya-v-ledyanuyu-pescheru-remont-sistemy-,Почему морозилка превращается в ледяную пещеру: ремонт No Frost | ПроМастер,Почему морозилка превращается в ледяную пещеру: ремонт системы No Frost своими руками,"Разбираем причины обледенения морозильной камеры в холодильниках No Frost: от засора дренажа до неисправности ТЭНа. Что проверить самому, когда вызывать мастера и сколько стоит ремонт.",remont,Ремонт холодильников,"ремонт No Frost своими руками, морозилка превращается в ледяную пещеру, причины обледенения морозилки, неисправности No Frost, ремонт холодильников на дому, засор дренажа No Frost, замена ТЭНа испарителя",2026-08-23
vybor-posudomoechnoy-mashiny-po-urovnyu-shuma-db-i-ih-znachenie,Как выбрать посудомоечную машину по уровню шума | ПроМастер,Выбор посудомоечной машины по уровню шума: дБ и их значение,"Узнайте, какой уровень шума посудомоечной машины считается нормальным (38–45 дБ), как он влияет на комфорт в квартире и как проверить тишину при покупке. Практические советы.",vybor,Ремонт посудомоечных машин,"уровень шума посудомоечной машины, дБ посудомоечная машина, тихая посудомойка, выбор посудомоечной машины, ремонт посудомоечных машин, шум при работе",2026-08-23
kakoe-davlenie-dolzhno-byt-v-gidroakkumulyatore-i-kak-nastroit-rele,Настройка давления в гидроаккумуляторе и реле насосной станции | ПроМастер,Какое давление должно быть в гидроаккумуляторе и как настроить реле,"Инструкция: какое давление воздуха должно быть в гидроаккумуляторе насосной станции, как проверить и отрегулировать реле своими руками. Советы мастера и цены на услуги.",instrukcia,Мастер на час,"давление в гидроаккумуляторе, настройка реле давления, насосная станция, регулировка реле, проверка гидроаккумулятора",2026-08-24
kak-prodlit-srok-sluzhby-vodonagrevatelya-grafik-zameny-magnievogo-ano,Как продлить срок службы водонагревателя: замена анода и ТЭНа | ПроМастер,Как продлить срок службы водонагревателя: график замены магниевого анода и ТЭНа,"Узнайте, как часто менять магниевый анод и ТЭН в водонагревателе, как продлить его ресурс и избежать поломок. Практические советы и график обслуживания.",sovety,Ремонт водонагревателей,"замена магниевого анода, замена ТЭНа, срок службы водонагревателя, обслуживание бойлера, график замены анода, продлить ресурс водонагревателя",2026-08-24
pochemu-kondicioner-pahnet-syrostyu-chistka-drenazha-i-isparitelya-svo,Почему кондиционер пахнет сыростью: чистка дренажа и испарителя | ПроМастер,Почему кондиционер пахнет сыростью: чистка дренажа и испарителя своими руками,"Узнайте, почему кондиционер пахнет сыростью, как почистить дренаж и испаритель самостоятельно, когда вызывать мастера и сколько это стоит. Практические советы.",remont,Ремонт кондиционеров,"кондиционер пахнет сыростью, чистка дренажа кондиционера, чистка испарителя, запах из кондиционера, ремонт кондиционеров",2026-08-24
stiralnaya-mashina-ne-nabiraet-vodu-6-shagov-proverki-ot-krana-do-klap,Стиральная машина не набирает воду: 6 шагов проверки | ПроМастер,Стиральная машина не набирает воду: 6 шагов проверки от крана до клапана,"Пошаговая инструкция: почему стиральная машина не набирает воду. Проверка крана, фильтра, заливающего клапана и прессостата. Когда нужен мастер и сколько стоит ремонт.",instrukcia,Ремонт стиральных машин,"стиральная машина не набирает воду, нет воды в стиральной машине, проверка заливного клапана, фильтр стиральной машины, ремонт стиральных машин, не поступает вода, прессостат стиральной машины",2026-08-25
kak-vybrat-elektrika-dlya-remonta-5-voprosov-diletantu,Как выбрать электрика: 5 вопросов дилетанту | ПроМастер,Как выбрать электрика для ремонта: 5 вопросов дилетанту,"Не знаете, как проверить квалификацию электрика перед ремонтом? Задайте 5 простых вопросов, которые выявят дилетанта. Советы по цене и безопасности от ПроМастер.",vybor,Электрик,"выбор электрика, как выбрать электрика, проверка электрика, вопросы электрику, ремонт проводки, стоимость услуг электрика, электрик на дом",2026-08-25
skolko-stoit-pereproshit-televizor-cena-obnovleniya-po-i-smart-tv-v-20,Сколько стоит перепрошить телевизор в 2025 | Цены на обновление ПО и Smart TV | ПроМастер,Сколько стоит перепрошить телевизор: цена обновления ПО и Smart TV в 2025 году,"Узнайте актуальные цены на перепрошивку телевизоров в 2025 году. Разбираем стоимость обновления ПО, прошивки Smart TV, причины сбоев и как сэкономить. Советы мастера.",ceny,Ремонт телевизоров,"перепрошить телевизор цена, стоимость прошивки smart tv, обновление ПО телевизора, ремонт телевизора прошивка, сколько стоит перепрошивка, прошивка телевизора цена 2025",2026-08-25
kak-zamenit-uplotnitelnuyu-rezinku-holodilnika-esli-dver-stala-zakryva,Замена уплотнительной резинки холодильника своими руками | ПроМастер,"Как заменить уплотнительную резинку холодильника, если дверь стала закрываться неплотно","Пошаговая инструкция по замене уплотнителя холодильника: признаки износа, подготовка, установка, частые вопросы. Советы по выбору и цене от ПроМастер.",instrukcia,Ремонт холодильников,"замена уплотнительной резинки холодильника, как заменить уплотнитель, дверь холодильника не закрывается, ремонт холодильника, уплотнитель холодильника своими руками, ПроМастер",2026-08-26
suhaya-ili-mokraya-ochistka-kondicionera-chto-vybrat-i-kogda-zvat-mast,Сухая или мокрая очистка кондиционера: что выбрать и когда звать мастера | ПроМастер,Сухая или мокрая очистка кондиционера: что выбрать и когда звать мастера,"Разбираемся, чем отличается сухая и мокрая очистка кондиционера, что можно сделать самостоятельно, а когда нужен мастер. Ориентиры по цене и частые вопросы.",sovety,Ремонт кондиционеров,"очистка кондиционера, сухая очистка, мокрая очистка, чистка сплит-системы, ремонт кондиционеров, обслуживание кондиционера, когда вызывать мастера",2026-08-26
skolko-stoit-zamena-amortizatorov-stiralnoy-mashiny-v-2025-godu,Замена амортизаторов стиральной машины: цена 2025 | ПроМастер,Сколько стоит замена амортизаторов стиральной машины в 2025 году,"Разбираем цены на амортизаторы для стиральных машин и работу мастеров в 2025 году. Узнайте, как сэкономить на ремонте и когда самостоятельная замена невозможна.",ceny,Ремонт стиральных машин,"замена амортизаторов стиральной машины цена, стоимость амортизаторов для стиральной машины, ремонт стиральной машины цена 2025, амортизатор стиральной машины цена, сколько стоит заменить амортизаторы, замена демпферов стиральной машины, вызвать мастера по ремонту стиральных машин",2026-08-26
pochemu-stiralnaya-mashina-vibriruet-i-ezdit-po-vannoy-balansirovka-i-,Почему стиральная машина вибрирует и ездит по ванной: балансировка и амортизаторы | ПроМастер,Почему стиральная машина вибрирует и ездит по ванной: балансировка и замена амортизаторов,"Разбираем причины сильной вибрации стиральной машины: дисбаланс, износ амортизаторов, ослабление противовесов. Что проверить самому и когда вызывать мастера.",sovety,Ремонт стиральных машин,"вибрация стиральной машины, стиральная машина прыгает, замена амортизаторов, балансировка стиральной машины, ремонт стиральных машин, причины вибрации, ПроМастер",2026-08-27
kak-proverit-i-zamenit-puskovoy-kondensator-holodilnika-poshagovaya-in,Как проверить и заменить пусковой конденсатор холодильника: инструкция | ПроМастер,Как проверить и заменить пусковой конденсатор холодильника: пошаговая инструкция,"Подробная инструкция: как самостоятельно проверить и заменить пусковой конденсатор холодильника. Причины неисправности, диагностика, техника безопасности, когда нужен мастер.",instrukcia,Ремонт холодильников,"пусковой конденсатор холодильника, замена конденсатора, проверить конденсатор, ремонт холодильника, неисправности холодильника, диагностика своими руками",2026-08-27
kak-vybrat-varochnuyu-panel-indukciya-steklokeramika-ili-gaz,"Выбор варочной панели: индукция, стеклокерамика или газ | ПроМастер","Как выбрать варочную панель: индукция, стеклокерамика или газ","Сравниваем безопасность, экономичность и удобство индукционных, стеклокерамических и газовых панелей. Практические советы электрика по выбору и подключению.",vybor,Электрик,"выбор варочной панели, индукция или стеклокерамика, безопасность варочной панели, подключение варочной панели, индукционная плита плюсы, электрик на дом",2026-08-27
kak-spasti-kofemashinu-ot-nakipi-pri-zhestkoy-vode-dozirovka-i-grafik-,Как убрать накипь в кофемашине при жесткой воде | ПроМастер,Как спасти кофемашину от накипи при жесткой воде: дозировка и график очистки,Эффективные способы удаления накипи в кофемашине при жесткой воде. Инструкция по дозировке средства и частоте процедуры. Советы по профилактике и ремонту.,sovety,Ремонт кофемашин,"накипь в кофемашине, очистка кофемашины от накипи, жесткая вода, декальцинация кофемашины, дозировка средства от накипи, ремонт кофемашин",2026-08-28
elektrik-na-chas-5-rabot-kotorye-ne-trebuyut-vyzova-mastera,"Электрик на час: 5 работ, которые можно сделать самому | ПроМастер","Электрик на час: 5 работ, которые не требуют вызова мастера","Рассказываем, как самостоятельно заменить выключатель, розетку, люстру, лампочку и удлинитель. Когда можно сэкономить, а когда нужен электрик. Советы и цены.",instrukcia,Электрик,"замена выключателя, установка люстры, замена розетки, электрик на час, самостоятельный ремонт, советы электрика, когда вызывать мастера",2026-08-28
chto-delat-esli-stiralnaya-mashina-ne-slivaet-vodu-i-gudit,Не сливает воду и гудит: проверка улитки и фильтра | ПроМастер,"Что делать, если стиральная машина не сливает воду и гудит","Пошаговая проверка улитки и фильтра стиральной машины при гудении и отсутствии слива. Когда нужен мастер, ориентировочные цены на ремонт.",remont,Ремонт стиральных машин,"стиральная машина не сливает воду, гудит стиральная машина, проверка улитки, чистка фильтра, ремонт стиральных машин, цена ремонта",2026-08-28
kak-udalit-vozdushnuyu-probku-v-sisteme-vodosnabzheniya-poshagovaya-in,Как убрать воздушную пробку в трубах: инструкция | ПроМастер,Как удалить воздушную пробку в системе водоснабжения: пошаговая инструкция для квартиры,"Воздух в кране: почему образуется пробка и как убрать её самостоятельно. Пошаговая инструкция по удалению воздуха из труб, советы и когда нужен сантехник.",instrukcia,Сантехник,"воздушная пробка в трубах, как убрать воздух из водопровода, воздух в кране, удалить воздушную пробку, сантехник на дом, ПроМастер",2026-08-29
pochemu-v-kvartire-pahnet-goreloy-provodkoy-i-chto-mozhno-proverit-sam,Почему пахнет горелой проводкой: проверка розеток и автоматов | ПроМастер,Почему в квартире пахнет горелой проводкой и что можно проверить самостоятельно,"Узнайте, почему в квартире пахнет горелой проводкой. Причины запаха, пошаговая проверка розеток и автоматов без электрика, когда нужен мастер и ориентиры по цене.",sovety,Электрик,"пахнет горелой проводкой, проверка розеток, проверка автоматов, запах гари в квартире, причины запаха проводки, электрик на дом, ПроМастер",2026-08-29
srok-sluzhby-stiralnoy-mashiny-kogda-remont-nevygoden,Срок службы стиральной машины и когда выгоднее купить новую | ПроМастер,Срок службы стиральной машины: когда ремонт невыгоден,"Считаем реальный срок службы стиральной машины в 2025 году. Разбираем, когда ремонт дороже новой техники, что проверить самому и как принять верное решение.",ceny,Ремонт стиральных машин,"срок службы стиральной машины, ремонт или новая стиральная машина, когда выгоднее купить стиральную машину, ресурс стиральной машины, стоимость ремонта стиральной машины, ПроМастер ремонт стиральных машин",2026-08-29
kak-proverit-dielektricheskuyu-vstavku-na-gazovoy-kolonke-i-kogda-ee-m-gd3k,Проверка диэлектрической вставки газовой колонки: инструкция | ПроМастер,Как проверить диэлектрическую вставку на газовой колонке и когда её менять,"Пошаговая инструкция: как самостоятельно проверить диэлектрическую вставку газовой колонки, признаки износа, сроки замены и когда нужен мастер. Советы от ПроМастер.",instrukcia,Мастер на час,"диэлектрическая вставка газовая колонка, проверка вставки, замена диэлектрика, признаки неисправности вставки, искра на корпусе, мастер на час",2026-08-30
pochemu-posudomoyka-ne-sushit-posudu-kondensacionnaya-sushka-turbo-i-r,Почему посудомойка не сушит посуду: причины и ремонт | ПроМастер,"Почему посудомойка не сушит посуду: конденсационная сушка, турбо и ремонт вентилятора","Разбираем причины, почему посудомоечная машина плохо сушит посуду. Конденсационная сушка против турбо, диагностика вентилятора, что проверить самому и когда вызывать мастера.",remont,Ремонт посудомоечных машин,"посудомойка не сушит посуду, конденсационная сушка, турбосушка не работает, ремонт вентилятора посудомойки, посудомоечная машина плохо сушит, причины плохой сушки",2026-08-30
kak-vybrat-stabilizator-napryazheniya-dlya-kondicionera,Выбор стабилизатора для кондиционера: расчет мощности | ПроМастер,Как выбрать стабилизатор напряжения для кондиционера,"Расчет мощности стабилизатора для кондиционера, защита от скачков напряжения. Разбираем типы устройств, частые ошибки и отвечаем на вопросы. Советы электрика.",vybor,Электрик,"стабилизатор для кондиционера, расчет мощности стабилизатора, защита от скачков напряжения, выбор стабилизатора, реле напряжения для кондиционера, инверторный кондиционер стабилизатор",2026-08-30
pochemu-kofemashina-vydaet-oshibku-i-ne-vklyuchaetsya-rasshifrovka-kod,Ошибки кофемашины: расшифровка кодов и сброс | ПроМастер,Почему кофемашина выдает ошибку и не включается: расшифровка кодов и сброс,"Разбираемся, почему кофемашина не включается и выдает ошибку. Расшифровка кодов для популярных брендов, способы сброса и когда нужен мастер. Советы от ПроМастер.",remont,Ремонт кофемашин,"кофемашина ошибка, кофемашина не включается, расшифровка кодов ошибок, сброс ошибки кофемашины, ремонт кофемашин на дому",2026-08-31
kak-vybrat-mastera-na-chas-dlya-melkogo-remonta-7-voprosov-kotorye-ube,Как выбрать мастера на час: 7 вопросов от брака | ПроМастер,"Как выбрать мастера на час для мелкого ремонта: 7 вопросов, которые уберегут от брака","Пошаговая инструкция: 7 ключевых вопросов мастеру на час перед наймом. Как проверить исполнителя, избежать брака и не переплатить. Советы от ПроМастер.",vybor,Мастер на час,"выбор мастера на час, как выбрать мастера, вопросы мастеру на час, проверка мастера, мелкий ремонт, советы по ремонту, ПроМастер",2026-08-31
skolko-stoit-perevesit-dvercu-shkafa-i-otregulirovat-petli-rascenki-ma,Сколько стоит перевесить дверцу шкафа и отрегулировать петли в 2025 | ПроМастер,Сколько стоит перевесить дверцу шкафа и отрегулировать петли: расценки мастера на час в 2025,"Узнайте актуальные цены на регулировку и перевешивание дверцы шкафа в 2025 году. Сравните расценки мастера на час, поймите, когда нужен специалист, и сэкономьте на вызове. Советы от ПроМастер.",ceny,Мастер на час,"перевесить дверцу шкафа цена, регулировка петель стоимость, мастер на час расценки 2025, сколько стоит отрегулировать петли, ремонт мебели на дому, ПроМастер",2026-08-31
zamena-uplotnitelnoy-rezinki-holodilnika-svoimi-rukami-polnoe-rukovods,Замена уплотнительной резинки холодильника своими руками | ПроМастер,Замена уплотнительной резинки холодильника своими руками: полное руководство,"Пошаговая инструкция по замене уплотнителя холодильника: диагностика, демонтаж, установка, частые ошибки. Когда можно справиться самому, а когда нужен мастер. Цены на услуги.",instrukcia,Ремонт холодильников,"замена уплотнительной резинки холодильника, как заменить уплотнитель, магнит на двери холодильника, ремонт холодильника своими руками, уплотнитель не прилегает, замена резинки холодильника цена",2026-09-01
pochemu-kofemashina-delaet-kofe-slabym-i-vodyanistym-7-prichin-i-reshe,Почему кофемашина делает слабый кофе: 7 причин и решений | ПроМастер,Почему кофемашина делает кофе слабым и водянистым: 7 причин и решений,"Кофе стал водянистым? Разбираем 7 основных причин: от помола до засора. Что проверить самому, когда нужен мастер и сколько стоит ремонт кофемашины.",remont,Ремонт кофемашин,"слабый кофе из кофемашины, водянистый кофе причины, ремонт кофемашин на дому, кофемашина перестала давать крепкий кофе, настройка помола кофемашины, засор кофемашины, ПроМастер ремонт кофемашин",2026-09-01
kak-vybrat-posudomoechnuyu-mashinu-dlya-bolshoy-semi-raschet-na-12-kom,Как выбрать посудомоечную машину для большой семьи: 12+ комплектов | ПроМастер,Как выбрать посудомоечную машину для большой семьи: расчет на 12+ комплектов,"Подробный гайд по выбору посудомойки на 12+ комплектов: вместимость, классы мойки, расход воды, тихие модели, ошибки при покупке и когда нужен мастер. Советы экспертов.",vybor,Ремонт посудомоечных машин,"посудомоечная машина для большой семьи, выбор посудомойки 12 комплектов, вместимость ПММ, классы мойки и сушки, тихая посудомойка, ремонт посудомоечных машин, ПроМастер",2026-09-01
elektrik-na-chas-kakie-5-rabot-realno-vypolnit-i-chto-mastera-otkazyva,Электрик на час: 5 работ по вызову и отказы мастеров | ПроМастер,Электрик на час: какие 5 работ реально выполнить и что мастера отказываются делать по вызову,"Разбираем, что реально может сделать электрик за один визит: замена розетки, подключение люстры и другие задачи. А также — от каких работ мастера отказываются и почему.",sovety,Мастер на час,"электрик на час, вызов электрика, замена розетки, подключение люстры, что делает электрик, отказ мастера, электромонтаж",2026-09-02
kak-zamenit-prokladku-pod-smesitelem-bez-demontazha-vsego-krana-3-spos,Замена прокладки под смесителем без демонтажа: 3 способа | ПроМастер,Как заменить прокладку под смесителем без демонтажа всего крана: 3 способа для начинающих,"Устраняем течь под мойкой без полного снятия смесителя. Три рабочих способа замены прокладки своими руками: инструкция, инструменты, советы и когда нужен сантехник.",instrukcia,Сантехник,"замена прокладки смесителя, прокладка под смесителем, как заменить прокладку, течет смеситель, ремонт смесителя своими руками, прокладка на смеситель, сантехник на дом",2026-09-02
pochemu-posudomoyka-ostavlyaet-belesyy-nalet-na-posude-proverka-soli-i,Почему посудомойка оставляет белый налёт: проверка соли и ионообменника | ПроМастер,Почему посудомойка оставляет белёсый налёт на посуде: проверка соли и ионообменника,Белый налёт на посуде после мытья — признак проблем с солью или ионообменником. Пошаговый план проверки и ремонта посудомоечной машины. Цены и советы от ПроМастер.,remont,Ремонт посудомоечных машин,"белый налёт на посуде посудомойка, проверка соли в посудомоечной машине, ионообменник не работает, ремонт посудомоечной машины, соль для посудомойки, белёсый налёт причины, ПроМастер ремонт",2026-09-02
