city,service,serviceSlug,phone,url,slug,title,description
Арамиль,Ремонт стиральных машин,remont-stiralnyh-mashin,+7 (969) 999-24-97,https://master-na-dom.online/remont-stiralnyh-mashin-aramil,remont-stiralnyh-mashin-aramil,Ремонт стиральных машин в Арамиле | ПроМастер,"Ремонт стиральных машин в Арамиле с выездом на дом. Samsung, LG, Bosch, Indesit и другие марки. Диагностика бесплатно. Гарантия на ремонт. Звоните!"
Арамиль,Ремонт холодильников,remont-holodilnikov,+7 (969) 999-24-97,https://master-na-dom.online/remont-holodilnikov-aramil,remont-holodilnikov-aramil,Ремонт холодильников в Арамиле | ПроМастер,"Ремонт холодильников в Арамиле с выездом на дом. Samsung, LG, Bosch, Atlant и другие марки. Диагностика бесплатно. Гарантия на ремонт. Звоните!"
Арамиль,Ремонт посудомоечных машин,remont-pmm,+7 (969) 999-24-97,https://master-na-dom.online/remont-pmm-aramil,remont-pmm-aramil,Ремонт посудомоечных машин в Арамиле | ПроМастер,"Ремонт посудомоечных машин в Арамиле с выездом на дом. Bosch, Siemens, Electrolux и другие марки. Диагностика бесплатно. Звоните!"
Арамиль,Ремонт кондиционеров,remont-kondicionerov,+7 (969) 999-24-97,https://master-na-dom.online/remont-kondicionerov-aramil,remont-kondicionerov-aramil,Ремонт кондиционеров в Арамиле | ПроМастер,"Ремонт кондиционеров в Арамиле с выездом на дом. Обслуживание, заправка фреоном, ремонт сплит-систем. Гарантия на работы. Звоните!"
Арамиль,Компьютерная помощь,kp,+7 (986) 089-07-04,https://master-na-dom.online/kp-aramil,kp-aramil,Компьютерная помощь в Арамиле | ПроМастер,"Компьютерная помощь в Арамиле с выездом на дом. Настройка ПК, удаление вирусов, восстановление данных. Выезд мастера на дом. Звоните!"
Арамиль,Ремонт телевизоров,remont-televizorov,+7 (986) 089-07-04,https://master-na-dom.online/remont-televizorov-aramil,remont-televizorov-aramil,Ремонт телевизоров в Арамиле | ПроМастер,"Ремонт телевизоров в Арамиле с выездом на дом. Ремонт LED, OLED, Smart TV. Диагностика бесплатно. Гарантия на ремонт. Звоните!"
Арамиль,Ремонт варочных панелей,remont-varochnyh-panelej,+7 (969) 999-24-97,https://master-na-dom.online/remont-varochnyh-panelej-aramil,remont-varochnyh-panelej-aramil,Ремонт варочных панелей в Арамиле | ПроМастер,"Ремонт варочных панелей в Арамиле с выездом на дом. Индукционные, электрические и газовые панели. Гарантия на ремонт. Звоните!"
Арамиль,Ремонт духовых шкафов,remont-duhovyh-shkafov,+7 (969) 999-24-97,https://master-na-dom.online/remont-duhovyh-shkafov-aramil,remont-duhovyh-shkafov-aramil,Ремонт духовых шкафов в Арамиле | ПроМастер,Ремонт духовых шкафов в Арамиле с выездом на дом. Электрические и газовые духовки. Диагностика бесплатно. Звоните!
Арамиль,Ремонт водонагревателей,remont-vodonagrevatelej,+7 (969) 999-24-97,https://master-na-dom.online/remont-vodonagrevatelej-aramil,remont-vodonagrevatelej-aramil,Ремонт водонагревателей в Арамиле | ПроМастер,Ремонт водонагревателей в Арамиле с выездом на дом. Ремонт бойлеров и проточных водонагревателей. Гарантия на работы. Звоните!
Арамиль,Ремонт кофемашин,remont-kofemashin,+7 (969) 999-24-97,https://master-na-dom.online/remont-kofemashin-aramil,remont-kofemashin-aramil,Ремонт кофемашин в Арамиле | ПроМастер,"Ремонт кофемашин в Арамиле с выездом на дом. DeLonghi, Saeco, Bosch, Jura и другие марки. Диагностика бесплатно. Звоните!"
Арамиль,Дезинфекция,dezinfekciya,+7 (984) 333-32-49,https://master-na-dom.online/dezinfekciya-aramil,dezinfekciya-aramil,Дезинфекция в Арамиле — вызов мастера на дом | ПроМастер,"Дезинфекция в Арамиле с выездом на дом. Уничтожение насекомых, грызунов и плесени. Безопасные препараты, гарантия результата. Звоните!"
Арамиль,Электрик,elektrik,+7 (984) 333-32-49,https://master-na-dom.online/elektrik-aramil,elektrik-aramil,Электрик в Арамиле | ПроМастер,"Электрик в Арамиле с выездом на дом. Замена проводки, установка розеток, поиск неисправностей. Гарантия на работы. Звоните!"
Арамиль,Сантехник,santehnik,+7 (984) 333-32-49,https://master-na-dom.online/santehnik-aramil,santehnik-aramil,Сантехник в Арамиле | ПроМастер,"Сантехник в Арамиле с выездом на дом. Устранение протечек, замена смесителей, прочистка канализации. Гарантия на работы. Звоните!"
Арамиль,Мастер на час,master-na-chas,+7 (984) 333-32-49,https://master-na-dom.online/master-na-chas-aramil,master-na-chas-aramil,Мастер на час в Арамиле | ПроМастер,"Мастер на час в Арамиле с выездом на дом. Мелкий ремонт, сборка мебели, навешивание полок. Выезд за 30 минут. Звоните!"
Арамиль,Ремонт окон,remont-okon,+7 (984) 333-32-49,https://master-na-dom.online/remont-okon-aramil,remont-okon-aramil,Ремонт окон в Арамиле | ПроМастер,"Ремонт окон в Арамиле с выездом на дом. Регулировка фурнитуры, замена уплотнителя, устранение продувания. Звоните!"
Арамиль,Клининг,klining,+7 (984) 333-32-49,https://master-na-dom.online/klining-aramil,klining-aramil,Клининг в Арамиле — вызов мастера на дом | ПроМастер,"Клининг в Арамиле с выездом на дом. Генеральная уборка, уборка после ремонта, мытьё окон. Профессиональная химия и оборудование. Звоните!"
Арамиль,Сборка мебели,sborka-mebeli,+7 (984) 333-32-49,https://master-na-dom.online/sborka-mebeli-aramil,sborka-mebeli-aramil,Сборка мебели в Арамиле — вызов мастера на дом | ПроМастер,"Сборка мебели в Арамиле с выездом на дом. Сборка шкафов, кухонь, кроватей и стеллажей. Аккуратно и со своим инструментом. Звоните!"
Астрахань,Ремонт стиральных машин,remont-stiralnyh-mashin,+7 (969) 999-24-97,https://master-na-dom.online/remont-stiralnyh-mashin-astrakhan,remont-stiralnyh-mashin-astrakhan,Ремонт стиральных машин в Астрахани | ПроМастер,"Ремонт стиральных машин в Астрахани с выездом на дом. Samsung, LG, Bosch, Indesit и другие марки. Диагностика бесплатно. Гарантия на ремонт. Звоните!"
Астрахань,Ремонт холодильников,remont-holodilnikov,+7 (969) 999-24-97,https://master-na-dom.online/remont-holodilnikov-astrakhan,remont-holodilnikov-astrakhan,Ремонт холодильников в Астрахани | ПроМастер,"Ремонт холодильников в Астрахани с выездом на дом. Samsung, LG, Bosch, Atlant и другие марки. Диагностика бесплатно. Гарантия на ремонт. Звоните!"
Астрахань,Ремонт посудомоечных машин,remont-pmm,+7 (969) 999-24-97,https://master-na-dom.online/remont-pmm-astrakhan,remont-pmm-astrakhan,Ремонт посудомоечных машин в Астрахани | ПроМастер,"Ремонт посудомоечных машин в Астрахани с выездом на дом. Bosch, Siemens, Electrolux и другие марки. Диагностика бесплатно. Звоните!"
Астрахань,Ремонт кондиционеров,remont-kondicionerov,+7 (969) 999-24-97,https://master-na-dom.online/remont-kondicionerov-astrakhan,remont-kondicionerov-astrakhan,Ремонт кондиционеров в Астрахани | ПроМастер,"Ремонт кондиционеров в Астрахани с выездом на дом. Обслуживание, заправка фреоном, ремонт сплит-систем. Гарантия на работы. Звоните!"
Астрахань,Компьютерная помощь,kp,+7 (986) 089-07-04,https://master-na-dom.online/kp-astrakhan,kp-astrakhan,Компьютерная помощь в Астрахани | ПроМастер,"Компьютерная помощь в Астрахани с выездом на дом. Настройка ПК, удаление вирусов, восстановление данных. Выезд мастера на дом. Звоните!"
Астрахань,Ремонт телевизоров,remont-televizorov,+7 (986) 089-07-04,https://master-na-dom.online/remont-televizorov-astrakhan,remont-televizorov-astrakhan,Ремонт телевизоров в Астрахани | ПроМастер,"Ремонт телевизоров в Астрахани с выездом на дом. Ремонт LED, OLED, Smart TV. Диагностика бесплатно. Гарантия на ремонт. Звоните!"
Астрахань,Ремонт варочных панелей,remont-varochnyh-panelej,+7 (969) 999-24-97,https://master-na-dom.online/remont-varochnyh-panelej-astrakhan,remont-varochnyh-panelej-astrakhan,Ремонт варочных панелей в Астрахани | ПроМастер,"Ремонт варочных панелей в Астрахани с выездом на дом. Индукционные, электрические и газовые панели. Гарантия на ремонт. Звоните!"
Астрахань,Ремонт духовых шкафов,remont-duhovyh-shkafov,+7 (969) 999-24-97,https://master-na-dom.online/remont-duhovyh-shkafov-astrakhan,remont-duhovyh-shkafov-astrakhan,Ремонт духовых шкафов в Астрахани | ПроМастер,Ремонт духовых шкафов в Астрахани с выездом на дом. Электрические и газовые духовки. Диагностика бесплатно. Звоните!
Астрахань,Ремонт водонагревателей,remont-vodonagrevatelej,+7 (969) 999-24-97,https://master-na-dom.online/remont-vodonagrevatelej-astrakhan,remont-vodonagrevatelej-astrakhan,Ремонт водонагревателей в Астрахани | ПроМастер,Ремонт водонагревателей в Астрахани с выездом на дом. Ремонт бойлеров и проточных водонагревателей. Гарантия на работы. Звоните!
Астрахань,Ремонт кофемашин,remont-kofemashin,+7 (969) 999-24-97,https://master-na-dom.online/remont-kofemashin-astrakhan,remont-kofemashin-astrakhan,Ремонт кофемашин в Астрахани | ПроМастер,"Ремонт кофемашин в Астрахани с выездом на дом. DeLonghi, Saeco, Bosch, Jura и другие марки. Диагностика бесплатно. Звоните!"
Астрахань,Дезинфекция,dezinfekciya,+7 (984) 333-32-49,https://master-na-dom.online/dezinfekciya-astrakhan,dezinfekciya-astrakhan,Дезинфекция в Астрахани — вызов мастера на дом | ПроМастер,"Дезинфекция в Астрахани с выездом на дом. Уничтожение насекомых, грызунов и плесени. Безопасные препараты, гарантия результата. Звоните!"
Астрахань,Электрик,elektrik,+7 (984) 333-32-49,https://master-na-dom.online/elektrik-astrakhan,elektrik-astrakhan,Электрик в Астрахани | ПроМастер,"Электрик в Астрахани с выездом на дом. Замена проводки, установка розеток, поиск неисправностей. Гарантия на работы. Звоните!"
Астрахань,Сантехник,santehnik,+7 (984) 333-32-49,https://master-na-dom.online/santehnik-astrakhan,santehnik-astrakhan,Сантехник в Астрахани | ПроМастер,"Сантехник в Астрахани с выездом на дом. Устранение протечек, замена смесителей, прочистка канализации. Гарантия на работы. Звоните!"
Астрахань,Мастер на час,master-na-chas,+7 (984) 333-32-49,https://master-na-dom.online/master-na-chas-astrakhan,master-na-chas-astrakhan,Мастер на час в Астрахани | ПроМастер,"Мастер на час в Астрахани с выездом на дом. Мелкий ремонт, сборка мебели, навешивание полок. Выезд за 30 минут. Звоните!"
Астрахань,Ремонт окон,remont-okon,+7 (984) 333-32-49,https://master-na-dom.online/remont-okon-astrakhan,remont-okon-astrakhan,Ремонт окон в Астрахани | ПроМастер,"Ремонт окон в Астрахани с выездом на дом. Регулировка фурнитуры, замена уплотнителя, устранение продувания. Звоните!"
Астрахань,Клининг,klining,+7 (984) 333-32-49,https://master-na-dom.online/klining-astrakhan,klining-astrakhan,Клининг в Астрахани — вызов мастера на дом | ПроМастер,"Клининг в Астрахани с выездом на дом. Генеральная уборка, уборка после ремонта, мытьё окон. Профессиональная химия и оборудование. Звоните!"
Астрахань,Сборка мебели,sborka-mebeli,+7 (984) 333-32-49,https://master-na-dom.online/sborka-mebeli-astrakhan,sborka-mebeli-astrakhan,Сборка мебели в Астрахани — вызов мастера на дом | ПроМастер,"Сборка мебели в Астрахани с выездом на дом. Сборка шкафов, кухонь, кроватей и стеллажей. Аккуратно и со своим инструментом. Звоните!"
Балтийск,Ремонт стиральных машин,remont-stiralnyh-mashin,+7 (969) 999-24-97,https://master-na-dom.online/remont-stiralnyh-mashin-baltiysk,remont-stiralnyh-mashin-baltiysk,Ремонт стиральных машин в Балтийске | ПроМастер,"Ремонт стиральных машин в Балтийске с выездом на дом. Samsung, LG, Bosch, Indesit и другие марки. Диагностика бесплатно. Гарантия на ремонт. Звоните!"
Балтийск,Ремонт холодильников,remont-holodilnikov,+7 (969) 999-24-97,https://master-na-dom.online/remont-holodilnikov-baltiysk,remont-holodilnikov-baltiysk,Ремонт холодильников в Балтийске | ПроМастер,"Ремонт холодильников в Балтийске с выездом на дом. Samsung, LG, Bosch, Atlant и другие марки. Диагностика бесплатно. Гарантия на ремонт. Звоните!"
Балтийск,Ремонт посудомоечных машин,remont-pmm,+7 (969) 999-24-97,https://master-na-dom.online/remont-pmm-baltiysk,remont-pmm-baltiysk,Ремонт посудомоечных машин в Балтийске | ПроМастер,"Ремонт посудомоечных машин в Балтийске с выездом на дом. Bosch, Siemens, Electrolux и другие марки. Диагностика бесплатно. Звоните!"
Балтийск,Ремонт кондиционеров,remont-kondicionerov,+7 (969) 999-24-97,https://master-na-dom.online/remont-kondicionerov-baltiysk,remont-kondicionerov-baltiysk,Ремонт кондиционеров в Балтийске | ПроМастер,"Ремонт кондиционеров в Балтийске с выездом на дом. Обслуживание, заправка фреоном, ремонт сплит-систем. Гарантия на работы. Звоните!"
Балтийск,Компьютерная помощь,kp,+7 (986) 089-07-04,https://master-na-dom.online/kp-baltiysk,kp-baltiysk,Компьютерная помощь в Балтийске | ПроМастер,"Компьютерная помощь в Балтийске с выездом на дом. Настройка ПК, удаление вирусов, восстановление данных. Выезд мастера на дом. Звоните!"
Балтийск,Ремонт телевизоров,remont-televizorov,+7 (986) 089-07-04,https://master-na-dom.online/remont-televizorov-baltiysk,remont-televizorov-baltiysk,Ремонт телевизоров в Балтийске | ПроМастер,"Ремонт телевизоров в Балтийске с выездом на дом. Ремонт LED, OLED, Smart TV. Диагностика бесплатно. Гарантия на ремонт. Звоните!"
Балтийск,Ремонт варочных панелей,remont-varochnyh-panelej,+7 (969) 999-24-97,https://master-na-dom.online/remont-varochnyh-panelej-baltiysk,remont-varochnyh-panelej-baltiysk,Ремонт варочных панелей в Балтийске | ПроМастер,"Ремонт варочных панелей в Балтийске с выездом на дом. Индукционные, электрические и газовые панели. Гарантия на ремонт. Звоните!"
Балтийск,Ремонт духовых шкафов,remont-duhovyh-shkafov,+7 (969) 999-24-97,https://master-na-dom.online/remont-duhovyh-shkafov-baltiysk,remont-duhovyh-shkafov-baltiysk,Ремонт духовых шкафов в Балтийске | ПроМастер,Ремонт духовых шкафов в Балтийске с выездом на дом. Электрические и газовые духовки. Диагностика бесплатно. Звоните!
Балтийск,Ремонт водонагревателей,remont-vodonagrevatelej,+7 (969) 999-24-97,https://master-na-dom.online/remont-vodonagrevatelej-baltiysk,remont-vodonagrevatelej-baltiysk,Ремонт водонагревателей в Балтийске | ПроМастер,Ремонт водонагревателей в Балтийске с выездом на дом. Ремонт бойлеров и проточных водонагревателей. Гарантия на работы. Звоните!
Балтийск,Ремонт кофемашин,remont-kofemashin,+7 (969) 999-24-97,https://master-na-dom.online/remont-kofemashin-baltiysk,remont-kofemashin-baltiysk,Ремонт кофемашин в Балтийске | ПроМастер,"Ремонт кофемашин в Балтийске с выездом на дом. DeLonghi, Saeco, Bosch, Jura и другие марки. Диагностика бесплатно. Звоните!"
Балтийск,Дезинфекция,dezinfekciya,+7 (984) 333-32-49,https://master-na-dom.online/dezinfekciya-baltiysk,dezinfekciya-baltiysk,Дезинфекция в Балтийске — вызов мастера на дом | ПроМастер,"Дезинфекция в Балтийске с выездом на дом. Уничтожение насекомых, грызунов и плесени. Безопасные препараты, гарантия результата. Звоните!"
Балтийск,Электрик,elektrik,+7 (984) 333-32-49,https://master-na-dom.online/elektrik-baltiysk,elektrik-baltiysk,Электрик в Балтийске | ПроМастер,"Электрик в Балтийске с выездом на дом. Замена проводки, установка розеток, поиск неисправностей. Гарантия на работы. Звоните!"
Балтийск,Сантехник,santehnik,+7 (984) 333-32-49,https://master-na-dom.online/santehnik-baltiysk,santehnik-baltiysk,Сантехник в Балтийске | ПроМастер,"Сантехник в Балтийске с выездом на дом. Устранение протечек, замена смесителей, прочистка канализации. Гарантия на работы. Звоните!"
Балтийск,Мастер на час,master-na-chas,+7 (984) 333-32-49,https://master-na-dom.online/master-na-chas-baltiysk,master-na-chas-baltiysk,Мастер на час в Балтийске | ПроМастер,"Мастер на час в Балтийске с выездом на дом. Мелкий ремонт, сборка мебели, навешивание полок. Выезд за 30 минут. Звоните!"
Балтийск,Ремонт окон,remont-okon,+7 (984) 333-32-49,https://master-na-dom.online/remont-okon-baltiysk,remont-okon-baltiysk,Ремонт окон в Балтийске | ПроМастер,"Ремонт окон в Балтийске с выездом на дом. Регулировка фурнитуры, замена уплотнителя, устранение продувания. Звоните!"
Балтийск,Клининг,klining,+7 (984) 333-32-49,https://master-na-dom.online/klining-baltiysk,klining-baltiysk,Клининг в Балтийске — вызов мастера на дом | ПроМастер,"Клининг в Балтийске с выездом на дом. Генеральная уборка, уборка после ремонта, мытьё окон. Профессиональная химия и оборудование. Звоните!"
Балтийск,Сборка мебели,sborka-mebeli,+7 (984) 333-32-49,https://master-na-dom.online/sborka-mebeli-baltiysk,sborka-mebeli-baltiysk,Сборка мебели в Балтийске — вызов мастера на дом | ПроМастер,"Сборка мебели в Балтийске с выездом на дом. Сборка шкафов, кухонь, кроватей и стеллажей. Аккуратно и со своим инструментом. Звоните!"
Берёзовский,Ремонт стиральных машин,remont-stiralnyh-mashin,+7 (969) 999-24-97,https://master-na-dom.online/remont-stiralnyh-mashin-beryozovskiy,remont-stiralnyh-mashin-beryozovskiy,Ремонт стиральных машин в Берёзовском | ПроМастер,"Ремонт стиральных машин в Берёзовском с выездом на дом. Samsung, LG, Bosch, Indesit и другие марки. Диагностика бесплатно. Гарантия на ремонт. Звоните!"
Берёзовский,Ремонт холодильников,remont-holodilnikov,+7 (969) 999-24-97,https://master-na-dom.online/remont-holodilnikov-beryozovskiy,remont-holodilnikov-beryozovskiy,Ремонт холодильников в Берёзовском | ПроМастер,"Ремонт холодильников в Берёзовском с выездом на дом. Samsung, LG, Bosch, Atlant и другие марки. Диагностика бесплатно. Гарантия на ремонт. Звоните!"
Берёзовский,Ремонт посудомоечных машин,remont-pmm,+7 (969) 999-24-97,https://master-na-dom.online/remont-pmm-beryozovskiy,remont-pmm-beryozovskiy,Ремонт посудомоечных машин в Берёзовском | ПроМастер,"Ремонт посудомоечных машин в Берёзовском с выездом на дом. Bosch, Siemens, Electrolux и другие марки. Диагностика бесплатно. Звоните!"
Берёзовский,Ремонт кондиционеров,remont-kondicionerov,+7 (969) 999-24-97,https://master-na-dom.online/remont-kondicionerov-beryozovskiy,remont-kondicionerov-beryozovskiy,Ремонт кондиционеров в Берёзовском | ПроМастер,"Ремонт кондиционеров в Берёзовском с выездом на дом. Обслуживание, заправка фреоном, ремонт сплит-систем. Гарантия на работы. Звоните!"
Берёзовский,Компьютерная помощь,kp,+7 (986) 089-07-04,https://master-na-dom.online/kp-beryozovskiy,kp-beryozovskiy,Компьютерная помощь в Берёзовском | ПроМастер,"Компьютерная помощь в Берёзовском с выездом на дом. Настройка ПК, удаление вирусов, восстановление данных. Выезд мастера на дом. Звоните!"
Берёзовский,Ремонт телевизоров,remont-televizorov,+7 (986) 089-07-04,https://master-na-dom.online/remont-televizorov-beryozovskiy,remont-televizorov-beryozovskiy,Ремонт телевизоров в Берёзовском | ПроМастер,"Ремонт телевизоров в Берёзовском с выездом на дом. Ремонт LED, OLED, Smart TV. Диагностика бесплатно. Гарантия на ремонт. Звоните!"
Берёзовский,Ремонт варочных панелей,remont-varochnyh-panelej,+7 (969) 999-24-97,https://master-na-dom.online/remont-varochnyh-panelej-beryozovskiy,remont-varochnyh-panelej-beryozovskiy,Ремонт варочных панелей в Берёзовском | ПроМастер,"Ремонт варочных панелей в Берёзовском с выездом на дом. Индукционные, электрические и газовые панели. Гарантия на ремонт. Звоните!"
Берёзовский,Ремонт духовых шкафов,remont-duhovyh-shkafov,+7 (969) 999-24-97,https://master-na-dom.online/remont-duhovyh-shkafov-beryozovskiy,remont-duhovyh-shkafov-beryozovskiy,Ремонт духовых шкафов в Берёзовском | ПроМастер,Ремонт духовых шкафов в Берёзовском с выездом на дом. Электрические и газовые духовки. Диагностика бесплатно. Звоните!
Берёзовский,Ремонт водонагревателей,remont-vodonagrevatelej,+7 (969) 999-24-97,https://master-na-dom.online/remont-vodonagrevatelej-beryozovskiy,remont-vodonagrevatelej-beryozovskiy,Ремонт водонагревателей в Берёзовском | ПроМастер,Ремонт водонагревателей в Берёзовском с выездом на дом. Ремонт бойлеров и проточных водонагревателей. Гарантия на работы. Звоните!
Берёзовский,Ремонт кофемашин,remont-kofemashin,+7 (969) 999-24-97,https://master-na-dom.online/remont-kofemashin-beryozovskiy,remont-kofemashin-beryozovskiy,Ремонт кофемашин в Берёзовском | ПроМастер,"Ремонт кофемашин в Берёзовском с выездом на дом. DeLonghi, Saeco, Bosch, Jura и другие марки. Диагностика бесплатно. Звоните!"
Берёзовский,Дезинфекция,dezinfekciya,+7 (984) 333-32-49,https://master-na-dom.online/dezinfekciya-beryozovskiy,dezinfekciya-beryozovskiy,Дезинфекция в Берёзовском — вызов мастера на дом | ПроМастер,"Дезинфекция в Берёзовском с выездом на дом. Уничтожение насекомых, грызунов и плесени. Безопасные препараты, гарантия результата. Звоните!"
Берёзовский,Электрик,elektrik,+7 (984) 333-32-49,https://master-na-dom.online/elektrik-beryozovskiy,elektrik-beryozovskiy,Электрик в Берёзовском | ПроМастер,"Электрик в Берёзовском с выездом на дом. Замена проводки, установка розеток, поиск неисправностей. Гарантия на работы. Звоните!"
Берёзовский,Сантехник,santehnik,+7 (984) 333-32-49,https://master-na-dom.online/santehnik-beryozovskiy,santehnik-beryozovskiy,Сантехник в Берёзовском | ПроМастер,"Сантехник в Берёзовском с выездом на дом. Устранение протечек, замена смесителей, прочистка канализации. Гарантия на работы. Звоните!"
Берёзовский,Мастер на час,master-na-chas,+7 (984) 333-32-49,https://master-na-dom.online/master-na-chas-beryozovskiy,master-na-chas-beryozovskiy,Мастер на час в Берёзовском | ПроМастер,"Мастер на час в Берёзовском с выездом на дом. Мелкий ремонт, сборка мебели, навешивание полок. Выезд за 30 минут. Звоните!"
Берёзовский,Ремонт окон,remont-okon,+7 (984) 333-32-49,https://master-na-dom.online/remont-okon-beryozovskiy,remont-okon-beryozovskiy,Ремонт окон в Берёзовском | ПроМастер,"Ремонт окон в Берёзовском с выездом на дом. Регулировка фурнитуры, замена уплотнителя, устранение продувания. Звоните!"
Берёзовский,Клининг,klining,+7 (984) 333-32-49,https://master-na-dom.online/klining-beryozovskiy,klining-beryozovskiy,Клининг в Берёзовском — вызов мастера на дом | ПроМастер,"Клининг в Берёзовском с выездом на дом. Генеральная уборка, уборка после ремонта, мытьё окон. Профессиональная химия и оборудование. Звоните!"
Берёзовский,Сборка мебели,sborka-mebeli,+7 (984) 333-32-49,https://master-na-dom.online/sborka-mebeli-beryozovskiy,sborka-mebeli-beryozovskiy,Сборка мебели в Берёзовском — вызов мастера на дом | ПроМастер,"Сборка мебели в Берёзовском с выездом на дом. Сборка шкафов, кухонь, кроватей и стеллажей. Аккуратно и со своим инструментом. Звоните!"
Благовещенск,Ремонт стиральных машин,remont-stiralnyh-mashin,+7 (969) 999-24-97,https://master-na-dom.online/remont-stiralnyh-mashin-blagoveshchensk,remont-stiralnyh-mashin-blagoveshchensk,Ремонт стиральных машин в Благовещенске | ПроМастер,"Ремонт стиральных машин в Благовещенске с выездом на дом. Samsung, LG, Bosch, Indesit и другие марки. Диагностика бесплатно. Гарантия на ремонт. Звоните!"
Благовещенск,Ремонт холодильников,remont-holodilnikov,+7 (969) 999-24-97,https://master-na-dom.online/remont-holodilnikov-blagoveshchensk,remont-holodilnikov-blagoveshchensk,Ремонт холодильников в Благовещенске | ПроМастер,"Ремонт холодильников в Благовещенске с выездом на дом. Samsung, LG, Bosch, Atlant и другие марки. Диагностика бесплатно. Гарантия на ремонт. Звоните!"
Благовещенск,Ремонт посудомоечных машин,remont-pmm,+7 (969) 999-24-97,https://master-na-dom.online/remont-pmm-blagoveshchensk,remont-pmm-blagoveshchensk,Ремонт посудомоечных машин в Благовещенске | ПроМастер,"Ремонт посудомоечных машин в Благовещенске с выездом на дом. Bosch, Siemens, Electrolux и другие марки. Диагностика бесплатно. Звоните!"
Благовещенск,Ремонт кондиционеров,remont-kondicionerov,+7 (969) 999-24-97,https://master-na-dom.online/remont-kondicionerov-blagoveshchensk,remont-kondicionerov-blagoveshchensk,Ремонт кондиционеров в Благовещенске | ПроМастер,"Ремонт кондиционеров в Благовещенске с выездом на дом. Обслуживание, заправка фреоном, ремонт сплит-систем. Гарантия на работы. Звоните!"
Благовещенск,Компьютерная помощь,kp,+7 (986) 089-07-04,https://master-na-dom.online/kp-blagoveshchensk,kp-blagoveshchensk,Компьютерная помощь в Благовещенске | ПроМастер,"Компьютерная помощь в Благовещенске с выездом на дом. Настройка ПК, удаление вирусов, восстановление данных. Выезд мастера на дом. Звоните!"
Благовещенск,Ремонт телевизоров,remont-televizorov,+7 (986) 089-07-04,https://master-na-dom.online/remont-televizorov-blagoveshchensk,remont-televizorov-blagoveshchensk,Ремонт телевизоров в Благовещенске | ПроМастер,"Ремонт телевизоров в Благовещенске с выездом на дом. Ремонт LED, OLED, Smart TV. Диагностика бесплатно. Гарантия на ремонт. Звоните!"
Благовещенск,Ремонт варочных панелей,remont-varochnyh-panelej,+7 (969) 999-24-97,https://master-na-dom.online/remont-varochnyh-panelej-blagoveshchensk,remont-varochnyh-panelej-blagoveshchensk,Ремонт варочных панелей в Благовещенске | ПроМастер,"Ремонт варочных панелей в Благовещенске с выездом на дом. Индукционные, электрические и газовые панели. Гарантия на ремонт. Звоните!"
Благовещенск,Ремонт духовых шкафов,remont-duhovyh-shkafov,+7 (969) 999-24-97,https://master-na-dom.online/remont-duhovyh-shkafov-blagoveshchensk,remont-duhovyh-shkafov-blagoveshchensk,Ремонт духовых шкафов в Благовещенске | ПроМастер,Ремонт духовых шкафов в Благовещенске с выездом на дом. Электрические и газовые духовки. Диагностика бесплатно. Звоните!
Благовещенск,Ремонт водонагревателей,remont-vodonagrevatelej,+7 (969) 999-24-97,https://master-na-dom.online/remont-vodonagrevatelej-blagoveshchensk,remont-vodonagrevatelej-blagoveshchensk,Ремонт водонагревателей в Благовещенске | ПроМастер,Ремонт водонагревателей в Благовещенске с выездом на дом. Ремонт бойлеров и проточных водонагревателей. Гарантия на работы. Звоните!
Благовещенск,Ремонт кофемашин,remont-kofemashin,+7 (969) 999-24-97,https://master-na-dom.online/remont-kofemashin-blagoveshchensk,remont-kofemashin-blagoveshchensk,Ремонт кофемашин в Благовещенске | ПроМастер,"Ремонт кофемашин в Благовещенске с выездом на дом. DeLonghi, Saeco, Bosch, Jura и другие марки. Диагностика бесплатно. Звоните!"
Благовещенск,Дезинфекция,dezinfekciya,+7 (984) 333-32-49,https://master-na-dom.online/dezinfekciya-blagoveshchensk,dezinfekciya-blagoveshchensk,Дезинфекция в Благовещенске — вызов мастера на дом | ПроМастер,"Дезинфекция в Благовещенске с выездом на дом. Уничтожение насекомых, грызунов и плесени. Безопасные препараты, гарантия результата. Звоните!"
Благовещенск,Электрик,elektrik,+7 (984) 333-32-49,https://master-na-dom.online/elektrik-blagoveshchensk,elektrik-blagoveshchensk,Электрик в Благовещенске | ПроМастер,"Электрик в Благовещенске с выездом на дом. Замена проводки, установка розеток, поиск неисправностей. Гарантия на работы. Звоните!"
Благовещенск,Сантехник,santehnik,+7 (984) 333-32-49,https://master-na-dom.online/santehnik-blagoveshchensk,santehnik-blagoveshchensk,Сантехник в Благовещенске | ПроМастер,"Сантехник в Благовещенске с выездом на дом. Устранение протечек, замена смесителей, прочистка канализации. Гарантия на работы. Звоните!"
Благовещенск,Мастер на час,master-na-chas,+7 (984) 333-32-49,https://master-na-dom.online/master-na-chas-blagoveshchensk,master-na-chas-blagoveshchensk,Мастер на час в Благовещенске | ПроМастер,"Мастер на час в Благовещенске с выездом на дом. Мелкий ремонт, сборка мебели, навешивание полок. Выезд за 30 минут. Звоните!"
Благовещенск,Ремонт окон,remont-okon,+7 (984) 333-32-49,https://master-na-dom.online/remont-okon-blagoveshchensk,remont-okon-blagoveshchensk,Ремонт окон в Благовещенске | ПроМастер,"Ремонт окон в Благовещенске с выездом на дом. Регулировка фурнитуры, замена уплотнителя, устранение продувания. Звоните!"
Благовещенск,Клининг,klining,+7 (984) 333-32-49,https://master-na-dom.online/klining-blagoveshchensk,klining-blagoveshchensk,Клининг в Благовещенске — вызов мастера на дом | ПроМастер,"Клининг в Благовещенске с выездом на дом. Генеральная уборка, уборка после ремонта, мытьё окон. Профессиональная химия и оборудование. Звоните!"
Благовещенск,Сборка мебели,sborka-mebeli,+7 (984) 333-32-49,https://master-na-dom.online/sborka-mebeli-blagoveshchensk,sborka-mebeli-blagoveshchensk,Сборка мебели в Благовещенске — вызов мастера на дом | ПроМастер,"Сборка мебели в Благовещенске с выездом на дом. Сборка шкафов, кухонь, кроватей и стеллажей. Аккуратно и со своим инструментом. Звоните!"
Верхняя Пышма,Ремонт стиральных машин,remont-stiralnyh-mashin,+7 (969) 999-24-97,https://master-na-dom.online/remont-stiralnyh-mashin-verkhnyaya-pyshma,remont-stiralnyh-mashin-verkhnyaya-pyshma,Ремонт стиральных машин в Верхняя Пышме | ПроМастер,"Ремонт стиральных машин в Верхняя Пышме с выездом на дом. Samsung, LG, Bosch, Indesit и другие марки. Диагностика бесплатно. Гарантия на ремонт. Звоните!"
Верхняя Пышма,Ремонт холодильников,remont-holodilnikov,+7 (969) 999-24-97,https://master-na-dom.online/remont-holodilnikov-verkhnyaya-pyshma,remont-holodilnikov-verkhnyaya-pyshma,Ремонт холодильников в Верхняя Пышме | ПроМастер,"Ремонт холодильников в Верхняя Пышме с выездом на дом. Samsung, LG, Bosch, Atlant и другие марки. Диагностика бесплатно. Гарантия на ремонт. Звоните!"
Верхняя Пышма,Ремонт посудомоечных машин,remont-pmm,+7 (969) 999-24-97,https://master-na-dom.online/remont-pmm-verkhnyaya-pyshma,remont-pmm-verkhnyaya-pyshma,Ремонт посудомоечных машин в Верхняя Пышме | ПроМастер,"Ремонт посудомоечных машин в Верхняя Пышме с выездом на дом. Bosch, Siemens, Electrolux и другие марки. Диагностика бесплатно. Звоните!"
Верхняя Пышма,Ремонт кондиционеров,remont-kondicionerov,+7 (969) 999-24-97,https://master-na-dom.online/remont-kondicionerov-verkhnyaya-pyshma,remont-kondicionerov-verkhnyaya-pyshma,Ремонт кондиционеров в Верхняя Пышме | ПроМастер,"Ремонт кондиционеров в Верхняя Пышме с выездом на дом. Обслуживание, заправка фреоном, ремонт сплит-систем. Гарантия на работы. Звоните!"
Верхняя Пышма,Компьютерная помощь,kp,+7 (986) 089-07-04,https://master-na-dom.online/kp-verkhnyaya-pyshma,kp-verkhnyaya-pyshma,Компьютерная помощь в Верхняя Пышме | ПроМастер,"Компьютерная помощь в Верхняя Пышме с выездом на дом. Настройка ПК, удаление вирусов, восстановление данных. Выезд мастера на дом. Звоните!"
Верхняя Пышма,Ремонт телевизоров,remont-televizorov,+7 (986) 089-07-04,https://master-na-dom.online/remont-televizorov-verkhnyaya-pyshma,remont-televizorov-verkhnyaya-pyshma,Ремонт телевизоров в Верхняя Пышме | ПроМастер,"Ремонт телевизоров в Верхняя Пышме с выездом на дом. Ремонт LED, OLED, Smart TV. Диагностика бесплатно. Гарантия на ремонт. Звоните!"
Верхняя Пышма,Ремонт варочных панелей,remont-varochnyh-panelej,+7 (969) 999-24-97,https://master-na-dom.online/remont-varochnyh-panelej-verkhnyaya-pyshma,remont-varochnyh-panelej-verkhnyaya-pyshma,Ремонт варочных панелей в Верхняя Пышме | ПроМастер,"Ремонт варочных панелей в Верхняя Пышме с выездом на дом. Индукционные, электрические и газовые панели. Гарантия на ремонт. Звоните!"
Верхняя Пышма,Ремонт духовых шкафов,remont-duhovyh-shkafov,+7 (969) 999-24-97,https://master-na-dom.online/remont-duhovyh-shkafov-verkhnyaya-pyshma,remont-duhovyh-shkafov-verkhnyaya-pyshma,Ремонт духовых шкафов в Верхняя Пышме | ПроМастер,Ремонт духовых шкафов в Верхняя Пышме с выездом на дом. Электрические и газовые духовки. Диагностика бесплатно. Звоните!
Верхняя Пышма,Ремонт водонагревателей,remont-vodonagrevatelej,+7 (969) 999-24-97,https://master-na-dom.online/remont-vodonagrevatelej-verkhnyaya-pyshma,remont-vodonagrevatelej-verkhnyaya-pyshma,Ремонт водонагревателей в Верхняя Пышме | ПроМастер,Ремонт водонагревателей в Верхняя Пышме с выездом на дом. Ремонт бойлеров и проточных водонагревателей. Гарантия на работы. Звоните!
Верхняя Пышма,Ремонт кофемашин,remont-kofemashin,+7 (969) 999-24-97,https://master-na-dom.online/remont-kofemashin-verkhnyaya-pyshma,remont-kofemashin-verkhnyaya-pyshma,Ремонт кофемашин в Верхняя Пышме | ПроМастер,"Ремонт кофемашин в Верхняя Пышме с выездом на дом. DeLonghi, Saeco, Bosch, Jura и другие марки. Диагностика бесплатно. Звоните!"
Верхняя Пышма,Дезинфекция,dezinfekciya,+7 (984) 333-32-49,https://master-na-dom.online/dezinfekciya-verkhnyaya-pyshma,dezinfekciya-verkhnyaya-pyshma,Дезинфекция в Верхняя Пышме — вызов мастера на дом | ПроМастер,"Дезинфекция в Верхняя Пышме с выездом на дом. Уничтожение насекомых, грызунов и плесени. Безопасные препараты, гарантия результата. Звоните!"
Верхняя Пышма,Электрик,elektrik,+7 (984) 333-32-49,https://master-na-dom.online/elektrik-verkhnyaya-pyshma,elektrik-verkhnyaya-pyshma,Электрик в Верхняя Пышме | ПроМастер,"Электрик в Верхняя Пышме с выездом на дом. Замена проводки, установка розеток, поиск неисправностей. Гарантия на работы. Звоните!"
Верхняя Пышма,Сантехник,santehnik,+7 (984) 333-32-49,https://master-na-dom.online/santehnik-verkhnyaya-pyshma,santehnik-verkhnyaya-pyshma,Сантехник в Верхняя Пышме | ПроМастер,"Сантехник в Верхняя Пышме с выездом на дом. Устранение протечек, замена смесителей, прочистка канализации. Гарантия на работы. Звоните!"
Верхняя Пышма,Мастер на час,master-na-chas,+7 (984) 333-32-49,https://master-na-dom.online/master-na-chas-verkhnyaya-pyshma,master-na-chas-verkhnyaya-pyshma,Мастер на час в Верхняя Пышме | ПроМастер,"Мастер на час в Верхняя Пышме с выездом на дом. Мелкий ремонт, сборка мебели, навешивание полок. Выезд за 30 минут. Звоните!"
Верхняя Пышма,Ремонт окон,remont-okon,+7 (984) 333-32-49,https://master-na-dom.online/remont-okon-verkhnyaya-pyshma,remont-okon-verkhnyaya-pyshma,Ремонт окон в Верхняя Пышме | ПроМастер,"Ремонт окон в Верхняя Пышме с выездом на дом. Регулировка фурнитуры, замена уплотнителя, устранение продувания. Звоните!"
Верхняя Пышма,Клининг,klining,+7 (984) 333-32-49,https://master-na-dom.online/klining-verkhnyaya-pyshma,klining-verkhnyaya-pyshma,Клининг в Верхняя Пышме — вызов мастера на дом | ПроМастер,"Клининг в Верхняя Пышме с выездом на дом. Генеральная уборка, уборка после ремонта, мытьё окон. Профессиональная химия и оборудование. Звоните!"
Верхняя Пышма,Сборка мебели,sborka-mebeli,+7 (984) 333-32-49,https://master-na-dom.online/sborka-mebeli-verkhnyaya-pyshma,sborka-mebeli-verkhnyaya-pyshma,Сборка мебели в Верхняя Пышме — вызов мастера на дом | ПроМастер,"Сборка мебели в Верхняя Пышме с выездом на дом. Сборка шкафов, кухонь, кроватей и стеллажей. Аккуратно и со своим инструментом. Звоните!"
Волгоград,Ремонт стиральных машин,remont-stiralnyh-mashin,+7 (969) 999-24-97,https://master-na-dom.online/remont-stiralnyh-mashin-volgograd,remont-stiralnyh-mashin-volgograd,Ремонт стиральных машин в Волгограде | ПроМастер,"Ремонт стиральных машин в Волгограде с выездом на дом. Samsung, LG, Bosch, Indesit и другие марки. Диагностика бесплатно. Гарантия на ремонт. Звоните!"
Волгоград,Ремонт холодильников,remont-holodilnikov,+7 (969) 999-24-97,https://master-na-dom.online/remont-holodilnikov-volgograd,remont-holodilnikov-volgograd,Ремонт холодильников в Волгограде | ПроМастер,"Ремонт холодильников в Волгограде с выездом на дом. Samsung, LG, Bosch, Atlant и другие марки. Диагностика бесплатно. Гарантия на ремонт. Звоните!"
Волгоград,Ремонт посудомоечных машин,remont-pmm,+7 (969) 999-24-97,https://master-na-dom.online/remont-pmm-volgograd,remont-pmm-volgograd,Ремонт посудомоечных машин в Волгограде | ПроМастер,"Ремонт посудомоечных машин в Волгограде с выездом на дом. Bosch, Siemens, Electrolux и другие марки. Диагностика бесплатно. Звоните!"
Волгоград,Ремонт кондиционеров,remont-kondicionerov,+7 (969) 999-24-97,https://master-na-dom.online/remont-kondicionerov-volgograd,remont-kondicionerov-volgograd,Ремонт кондиционеров в Волгограде | ПроМастер,"Ремонт кондиционеров в Волгограде с выездом на дом. Обслуживание, заправка фреоном, ремонт сплит-систем. Гарантия на работы. Звоните!"
Волгоград,Компьютерная помощь,kp,+7 (986) 089-07-04,https://master-na-dom.online/kp-volgograd,kp-volgograd,Компьютерная помощь в Волгограде | ПроМастер,"Компьютерная помощь в Волгограде с выездом на дом. Настройка ПК, удаление вирусов, восстановление данных. Выезд мастера на дом. Звоните!"
Волгоград,Ремонт телевизоров,remont-televizorov,+7 (986) 089-07-04,https://master-na-dom.online/remont-televizorov-volgograd,remont-televizorov-volgograd,Ремонт телевизоров в Волгограде | ПроМастер,"Ремонт телевизоров в Волгограде с выездом на дом. Ремонт LED, OLED, Smart TV. Диагностика бесплатно. Гарантия на ремонт. Звоните!"
Волгоград,Ремонт варочных панелей,remont-varochnyh-panelej,+7 (969) 999-24-97,https://master-na-dom.online/remont-varochnyh-panelej-volgograd,remont-varochnyh-panelej-volgograd,Ремонт варочных панелей в Волгограде | ПроМастер,"Ремонт варочных панелей в Волгограде с выездом на дом. Индукционные, электрические и газовые панели. Гарантия на ремонт. Звоните!"
Волгоград,Ремонт духовых шкафов,remont-duhovyh-shkafov,+7 (969) 999-24-97,https://master-na-dom.online/remont-duhovyh-shkafov-volgograd,remont-duhovyh-shkafov-volgograd,Ремонт духовых шкафов в Волгограде | ПроМастер,Ремонт духовых шкафов в Волгограде с выездом на дом. Электрические и газовые духовки. Диагностика бесплатно. Звоните!
Волгоград,Ремонт водонагревателей,remont-vodonagrevatelej,+7 (969) 999-24-97,https://master-na-dom.online/remont-vodonagrevatelej-volgograd,remont-vodonagrevatelej-volgograd,Ремонт водонагревателей в Волгограде | ПроМастер,Ремонт водонагревателей в Волгограде с выездом на дом. Ремонт бойлеров и проточных водонагревателей. Гарантия на работы. Звоните!
Волгоград,Ремонт кофемашин,remont-kofemashin,+7 (969) 999-24-97,https://master-na-dom.online/remont-kofemashin-volgograd,remont-kofemashin-volgograd,Ремонт кофемашин в Волгограде | ПроМастер,"Ремонт кофемашин в Волгограде с выездом на дом. DeLonghi, Saeco, Bosch, Jura и другие марки. Диагностика бесплатно. Звоните!"
Волгоград,Дезинфекция,dezinfekciya,+7 (984) 333-32-49,https://master-na-dom.online/dezinfekciya-volgograd,dezinfekciya-volgograd,Дезинфекция в Волгограде — вызов мастера на дом | ПроМастер,"Дезинфекция в Волгограде с выездом на дом. Уничтожение насекомых, грызунов и плесени. Безопасные препараты, гарантия результата. Звоните!"
Волгоград,Электрик,elektrik,+7 (984) 333-32-49,https://master-na-dom.online/elektrik-volgograd,elektrik-volgograd,Электрик в Волгограде | ПроМастер,"Электрик в Волгограде с выездом на дом. Замена проводки, установка розеток, поиск неисправностей. Гарантия на работы. Звоните!"
Волгоград,Сантехник,santehnik,+7 (984) 333-32-49,https://master-na-dom.online/santehnik-volgograd,santehnik-volgograd,Сантехник в Волгограде | ПроМастер,"Сантехник в Волгограде с выездом на дом. Устранение протечек, замена смесителей, прочистка канализации. Гарантия на работы. Звоните!"
Волгоград,Мастер на час,master-na-chas,+7 (984) 333-32-49,https://master-na-dom.online/master-na-chas-volgograd,master-na-chas-volgograd,Мастер на час в Волгограде | ПроМастер,"Мастер на час в Волгограде с выездом на дом. Мелкий ремонт, сборка мебели, навешивание полок. Выезд за 30 минут. Звоните!"
Волгоград,Ремонт окон,remont-okon,+7 (984) 333-32-49,https://master-na-dom.online/remont-okon-volgograd,remont-okon-volgograd,Ремонт окон в Волгограде | ПроМастер,"Ремонт окон в Волгограде с выездом на дом. Регулировка фурнитуры, замена уплотнителя, устранение продувания. Звоните!"
Волгоград,Клининг,klining,+7 (984) 333-32-49,https://master-na-dom.online/klining-volgograd,klining-volgograd,Клининг в Волгограде — вызов мастера на дом | ПроМастер,"Клининг в Волгограде с выездом на дом. Генеральная уборка, уборка после ремонта, мытьё окон. Профессиональная химия и оборудование. Звоните!"
Волгоград,Сборка мебели,sborka-mebeli,+7 (984) 333-32-49,https://master-na-dom.online/sborka-mebeli-volgograd,sborka-mebeli-volgograd,Сборка мебели в Волгограде — вызов мастера на дом | ПроМастер,"Сборка мебели в Волгограде с выездом на дом. Сборка шкафов, кухонь, кроватей и стеллажей. Аккуратно и со своим инструментом. Звоните!"
Волжский,Ремонт стиральных машин,remont-stiralnyh-mashin,+7 (969) 999-24-97,https://master-na-dom.online/remont-stiralnyh-mashin-volzhskiy,remont-stiralnyh-mashin-volzhskiy,Ремонт стиральных машин в Волжском | ПроМастер,"Ремонт стиральных машин в Волжском с выездом на дом. Samsung, LG, Bosch, Indesit и другие марки. Диагностика бесплатно. Гарантия на ремонт. Звоните!"
Волжский,Ремонт холодильников,remont-holodilnikov,+7 (969) 999-24-97,https://master-na-dom.online/remont-holodilnikov-volzhskiy,remont-holodilnikov-volzhskiy,Ремонт холодильников в Волжском | ПроМастер,"Ремонт холодильников в Волжском с выездом на дом. Samsung, LG, Bosch, Atlant и другие марки. Диагностика бесплатно. Гарантия на ремонт. Звоните!"
Волжский,Ремонт посудомоечных машин,remont-pmm,+7 (969) 999-24-97,https://master-na-dom.online/remont-pmm-volzhskiy,remont-pmm-volzhskiy,Ремонт посудомоечных машин в Волжском | ПроМастер,"Ремонт посудомоечных машин в Волжском с выездом на дом. Bosch, Siemens, Electrolux и другие марки. Диагностика бесплатно. Звоните!"
Волжский,Ремонт кондиционеров,remont-kondicionerov,+7 (969) 999-24-97,https://master-na-dom.online/remont-kondicionerov-volzhskiy,remont-kondicionerov-volzhskiy,Ремонт кондиционеров в Волжском | ПроМастер,"Ремонт кондиционеров в Волжском с выездом на дом. Обслуживание, заправка фреоном, ремонт сплит-систем. Гарантия на работы. Звоните!"
Волжский,Компьютерная помощь,kp,+7 (986) 089-07-04,https://master-na-dom.online/kp-volzhskiy,kp-volzhskiy,Компьютерная помощь в Волжском | ПроМастер,"Компьютерная помощь в Волжском с выездом на дом. Настройка ПК, удаление вирусов, восстановление данных. Выезд мастера на дом. Звоните!"
Волжский,Ремонт телевизоров,remont-televizorov,+7 (986) 089-07-04,https://master-na-dom.online/remont-televizorov-volzhskiy,remont-televizorov-volzhskiy,Ремонт телевизоров в Волжском | ПроМастер,"Ремонт телевизоров в Волжском с выездом на дом. Ремонт LED, OLED, Smart TV. Диагностика бесплатно. Гарантия на ремонт. Звоните!"
Волжский,Ремонт варочных панелей,remont-varochnyh-panelej,+7 (969) 999-24-97,https://master-na-dom.online/remont-varochnyh-panelej-volzhskiy,remont-varochnyh-panelej-volzhskiy,Ремонт варочных панелей в Волжском | ПроМастер,"Ремонт варочных панелей в Волжском с выездом на дом. Индукционные, электрические и газовые панели. Гарантия на ремонт. Звоните!"
Волжский,Ремонт духовых шкафов,remont-duhovyh-shkafov,+7 (969) 999-24-97,https://master-na-dom.online/remont-duhovyh-shkafov-volzhskiy,remont-duhovyh-shkafov-volzhskiy,Ремонт духовых шкафов в Волжском | ПроМастер,Ремонт духовых шкафов в Волжском с выездом на дом. Электрические и газовые духовки. Диагностика бесплатно. Звоните!
Волжский,Ремонт водонагревателей,remont-vodonagrevatelej,+7 (969) 999-24-97,https://master-na-dom.online/remont-vodonagrevatelej-volzhskiy,remont-vodonagrevatelej-volzhskiy,Ремонт водонагревателей в Волжском | ПроМастер,Ремонт водонагревателей в Волжском с выездом на дом. Ремонт бойлеров и проточных водонагревателей. Гарантия на работы. Звоните!
Волжский,Ремонт кофемашин,remont-kofemashin,+7 (969) 999-24-97,https://master-na-dom.online/remont-kofemashin-volzhskiy,remont-kofemashin-volzhskiy,Ремонт кофемашин в Волжском | ПроМастер,"Ремонт кофемашин в Волжском с выездом на дом. DeLonghi, Saeco, Bosch, Jura и другие марки. Диагностика бесплатно. Звоните!"
Волжский,Дезинфекция,dezinfekciya,+7 (984) 333-32-49,https://master-na-dom.online/dezinfekciya-volzhskiy,dezinfekciya-volzhskiy,Дезинфекция в Волжском — вызов мастера на дом | ПроМастер,"Дезинфекция в Волжском с выездом на дом. Уничтожение насекомых, грызунов и плесени. Безопасные препараты, гарантия результата. Звоните!"
Волжский,Электрик,elektrik,+7 (984) 333-32-49,https://master-na-dom.online/elektrik-volzhskiy,elektrik-volzhskiy,Электрик в Волжском | ПроМастер,"Электрик в Волжском с выездом на дом. Замена проводки, установка розеток, поиск неисправностей. Гарантия на работы. Звоните!"
Волжский,Сантехник,santehnik,+7 (984) 333-32-49,https://master-na-dom.online/santehnik-volzhskiy,santehnik-volzhskiy,Сантехник в Волжском | ПроМастер,"Сантехник в Волжском с выездом на дом. Устранение протечек, замена смесителей, прочистка канализации. Гарантия на работы. Звоните!"
Волжский,Мастер на час,master-na-chas,+7 (984) 333-32-49,https://master-na-dom.online/master-na-chas-volzhskiy,master-na-chas-volzhskiy,Мастер на час в Волжском | ПроМастер,"Мастер на час в Волжском с выездом на дом. Мелкий ремонт, сборка мебели, навешивание полок. Выезд за 30 минут. Звоните!"
Волжский,Ремонт окон,remont-okon,+7 (984) 333-32-49,https://master-na-dom.online/remont-okon-volzhskiy,remont-okon-volzhskiy,Ремонт окон в Волжском | ПроМастер,"Ремонт окон в Волжском с выездом на дом. Регулировка фурнитуры, замена уплотнителя, устранение продувания. Звоните!"
Волжский,Клининг,klining,+7 (984) 333-32-49,https://master-na-dom.online/klining-volzhskiy,klining-volzhskiy,Клининг в Волжском — вызов мастера на дом | ПроМастер,"Клининг в Волжском с выездом на дом. Генеральная уборка, уборка после ремонта, мытьё окон. Профессиональная химия и оборудование. Звоните!"
Волжский,Сборка мебели,sborka-mebeli,+7 (984) 333-32-49,https://master-na-dom.online/sborka-mebeli-volzhskiy,sborka-mebeli-volzhskiy,Сборка мебели в Волжском — вызов мастера на дом | ПроМастер,"Сборка мебели в Волжском с выездом на дом. Сборка шкафов, кухонь, кроватей и стеллажей. Аккуратно и со своим инструментом. Звоните!"
Вологда,Ремонт стиральных машин,remont-stiralnyh-mashin,+7 (969) 999-24-97,https://master-na-dom.online/remont-stiralnyh-mashin-vologda,remont-stiralnyh-mashin-vologda,Ремонт стиральных машин в Вологде | ПроМастер,"Ремонт стиральных машин в Вологде с выездом на дом. Samsung, LG, Bosch, Indesit и другие марки. Диагностика бесплатно. Гарантия на ремонт. Звоните!"
Вологда,Ремонт холодильников,remont-holodilnikov,+7 (969) 999-24-97,https://master-na-dom.online/remont-holodilnikov-vologda,remont-holodilnikov-vologda,Ремонт холодильников в Вологде | ПроМастер,"Ремонт холодильников в Вологде с выездом на дом. Samsung, LG, Bosch, Atlant и другие марки. Диагностика бесплатно. Гарантия на ремонт. Звоните!"
Вологда,Ремонт посудомоечных машин,remont-pmm,+7 (969) 999-24-97,https://master-na-dom.online/remont-pmm-vologda,remont-pmm-vologda,Ремонт посудомоечных машин в Вологде | ПроМастер,"Ремонт посудомоечных машин в Вологде с выездом на дом. Bosch, Siemens, Electrolux и другие марки. Диагностика бесплатно. Звоните!"
Вологда,Ремонт кондиционеров,remont-kondicionerov,+7 (969) 999-24-97,https://master-na-dom.online/remont-kondicionerov-vologda,remont-kondicionerov-vologda,Ремонт кондиционеров в Вологде | ПроМастер,"Ремонт кондиционеров в Вологде с выездом на дом. Обслуживание, заправка фреоном, ремонт сплит-систем. Гарантия на работы. Звоните!"
Вологда,Компьютерная помощь,kp,+7 (986) 089-07-04,https://master-na-dom.online/kp-vologda,kp-vologda,Компьютерная помощь в Вологде | ПроМастер,"Компьютерная помощь в Вологде с выездом на дом. Настройка ПК, удаление вирусов, восстановление данных. Выезд мастера на дом. Звоните!"
Вологда,Ремонт телевизоров,remont-televizorov,+7 (986) 089-07-04,https://master-na-dom.online/remont-televizorov-vologda,remont-televizorov-vologda,Ремонт телевизоров в Вологде | ПроМастер,"Ремонт телевизоров в Вологде с выездом на дом. Ремонт LED, OLED, Smart TV. Диагностика бесплатно. Гарантия на ремонт. Звоните!"
Вологда,Ремонт варочных панелей,remont-varochnyh-panelej,+7 (969) 999-24-97,https://master-na-dom.online/remont-varochnyh-panelej-vologda,remont-varochnyh-panelej-vologda,Ремонт варочных панелей в Вологде | ПроМастер,"Ремонт варочных панелей в Вологде с выездом на дом. Индукционные, электрические и газовые панели. Гарантия на ремонт. Звоните!"
Вологда,Ремонт духовых шкафов,remont-duhovyh-shkafov,+7 (969) 999-24-97,https://master-na-dom.online/remont-duhovyh-shkafov-vologda,remont-duhovyh-shkafov-vologda,Ремонт духовых шкафов в Вологде | ПроМастер,Ремонт духовых шкафов в Вологде с выездом на дом. Электрические и газовые духовки. Диагностика бесплатно. Звоните!
Вологда,Ремонт водонагревателей,remont-vodonagrevatelej,+7 (969) 999-24-97,https://master-na-dom.online/remont-vodonagrevatelej-vologda,remont-vodonagrevatelej-vologda,Ремонт водонагревателей в Вологде | ПроМастер,Ремонт водонагревателей в Вологде с выездом на дом. Ремонт бойлеров и проточных водонагревателей. Гарантия на работы. Звоните!
Вологда,Ремонт кофемашин,remont-kofemashin,+7 (969) 999-24-97,https://master-na-dom.online/remont-kofemashin-vologda,remont-kofemashin-vologda,Ремонт кофемашин в Вологде | ПроМастер,"Ремонт кофемашин в Вологде с выездом на дом. DeLonghi, Saeco, Bosch, Jura и другие марки. Диагностика бесплатно. Звоните!"
Вологда,Дезинфекция,dezinfekciya,+7 (984) 333-32-49,https://master-na-dom.online/dezinfekciya-vologda,dezinfekciya-vologda,Дезинфекция в Вологде — вызов мастера на дом | ПроМастер,"Дезинфекция в Вологде с выездом на дом. Уничтожение насекомых, грызунов и плесени. Безопасные препараты, гарантия результата. Звоните!"
Вологда,Электрик,elektrik,+7 (984) 333-32-49,https://master-na-dom.online/elektrik-vologda,elektrik-vologda,Электрик в Вологде | ПроМастер,"Электрик в Вологде с выездом на дом. Замена проводки, установка розеток, поиск неисправностей. Гарантия на работы. Звоните!"
Вологда,Сантехник,santehnik,+7 (984) 333-32-49,https://master-na-dom.online/santehnik-vologda,santehnik-vologda,Сантехник в Вологде | ПроМастер,"Сантехник в Вологде с выездом на дом. Устранение протечек, замена смесителей, прочистка канализации. Гарантия на работы. Звоните!"
Вологда,Мастер на час,master-na-chas,+7 (984) 333-32-49,https://master-na-dom.online/master-na-chas-vologda,master-na-chas-vologda,Мастер на час в Вологде | ПроМастер,"Мастер на час в Вологде с выездом на дом. Мелкий ремонт, сборка мебели, навешивание полок. Выезд за 30 минут. Звоните!"
Вологда,Ремонт окон,remont-okon,+7 (984) 333-32-49,https://master-na-dom.online/remont-okon-vologda,remont-okon-vologda,Ремонт окон в Вологде | ПроМастер,"Ремонт окон в Вологде с выездом на дом. Регулировка фурнитуры, замена уплотнителя, устранение продувания. Звоните!"
Вологда,Клининг,klining,+7 (984) 333-32-49,https://master-na-dom.online/klining-vologda,klining-vologda,Клининг в Вологде — вызов мастера на дом | ПроМастер,"Клининг в Вологде с выездом на дом. Генеральная уборка, уборка после ремонта, мытьё окон. Профессиональная химия и оборудование. Звоните!"
Вологда,Сборка мебели,sborka-mebeli,+7 (984) 333-32-49,https://master-na-dom.online/sborka-mebeli-vologda,sborka-mebeli-vologda,Сборка мебели в Вологде — вызов мастера на дом | ПроМастер,"Сборка мебели в Вологде с выездом на дом. Сборка шкафов, кухонь, кроватей и стеллажей. Аккуратно и со своим инструментом. Звоните!"
Воронеж,Ремонт стиральных машин,remont-stiralnyh-mashin,+7 (969) 999-24-97,https://master-na-dom.online/remont-stiralnyh-mashin-voronezh,remont-stiralnyh-mashin-voronezh,Ремонт стиральных машин в Воронеже | ПроМастер,"Ремонт стиральных машин в Воронеже с выездом на дом. Samsung, LG, Bosch, Indesit и другие марки. Диагностика бесплатно. Гарантия на ремонт. Звоните!"
Воронеж,Ремонт холодильников,remont-holodilnikov,+7 (969) 999-24-97,https://master-na-dom.online/remont-holodilnikov-voronezh,remont-holodilnikov-voronezh,Ремонт холодильников в Воронеже | ПроМастер,"Ремонт холодильников в Воронеже с выездом на дом. Samsung, LG, Bosch, Atlant и другие марки. Диагностика бесплатно. Гарантия на ремонт. Звоните!"
Воронеж,Ремонт посудомоечных машин,remont-pmm,+7 (969) 999-24-97,https://master-na-dom.online/remont-pmm-voronezh,remont-pmm-voronezh,Ремонт посудомоечных машин в Воронеже | ПроМастер,"Ремонт посудомоечных машин в Воронеже с выездом на дом. Bosch, Siemens, Electrolux и другие марки. Диагностика бесплатно. Звоните!"
Воронеж,Ремонт кондиционеров,remont-kondicionerov,+7 (969) 999-24-97,https://master-na-dom.online/remont-kondicionerov-voronezh,remont-kondicionerov-voronezh,Ремонт кондиционеров в Воронеже | ПроМастер,"Ремонт кондиционеров в Воронеже с выездом на дом. Обслуживание, заправка фреоном, ремонт сплит-систем. Гарантия на работы. Звоните!"
Воронеж,Компьютерная помощь,kp,+7 (986) 089-07-04,https://master-na-dom.online/kp-voronezh,kp-voronezh,Компьютерная помощь в Воронеже | ПроМастер,"Компьютерная помощь в Воронеже с выездом на дом. Настройка ПК, удаление вирусов, восстановление данных. Выезд мастера на дом. Звоните!"
Воронеж,Ремонт телевизоров,remont-televizorov,+7 (986) 089-07-04,https://master-na-dom.online/remont-televizorov-voronezh,remont-televizorov-voronezh,Ремонт телевизоров в Воронеже | ПроМастер,"Ремонт телевизоров в Воронеже с выездом на дом. Ремонт LED, OLED, Smart TV. Диагностика бесплатно. Гарантия на ремонт. Звоните!"
Воронеж,Ремонт варочных панелей,remont-varochnyh-panelej,+7 (969) 999-24-97,https://master-na-dom.online/remont-varochnyh-panelej-voronezh,remont-varochnyh-panelej-voronezh,Ремонт варочных панелей в Воронеже | ПроМастер,"Ремонт варочных панелей в Воронеже с выездом на дом. Индукционные, электрические и газовые панели. Гарантия на ремонт. Звоните!"
Воронеж,Ремонт духовых шкафов,remont-duhovyh-shkafov,+7 (969) 999-24-97,https://master-na-dom.online/remont-duhovyh-shkafov-voronezh,remont-duhovyh-shkafov-voronezh,Ремонт духовых шкафов в Воронеже | ПроМастер,Ремонт духовых шкафов в Воронеже с выездом на дом. Электрические и газовые духовки. Диагностика бесплатно. Звоните!
Воронеж,Ремонт водонагревателей,remont-vodonagrevatelej,+7 (969) 999-24-97,https://master-na-dom.online/remont-vodonagrevatelej-voronezh,remont-vodonagrevatelej-voronezh,Ремонт водонагревателей в Воронеже | ПроМастер,Ремонт водонагревателей в Воронеже с выездом на дом. Ремонт бойлеров и проточных водонагревателей. Гарантия на работы. Звоните!
Воронеж,Ремонт кофемашин,remont-kofemashin,+7 (969) 999-24-97,https://master-na-dom.online/remont-kofemashin-voronezh,remont-kofemashin-voronezh,Ремонт кофемашин в Воронеже | ПроМастер,"Ремонт кофемашин в Воронеже с выездом на дом. DeLonghi, Saeco, Bosch, Jura и другие марки. Диагностика бесплатно. Звоните!"
Воронеж,Дезинфекция,dezinfekciya,+7 (984) 333-32-49,https://master-na-dom.online/dezinfekciya-voronezh,dezinfekciya-voronezh,Дезинфекция в Воронеже — вызов мастера на дом | ПроМастер,"Дезинфекция в Воронеже с выездом на дом. Уничтожение насекомых, грызунов и плесени. Безопасные препараты, гарантия результата. Звоните!"
Воронеж,Электрик,elektrik,+7 (984) 333-32-49,https://master-na-dom.online/elektrik-voronezh,elektrik-voronezh,Электрик в Воронеже | ПроМастер,"Электрик в Воронеже с выездом на дом. Замена проводки, установка розеток, поиск неисправностей. Гарантия на работы. Звоните!"
Воронеж,Сантехник,santehnik,+7 (984) 333-32-49,https://master-na-dom.online/santehnik-voronezh,santehnik-voronezh,Сантехник в Воронеже | ПроМастер,"Сантехник в Воронеже с выездом на дом. Устранение протечек, замена смесителей, прочистка канализации. Гарантия на работы. Звоните!"
Воронеж,Мастер на час,master-na-chas,+7 (984) 333-32-49,https://master-na-dom.online/master-na-chas-voronezh,master-na-chas-voronezh,Мастер на час в Воронеже | ПроМастер,"Мастер на час в Воронеже с выездом на дом. Мелкий ремонт, сборка мебели, навешивание полок. Выезд за 30 минут. Звоните!"
Воронеж,Ремонт окон,remont-okon,+7 (984) 333-32-49,https://master-na-dom.online/remont-okon-voronezh,remont-okon-voronezh,Ремонт окон в Воронеже | ПроМастер,"Ремонт окон в Воронеже с выездом на дом. Регулировка фурнитуры, замена уплотнителя, устранение продувания. Звоните!"
Воронеж,Клининг,klining,+7 (984) 333-32-49,https://master-na-dom.online/klining-voronezh,klining-voronezh,Клининг в Воронеже — вызов мастера на дом | ПроМастер,"Клининг в Воронеже с выездом на дом. Генеральная уборка, уборка после ремонта, мытьё окон. Профессиональная химия и оборудование. Звоните!"
Воронеж,Сборка мебели,sborka-mebeli,+7 (984) 333-32-49,https://master-na-dom.online/sborka-mebeli-voronezh,sborka-mebeli-voronezh,Сборка мебели в Воронеже — вызов мастера на дом | ПроМастер,"Сборка мебели в Воронеже с выездом на дом. Сборка шкафов, кухонь, кроватей и стеллажей. Аккуратно и со своим инструментом. Звоните!"
Грязи,Ремонт стиральных машин,remont-stiralnyh-mashin,+7 (969) 999-24-97,https://master-na-dom.online/remont-stiralnyh-mashin-gryazi,remont-stiralnyh-mashin-gryazi,Ремонт стиральных машин в Грязи | ПроМастер,"Ремонт стиральных машин в Грязи с выездом на дом. Samsung, LG, Bosch, Indesit и другие марки. Диагностика бесплатно. Гарантия на ремонт. Звоните!"
Грязи,Ремонт холодильников,remont-holodilnikov,+7 (969) 999-24-97,https://master-na-dom.online/remont-holodilnikov-gryazi,remont-holodilnikov-gryazi,Ремонт холодильников в Грязи | ПроМастер,"Ремонт холодильников в Грязи с выездом на дом. Samsung, LG, Bosch, Atlant и другие марки. Диагностика бесплатно. Гарантия на ремонт. Звоните!"
Грязи,Ремонт посудомоечных машин,remont-pmm,+7 (969) 999-24-97,https://master-na-dom.online/remont-pmm-gryazi,remont-pmm-gryazi,Ремонт посудомоечных машин в Грязи | ПроМастер,"Ремонт посудомоечных машин в Грязи с выездом на дом. Bosch, Siemens, Electrolux и другие марки. Диагностика бесплатно. Звоните!"
Грязи,Ремонт кондиционеров,remont-kondicionerov,+7 (969) 999-24-97,https://master-na-dom.online/remont-kondicionerov-gryazi,remont-kondicionerov-gryazi,Ремонт кондиционеров в Грязи | ПроМастер,"Ремонт кондиционеров в Грязи с выездом на дом. Обслуживание, заправка фреоном, ремонт сплит-систем. Гарантия на работы. Звоните!"
Грязи,Компьютерная помощь,kp,+7 (986) 089-07-04,https://master-na-dom.online/kp-gryazi,kp-gryazi,Компьютерная помощь в Грязи | ПроМастер,"Компьютерная помощь в Грязи с выездом на дом. Настройка ПК, удаление вирусов, восстановление данных. Выезд мастера на дом. Звоните!"
Грязи,Ремонт телевизоров,remont-televizorov,+7 (986) 089-07-04,https://master-na-dom.online/remont-televizorov-gryazi,remont-televizorov-gryazi,Ремонт телевизоров в Грязи | ПроМастер,"Ремонт телевизоров в Грязи с выездом на дом. Ремонт LED, OLED, Smart TV. Диагностика бесплатно. Гарантия на ремонт. Звоните!"
Грязи,Ремонт варочных панелей,remont-varochnyh-panelej,+7 (969) 999-24-97,https://master-na-dom.online/remont-varochnyh-panelej-gryazi,remont-varochnyh-panelej-gryazi,Ремонт варочных панелей в Грязи | ПроМастер,"Ремонт варочных панелей в Грязи с выездом на дом. Индукционные, электрические и газовые панели. Гарантия на ремонт. Звоните!"
Грязи,Ремонт духовых шкафов,remont-duhovyh-shkafov,+7 (969) 999-24-97,https://master-na-dom.online/remont-duhovyh-shkafov-gryazi,remont-duhovyh-shkafov-gryazi,Ремонт духовых шкафов в Грязи | ПроМастер,Ремонт духовых шкафов в Грязи с выездом на дом. Электрические и газовые духовки. Диагностика бесплатно. Звоните!
Грязи,Ремонт водонагревателей,remont-vodonagrevatelej,+7 (969) 999-24-97,https://master-na-dom.online/remont-vodonagrevatelej-gryazi,remont-vodonagrevatelej-gryazi,Ремонт водонагревателей в Грязи | ПроМастер,Ремонт водонагревателей в Грязи с выездом на дом. Ремонт бойлеров и проточных водонагревателей. Гарантия на работы. Звоните!
Грязи,Ремонт кофемашин,remont-kofemashin,+7 (969) 999-24-97,https://master-na-dom.online/remont-kofemashin-gryazi,remont-kofemashin-gryazi,Ремонт кофемашин в Грязи | ПроМастер,"Ремонт кофемашин в Грязи с выездом на дом. DeLonghi, Saeco, Bosch, Jura и другие марки. Диагностика бесплатно. Звоните!"
Грязи,Дезинфекция,dezinfekciya,+7 (984) 333-32-49,https://master-na-dom.online/dezinfekciya-gryazi,dezinfekciya-gryazi,Дезинфекция в Грязи — вызов мастера на дом | ПроМастер,"Дезинфекция в Грязи с выездом на дом. Уничтожение насекомых, грызунов и плесени. Безопасные препараты, гарантия результата. Звоните!"
Грязи,Электрик,elektrik,+7 (984) 333-32-49,https://master-na-dom.online/elektrik-gryazi,elektrik-gryazi,Электрик в Грязи | ПроМастер,"Электрик в Грязи с выездом на дом. Замена проводки, установка розеток, поиск неисправностей. Гарантия на работы. Звоните!"
Грязи,Сантехник,santehnik,+7 (984) 333-32-49,https://master-na-dom.online/santehnik-gryazi,santehnik-gryazi,Сантехник в Грязи | ПроМастер,"Сантехник в Грязи с выездом на дом. Устранение протечек, замена смесителей, прочистка канализации. Гарантия на работы. Звоните!"
Грязи,Мастер на час,master-na-chas,+7 (984) 333-32-49,https://master-na-dom.online/master-na-chas-gryazi,master-na-chas-gryazi,Мастер на час в Грязи | ПроМастер,"Мастер на час в Грязи с выездом на дом. Мелкий ремонт, сборка мебели, навешивание полок. Выезд за 30 минут. Звоните!"
Грязи,Ремонт окон,remont-okon,+7 (984) 333-32-49,https://master-na-dom.online/remont-okon-gryazi,remont-okon-gryazi,Ремонт окон в Грязи | ПроМастер,"Ремонт окон в Грязи с выездом на дом. Регулировка фурнитуры, замена уплотнителя, устранение продувания. Звоните!"
Грязи,Клининг,klining,+7 (984) 333-32-49,https://master-na-dom.online/klining-gryazi,klining-gryazi,Клининг в Грязи — вызов мастера на дом | ПроМастер,"Клининг в Грязи с выездом на дом. Генеральная уборка, уборка после ремонта, мытьё окон. Профессиональная химия и оборудование. Звоните!"
Грязи,Сборка мебели,sborka-mebeli,+7 (984) 333-32-49,https://master-na-dom.online/sborka-mebeli-gryazi,sborka-mebeli-gryazi,Сборка мебели в Грязи — вызов мастера на дом | ПроМастер,"Сборка мебели в Грязи с выездом на дом. Сборка шкафов, кухонь, кроватей и стеллажей. Аккуратно и со своим инструментом. Звоните!"
Екатеринбург,Ремонт стиральных машин,remont-stiralnyh-mashin,+7 (969) 999-24-97,https://master-na-dom.online/remont-stiralnyh-mashin-ekaterinburg,remont-stiralnyh-mashin-ekaterinburg,Ремонт стиральных машин в Екатеринбурге | ПроМастер,"Ремонт стиральных машин в Екатеринбурге с выездом на дом. Samsung, LG, Bosch, Indesit и другие марки. Диагностика бесплатно. Гарантия на ремонт. Звоните!"
Екатеринбург,Ремонт холодильников,remont-holodilnikov,+7 (969) 999-24-97,https://master-na-dom.online/remont-holodilnikov-ekaterinburg,remont-holodilnikov-ekaterinburg,Ремонт холодильников в Екатеринбурге | ПроМастер,"Ремонт холодильников в Екатеринбурге с выездом на дом. Samsung, LG, Bosch, Atlant и другие марки. Диагностика бесплатно. Гарантия на ремонт. Звоните!"
Екатеринбург,Ремонт посудомоечных машин,remont-pmm,+7 (969) 999-24-97,https://master-na-dom.online/remont-pmm-ekaterinburg,remont-pmm-ekaterinburg,Ремонт посудомоечных машин в Екатеринбурге | ПроМастер,"Ремонт посудомоечных машин в Екатеринбурге с выездом на дом. Bosch, Siemens, Electrolux и другие марки. Диагностика бесплатно. Звоните!"
Екатеринбург,Ремонт кондиционеров,remont-kondicionerov,+7 (969) 999-24-97,https://master-na-dom.online/remont-kondicionerov-ekaterinburg,remont-kondicionerov-ekaterinburg,Ремонт кондиционеров в Екатеринбурге | ПроМастер,"Ремонт кондиционеров в Екатеринбурге с выездом на дом. Обслуживание, заправка фреоном, ремонт сплит-систем. Гарантия на работы. Звоните!"
Екатеринбург,Компьютерная помощь,kp,+7 (986) 089-07-04,https://master-na-dom.online/kp-ekaterinburg,kp-ekaterinburg,Компьютерная помощь в Екатеринбурге | ПроМастер,"Компьютерная помощь в Екатеринбурге с выездом на дом. Настройка ПК, удаление вирусов, восстановление данных. Выезд мастера на дом. Звоните!"
Екатеринбург,Ремонт телевизоров,remont-televizorov,+7 (986) 089-07-04,https://master-na-dom.online/remont-televizorov-ekaterinburg,remont-televizorov-ekaterinburg,Ремонт телевизоров в Екатеринбурге | ПроМастер,"Ремонт телевизоров в Екатеринбурге с выездом на дом. Ремонт LED, OLED, Smart TV. Диагностика бесплатно. Гарантия на ремонт. Звоните!"
Екатеринбург,Ремонт варочных панелей,remont-varochnyh-panelej,+7 (969) 999-24-97,https://master-na-dom.online/remont-varochnyh-panelej-ekaterinburg,remont-varochnyh-panelej-ekaterinburg,Ремонт варочных панелей в Екатеринбурге | ПроМастер,"Ремонт варочных панелей в Екатеринбурге с выездом на дом. Индукционные, электрические и газовые панели. Гарантия на ремонт. Звоните!"
Екатеринбург,Ремонт духовых шкафов,remont-duhovyh-shkafov,+7 (969) 999-24-97,https://master-na-dom.online/remont-duhovyh-shkafov-ekaterinburg,remont-duhovyh-shkafov-ekaterinburg,Ремонт духовых шкафов в Екатеринбурге | ПроМастер,Ремонт духовых шкафов в Екатеринбурге с выездом на дом. Электрические и газовые духовки. Диагностика бесплатно. Звоните!
Екатеринбург,Ремонт водонагревателей,remont-vodonagrevatelej,+7 (969) 999-24-97,https://master-na-dom.online/remont-vodonagrevatelej-ekaterinburg,remont-vodonagrevatelej-ekaterinburg,Ремонт водонагревателей в Екатеринбурге | ПроМастер,Ремонт водонагревателей в Екатеринбурге с выездом на дом. Ремонт бойлеров и проточных водонагревателей. Гарантия на работы. Звоните!
Екатеринбург,Ремонт кофемашин,remont-kofemashin,+7 (969) 999-24-97,https://master-na-dom.online/remont-kofemashin-ekaterinburg,remont-kofemashin-ekaterinburg,Ремонт кофемашин в Екатеринбурге | ПроМастер,"Ремонт кофемашин в Екатеринбурге с выездом на дом. DeLonghi, Saeco, Bosch, Jura и другие марки. Диагностика бесплатно. Звоните!"
Екатеринбург,Дезинфекция,dezinfekciya,+7 (984) 333-32-49,https://master-na-dom.online/dezinfekciya-ekaterinburg,dezinfekciya-ekaterinburg,Дезинфекция в Екатеринбурге — вызов мастера на дом | ПроМастер,"Дезинфекция в Екатеринбурге с выездом на дом. Уничтожение насекомых, грызунов и плесени. Безопасные препараты, гарантия результата. Звоните!"
Екатеринбург,Электрик,elektrik,+7 (984) 333-32-49,https://master-na-dom.online/elektrik-ekaterinburg,elektrik-ekaterinburg,Электрик в Екатеринбурге | ПроМастер,"Электрик в Екатеринбурге с выездом на дом. Замена проводки, установка розеток, поиск неисправностей. Гарантия на работы. Звоните!"
Екатеринбург,Сантехник,santehnik,+7 (984) 333-32-49,https://master-na-dom.online/santehnik-ekaterinburg,santehnik-ekaterinburg,Сантехник в Екатеринбурге | ПроМастер,"Сантехник в Екатеринбурге с выездом на дом. Устранение протечек, замена смесителей, прочистка канализации. Гарантия на работы. Звоните!"
Екатеринбург,Мастер на час,master-na-chas,+7 (984) 333-32-49,https://master-na-dom.online/master-na-chas-ekaterinburg,master-na-chas-ekaterinburg,Мастер на час в Екатеринбурге | ПроМастер,"Мастер на час в Екатеринбурге с выездом на дом. Мелкий ремонт, сборка мебели, навешивание полок. Выезд за 30 минут. Звоните!"
Екатеринбург,Ремонт окон,remont-okon,+7 (984) 333-32-49,https://master-na-dom.online/remont-okon-ekaterinburg,remont-okon-ekaterinburg,Ремонт окон в Екатеринбурге | ПроМастер,"Ремонт окон в Екатеринбурге с выездом на дом. Регулировка фурнитуры, замена уплотнителя, устранение продувания. Звоните!"
Екатеринбург,Клининг,klining,+7 (984) 333-32-49,https://master-na-dom.online/klining-ekaterinburg,klining-ekaterinburg,Клининг в Екатеринбурге — вызов мастера на дом | ПроМастер,"Клининг в Екатеринбурге с выездом на дом. Генеральная уборка, уборка после ремонта, мытьё окон. Профессиональная химия и оборудование. Звоните!"
Екатеринбург,Сборка мебели,sborka-mebeli,+7 (984) 333-32-49,https://master-na-dom.online/sborka-mebeli-ekaterinburg,sborka-mebeli-ekaterinburg,Сборка мебели в Екатеринбурге — вызов мастера на дом | ПроМастер,"Сборка мебели в Екатеринбурге с выездом на дом. Сборка шкафов, кухонь, кроватей и стеллажей. Аккуратно и со своим инструментом. Звоните!"
Елабуга,Ремонт стиральных машин,remont-stiralnyh-mashin,+7 (969) 999-24-97,https://master-na-dom.online/remont-stiralnyh-mashin-elabuga,remont-stiralnyh-mashin-elabuga,Ремонт стиральных машин в Елабуге | ПроМастер,"Ремонт стиральных машин в Елабуге с выездом на дом. Samsung, LG, Bosch, Indesit и другие марки. Диагностика бесплатно. Гарантия на ремонт. Звоните!"
Елабуга,Ремонт холодильников,remont-holodilnikov,+7 (969) 999-24-97,https://master-na-dom.online/remont-holodilnikov-elabuga,remont-holodilnikov-elabuga,Ремонт холодильников в Елабуге | ПроМастер,"Ремонт холодильников в Елабуге с выездом на дом. Samsung, LG, Bosch, Atlant и другие марки. Диагностика бесплатно. Гарантия на ремонт. Звоните!"
Елабуга,Ремонт посудомоечных машин,remont-pmm,+7 (969) 999-24-97,https://master-na-dom.online/remont-pmm-elabuga,remont-pmm-elabuga,Ремонт посудомоечных машин в Елабуге | ПроМастер,"Ремонт посудомоечных машин в Елабуге с выездом на дом. Bosch, Siemens, Electrolux и другие марки. Диагностика бесплатно. Звоните!"
Елабуга,Ремонт кондиционеров,remont-kondicionerov,+7 (969) 999-24-97,https://master-na-dom.online/remont-kondicionerov-elabuga,remont-kondicionerov-elabuga,Ремонт кондиционеров в Елабуге | ПроМастер,"Ремонт кондиционеров в Елабуге с выездом на дом. Обслуживание, заправка фреоном, ремонт сплит-систем. Гарантия на работы. Звоните!"
Елабуга,Компьютерная помощь,kp,+7 (986) 089-07-04,https://master-na-dom.online/kp-elabuga,kp-elabuga,Компьютерная помощь в Елабуге | ПроМастер,"Компьютерная помощь в Елабуге с выездом на дом. Настройка ПК, удаление вирусов, восстановление данных. Выезд мастера на дом. Звоните!"
Елабуга,Ремонт телевизоров,remont-televizorov,+7 (986) 089-07-04,https://master-na-dom.online/remont-televizorov-elabuga,remont-televizorov-elabuga,Ремонт телевизоров в Елабуге | ПроМастер,"Ремонт телевизоров в Елабуге с выездом на дом. Ремонт LED, OLED, Smart TV. Диагностика бесплатно. Гарантия на ремонт. Звоните!"
Елабуга,Ремонт варочных панелей,remont-varochnyh-panelej,+7 (969) 999-24-97,https://master-na-dom.online/remont-varochnyh-panelej-elabuga,remont-varochnyh-panelej-elabuga,Ремонт варочных панелей в Елабуге | ПроМастер,"Ремонт варочных панелей в Елабуге с выездом на дом. Индукционные, электрические и газовые панели. Гарантия на ремонт. Звоните!"
Елабуга,Ремонт духовых шкафов,remont-duhovyh-shkafov,+7 (969) 999-24-97,https://master-na-dom.online/remont-duhovyh-shkafov-elabuga,remont-duhovyh-shkafov-elabuga,Ремонт духовых шкафов в Елабуге | ПроМастер,Ремонт духовых шкафов в Елабуге с выездом на дом. Электрические и газовые духовки. Диагностика бесплатно. Звоните!
Елабуга,Ремонт водонагревателей,remont-vodonagrevatelej,+7 (969) 999-24-97,https://master-na-dom.online/remont-vodonagrevatelej-elabuga,remont-vodonagrevatelej-elabuga,Ремонт водонагревателей в Елабуге | ПроМастер,Ремонт водонагревателей в Елабуге с выездом на дом. Ремонт бойлеров и проточных водонагревателей. Гарантия на работы. Звоните!
Елабуга,Ремонт кофемашин,remont-kofemashin,+7 (969) 999-24-97,https://master-na-dom.online/remont-kofemashin-elabuga,remont-kofemashin-elabuga,Ремонт кофемашин в Елабуге | ПроМастер,"Ремонт кофемашин в Елабуге с выездом на дом. DeLonghi, Saeco, Bosch, Jura и другие марки. Диагностика бесплатно. Звоните!"
Елабуга,Дезинфекция,dezinfekciya,+7 (984) 333-32-49,https://master-na-dom.online/dezinfekciya-elabuga,dezinfekciya-elabuga,Дезинфекция в Елабуге — вызов мастера на дом | ПроМастер,"Дезинфекция в Елабуге с выездом на дом. Уничтожение насекомых, грызунов и плесени. Безопасные препараты, гарантия результата. Звоните!"
Елабуга,Электрик,elektrik,+7 (984) 333-32-49,https://master-na-dom.online/elektrik-elabuga,elektrik-elabuga,Электрик в Елабуге | ПроМастер,"Электрик в Елабуге с выездом на дом. Замена проводки, установка розеток, поиск неисправностей. Гарантия на работы. Звоните!"
Елабуга,Сантехник,santehnik,+7 (984) 333-32-49,https://master-na-dom.online/santehnik-elabuga,santehnik-elabuga,Сантехник в Елабуге | ПроМастер,"Сантехник в Елабуге с выездом на дом. Устранение протечек, замена смесителей, прочистка канализации. Гарантия на работы. Звоните!"
Елабуга,Мастер на час,master-na-chas,+7 (984) 333-32-49,https://master-na-dom.online/master-na-chas-elabuga,master-na-chas-elabuga,Мастер на час в Елабуге | ПроМастер,"Мастер на час в Елабуге с выездом на дом. Мелкий ремонт, сборка мебели, навешивание полок. Выезд за 30 минут. Звоните!"
Елабуга,Ремонт окон,remont-okon,+7 (984) 333-32-49,https://master-na-dom.online/remont-okon-elabuga,remont-okon-elabuga,Ремонт окон в Елабуге | ПроМастер,"Ремонт окон в Елабуге с выездом на дом. Регулировка фурнитуры, замена уплотнителя, устранение продувания. Звоните!"
Елабуга,Клининг,klining,+7 (984) 333-32-49,https://master-na-dom.online/klining-elabuga,klining-elabuga,Клининг в Елабуге — вызов мастера на дом | ПроМастер,"Клининг в Елабуге с выездом на дом. Генеральная уборка, уборка после ремонта, мытьё окон. Профессиональная химия и оборудование. Звоните!"
Елабуга,Сборка мебели,sborka-mebeli,+7 (984) 333-32-49,https://master-na-dom.online/sborka-mebeli-elabuga,sborka-mebeli-elabuga,Сборка мебели в Елабуге — вызов мастера на дом | ПроМастер,"Сборка мебели в Елабуге с выездом на дом. Сборка шкафов, кухонь, кроватей и стеллажей. Аккуратно и со своим инструментом. Звоните!"
Жигулёвск,Ремонт стиральных машин,remont-stiralnyh-mashin,+7 (969) 999-24-97,https://master-na-dom.online/remont-stiralnyh-mashin-zhigulyovsk,remont-stiralnyh-mashin-zhigulyovsk,Ремонт стиральных машин в Жигулёвске | ПроМастер,"Ремонт стиральных машин в Жигулёвске с выездом на дом. Samsung, LG, Bosch, Indesit и другие марки. Диагностика бесплатно. Гарантия на ремонт. Звоните!"
Жигулёвск,Ремонт холодильников,remont-holodilnikov,+7 (969) 999-24-97,https://master-na-dom.online/remont-holodilnikov-zhigulyovsk,remont-holodilnikov-zhigulyovsk,Ремонт холодильников в Жигулёвске | ПроМастер,"Ремонт холодильников в Жигулёвске с выездом на дом. Samsung, LG, Bosch, Atlant и другие марки. Диагностика бесплатно. Гарантия на ремонт. Звоните!"
Жигулёвск,Ремонт посудомоечных машин,remont-pmm,+7 (969) 999-24-97,https://master-na-dom.online/remont-pmm-zhigulyovsk,remont-pmm-zhigulyovsk,Ремонт посудомоечных машин в Жигулёвске | ПроМастер,"Ремонт посудомоечных машин в Жигулёвске с выездом на дом. Bosch, Siemens, Electrolux и другие марки. Диагностика бесплатно. Звоните!"
Жигулёвск,Ремонт кондиционеров,remont-kondicionerov,+7 (969) 999-24-97,https://master-na-dom.online/remont-kondicionerov-zhigulyovsk,remont-kondicionerov-zhigulyovsk,Ремонт кондиционеров в Жигулёвске | ПроМастер,"Ремонт кондиционеров в Жигулёвске с выездом на дом. Обслуживание, заправка фреоном, ремонт сплит-систем. Гарантия на работы. Звоните!"
Жигулёвск,Компьютерная помощь,kp,+7 (986) 089-07-04,https://master-na-dom.online/kp-zhigulyovsk,kp-zhigulyovsk,Компьютерная помощь в Жигулёвске | ПроМастер,"Компьютерная помощь в Жигулёвске с выездом на дом. Настройка ПК, удаление вирусов, восстановление данных. Выезд мастера на дом. Звоните!"
Жигулёвск,Ремонт телевизоров,remont-televizorov,+7 (986) 089-07-04,https://master-na-dom.online/remont-televizorov-zhigulyovsk,remont-televizorov-zhigulyovsk,Ремонт телевизоров в Жигулёвске | ПроМастер,"Ремонт телевизоров в Жигулёвске с выездом на дом. Ремонт LED, OLED, Smart TV. Диагностика бесплатно. Гарантия на ремонт. Звоните!"
Жигулёвск,Ремонт варочных панелей,remont-varochnyh-panelej,+7 (969) 999-24-97,https://master-na-dom.online/remont-varochnyh-panelej-zhigulyovsk,remont-varochnyh-panelej-zhigulyovsk,Ремонт варочных панелей в Жигулёвске | ПроМастер,"Ремонт варочных панелей в Жигулёвске с выездом на дом. Индукционные, электрические и газовые панели. Гарантия на ремонт. Звоните!"
Жигулёвск,Ремонт духовых шкафов,remont-duhovyh-shkafov,+7 (969) 999-24-97,https://master-na-dom.online/remont-duhovyh-shkafov-zhigulyovsk,remont-duhovyh-shkafov-zhigulyovsk,Ремонт духовых шкафов в Жигулёвске | ПроМастер,Ремонт духовых шкафов в Жигулёвске с выездом на дом. Электрические и газовые духовки. Диагностика бесплатно. Звоните!
Жигулёвск,Ремонт водонагревателей,remont-vodonagrevatelej,+7 (969) 999-24-97,https://master-na-dom.online/remont-vodonagrevatelej-zhigulyovsk,remont-vodonagrevatelej-zhigulyovsk,Ремонт водонагревателей в Жигулёвске | ПроМастер,Ремонт водонагревателей в Жигулёвске с выездом на дом. Ремонт бойлеров и проточных водонагревателей. Гарантия на работы. Звоните!
Жигулёвск,Ремонт кофемашин,remont-kofemashin,+7 (969) 999-24-97,https://master-na-dom.online/remont-kofemashin-zhigulyovsk,remont-kofemashin-zhigulyovsk,Ремонт кофемашин в Жигулёвске | ПроМастер,"Ремонт кофемашин в Жигулёвске с выездом на дом. DeLonghi, Saeco, Bosch, Jura и другие марки. Диагностика бесплатно. Звоните!"
Жигулёвск,Дезинфекция,dezinfekciya,+7 (984) 333-32-49,https://master-na-dom.online/dezinfekciya-zhigulyovsk,dezinfekciya-zhigulyovsk,Дезинфекция в Жигулёвске — вызов мастера на дом | ПроМастер,"Дезинфекция в Жигулёвске с выездом на дом. Уничтожение насекомых, грызунов и плесени. Безопасные препараты, гарантия результата. Звоните!"
Жигулёвск,Электрик,elektrik,+7 (984) 333-32-49,https://master-na-dom.online/elektrik-zhigulyovsk,elektrik-zhigulyovsk,Электрик в Жигулёвске | ПроМастер,"Электрик в Жигулёвске с выездом на дом. Замена проводки, установка розеток, поиск неисправностей. Гарантия на работы. Звоните!"
Жигулёвск,Сантехник,santehnik,+7 (984) 333-32-49,https://master-na-dom.online/santehnik-zhigulyovsk,santehnik-zhigulyovsk,Сантехник в Жигулёвске | ПроМастер,"Сантехник в Жигулёвске с выездом на дом. Устранение протечек, замена смесителей, прочистка канализации. Гарантия на работы. Звоните!"
Жигулёвск,Мастер на час,master-na-chas,+7 (984) 333-32-49,https://master-na-dom.online/master-na-chas-zhigulyovsk,master-na-chas-zhigulyovsk,Мастер на час в Жигулёвске | ПроМастер,"Мастер на час в Жигулёвске с выездом на дом. Мелкий ремонт, сборка мебели, навешивание полок. Выезд за 30 минут. Звоните!"
Жигулёвск,Ремонт окон,remont-okon,+7 (984) 333-32-49,https://master-na-dom.online/remont-okon-zhigulyovsk,remont-okon-zhigulyovsk,Ремонт окон в Жигулёвске | ПроМастер,"Ремонт окон в Жигулёвске с выездом на дом. Регулировка фурнитуры, замена уплотнителя, устранение продувания. Звоните!"
Жигулёвск,Клининг,klining,+7 (984) 333-32-49,https://master-na-dom.online/klining-zhigulyovsk,klining-zhigulyovsk,Клининг в Жигулёвске — вызов мастера на дом | ПроМастер,"Клининг в Жигулёвске с выездом на дом. Генеральная уборка, уборка после ремонта, мытьё окон. Профессиональная химия и оборудование. Звоните!"
Жигулёвск,Сборка мебели,sborka-mebeli,+7 (984) 333-32-49,https://master-na-dom.online/sborka-mebeli-zhigulyovsk,sborka-mebeli-zhigulyovsk,Сборка мебели в Жигулёвске — вызов мастера на дом | ПроМастер,"Сборка мебели в Жигулёвске с выездом на дом. Сборка шкафов, кухонь, кроватей и стеллажей. Аккуратно и со своим инструментом. Звоните!"
Зеленоградск,Ремонт стиральных машин,remont-stiralnyh-mashin,+7 (969) 999-24-97,https://master-na-dom.online/remont-stiralnyh-mashin-zelenogradsk,remont-stiralnyh-mashin-zelenogradsk,Ремонт стиральных машин в Зеленоградске | ПроМастер,"Ремонт стиральных машин в Зеленоградске с выездом на дом. Samsung, LG, Bosch, Indesit и другие марки. Диагностика бесплатно. Гарантия на ремонт. Звоните!"
Зеленоградск,Ремонт холодильников,remont-holodilnikov,+7 (969) 999-24-97,https://master-na-dom.online/remont-holodilnikov-zelenogradsk,remont-holodilnikov-zelenogradsk,Ремонт холодильников в Зеленоградске | ПроМастер,"Ремонт холодильников в Зеленоградске с выездом на дом. Samsung, LG, Bosch, Atlant и другие марки. Диагностика бесплатно. Гарантия на ремонт. Звоните!"
Зеленоградск,Ремонт посудомоечных машин,remont-pmm,+7 (969) 999-24-97,https://master-na-dom.online/remont-pmm-zelenogradsk,remont-pmm-zelenogradsk,Ремонт посудомоечных машин в Зеленоградске | ПроМастер,"Ремонт посудомоечных машин в Зеленоградске с выездом на дом. Bosch, Siemens, Electrolux и другие марки. Диагностика бесплатно. Звоните!"
Зеленоградск,Ремонт кондиционеров,remont-kondicionerov,+7 (969) 999-24-97,https://master-na-dom.online/remont-kondicionerov-zelenogradsk,remont-kondicionerov-zelenogradsk,Ремонт кондиционеров в Зеленоградске | ПроМастер,"Ремонт кондиционеров в Зеленоградске с выездом на дом. Обслуживание, заправка фреоном, ремонт сплит-систем. Гарантия на работы. Звоните!"
Зеленоградск,Компьютерная помощь,kp,+7 (986) 089-07-04,https://master-na-dom.online/kp-zelenogradsk,kp-zelenogradsk,Компьютерная помощь в Зеленоградске | ПроМастер,"Компьютерная помощь в Зеленоградске с выездом на дом. Настройка ПК, удаление вирусов, восстановление данных. Выезд мастера на дом. Звоните!"
Зеленоградск,Ремонт телевизоров,remont-televizorov,+7 (986) 089-07-04,https://master-na-dom.online/remont-televizorov-zelenogradsk,remont-televizorov-zelenogradsk,Ремонт телевизоров в Зеленоградске | ПроМастер,"Ремонт телевизоров в Зеленоградске с выездом на дом. Ремонт LED, OLED, Smart TV. Диагностика бесплатно. Гарантия на ремонт. Звоните!"
Зеленоградск,Ремонт варочных панелей,remont-varochnyh-panelej,+7 (969) 999-24-97,https://master-na-dom.online/remont-varochnyh-panelej-zelenogradsk,remont-varochnyh-panelej-zelenogradsk,Ремонт варочных панелей в Зеленоградске | ПроМастер,"Ремонт варочных панелей в Зеленоградске с выездом на дом. Индукционные, электрические и газовые панели. Гарантия на ремонт. Звоните!"
Зеленоградск,Ремонт духовых шкафов,remont-duhovyh-shkafov,+7 (969) 999-24-97,https://master-na-dom.online/remont-duhovyh-shkafov-zelenogradsk,remont-duhovyh-shkafov-zelenogradsk,Ремонт духовых шкафов в Зеленоградске | ПроМастер,Ремонт духовых шкафов в Зеленоградске с выездом на дом. Электрические и газовые духовки. Диагностика бесплатно. Звоните!
Зеленоградск,Ремонт водонагревателей,remont-vodonagrevatelej,+7 (969) 999-24-97,https://master-na-dom.online/remont-vodonagrevatelej-zelenogradsk,remont-vodonagrevatelej-zelenogradsk,Ремонт водонагревателей в Зеленоградске | ПроМастер,Ремонт водонагревателей в Зеленоградске с выездом на дом. Ремонт бойлеров и проточных водонагревателей. Гарантия на работы. Звоните!
Зеленоградск,Ремонт кофемашин,remont-kofemashin,+7 (969) 999-24-97,https://master-na-dom.online/remont-kofemashin-zelenogradsk,remont-kofemashin-zelenogradsk,Ремонт кофемашин в Зеленоградске | ПроМастер,"Ремонт кофемашин в Зеленоградске с выездом на дом. DeLonghi, Saeco, Bosch, Jura и другие марки. Диагностика бесплатно. Звоните!"
Зеленоградск,Дезинфекция,dezinfekciya,+7 (984) 333-32-49,https://master-na-dom.online/dezinfekciya-zelenogradsk,dezinfekciya-zelenogradsk,Дезинфекция в Зеленоградске — вызов мастера на дом | ПроМастер,"Дезинфекция в Зеленоградске с выездом на дом. Уничтожение насекомых, грызунов и плесени. Безопасные препараты, гарантия результата. Звоните!"
Зеленоградск,Электрик,elektrik,+7 (984) 333-32-49,https://master-na-dom.online/elektrik-zelenogradsk,elektrik-zelenogradsk,Электрик в Зеленоградске | ПроМастер,"Электрик в Зеленоградске с выездом на дом. Замена проводки, установка розеток, поиск неисправностей. Гарантия на работы. Звоните!"
Зеленоградск,Сантехник,santehnik,+7 (984) 333-32-49,https://master-na-dom.online/santehnik-zelenogradsk,santehnik-zelenogradsk,Сантехник в Зеленоградске | ПроМастер,"Сантехник в Зеленоградске с выездом на дом. Устранение протечек, замена смесителей, прочистка канализации. Гарантия на работы. Звоните!"
Зеленоградск,Мастер на час,master-na-chas,+7 (984) 333-32-49,https://master-na-dom.online/master-na-chas-zelenogradsk,master-na-chas-zelenogradsk,Мастер на час в Зеленоградске | ПроМастер,"Мастер на час в Зеленоградске с выездом на дом. Мелкий ремонт, сборка мебели, навешивание полок. Выезд за 30 минут. Звоните!"
Зеленоградск,Ремонт окон,remont-okon,+7 (984) 333-32-49,https://master-na-dom.online/remont-okon-zelenogradsk,remont-okon-zelenogradsk,Ремонт окон в Зеленоградске | ПроМастер,"Ремонт окон в Зеленоградске с выездом на дом. Регулировка фурнитуры, замена уплотнителя, устранение продувания. Звоните!"
Зеленоградск,Клининг,klining,+7 (984) 333-32-49,https://master-na-dom.online/klining-zelenogradsk,klining-zelenogradsk,Клининг в Зеленоградске — вызов мастера на дом | ПроМастер,"Клининг в Зеленоградске с выездом на дом. Генеральная уборка, уборка после ремонта, мытьё окон. Профессиональная химия и оборудование. Звоните!"
Зеленоградск,Сборка мебели,sborka-mebeli,+7 (984) 333-32-49,https://master-na-dom.online/sborka-mebeli-zelenogradsk,sborka-mebeli-zelenogradsk,Сборка мебели в Зеленоградске — вызов мастера на дом | ПроМастер,"Сборка мебели в Зеленоградске с выездом на дом. Сборка шкафов, кухонь, кроватей и стеллажей. Аккуратно и со своим инструментом. Звоните!"
Иваново,Ремонт стиральных машин,remont-stiralnyh-mashin,+7 (969) 999-24-97,https://master-na-dom.online/remont-stiralnyh-mashin-ivanovo,remont-stiralnyh-mashin-ivanovo,Ремонт стиральных машин в Иваново | ПроМастер,"Ремонт стиральных машин в Иваново с выездом на дом. Samsung, LG, Bosch, Indesit и другие марки. Диагностика бесплатно. Гарантия на ремонт. Звоните!"
Иваново,Ремонт холодильников,remont-holodilnikov,+7 (969) 999-24-97,https://master-na-dom.online/remont-holodilnikov-ivanovo,remont-holodilnikov-ivanovo,Ремонт холодильников в Иваново | ПроМастер,"Ремонт холодильников в Иваново с выездом на дом. Samsung, LG, Bosch, Atlant и другие марки. Диагностика бесплатно. Гарантия на ремонт. Звоните!"
Иваново,Ремонт посудомоечных машин,remont-pmm,+7 (969) 999-24-97,https://master-na-dom.online/remont-pmm-ivanovo,remont-pmm-ivanovo,Ремонт посудомоечных машин в Иваново | ПроМастер,"Ремонт посудомоечных машин в Иваново с выездом на дом. Bosch, Siemens, Electrolux и другие марки. Диагностика бесплатно. Звоните!"
Иваново,Ремонт кондиционеров,remont-kondicionerov,+7 (969) 999-24-97,https://master-na-dom.online/remont-kondicionerov-ivanovo,remont-kondicionerov-ivanovo,Ремонт кондиционеров в Иваново | ПроМастер,"Ремонт кондиционеров в Иваново с выездом на дом. Обслуживание, заправка фреоном, ремонт сплит-систем. Гарантия на работы. Звоните!"
Иваново,Компьютерная помощь,kp,+7 (986) 089-07-04,https://master-na-dom.online/kp-ivanovo,kp-ivanovo,Компьютерная помощь в Иваново | ПроМастер,"Компьютерная помощь в Иваново с выездом на дом. Настройка ПК, удаление вирусов, восстановление данных. Выезд мастера на дом. Звоните!"
Иваново,Ремонт телевизоров,remont-televizorov,+7 (986) 089-07-04,https://master-na-dom.online/remont-televizorov-ivanovo,remont-televizorov-ivanovo,Ремонт телевизоров в Иваново | ПроМастер,"Ремонт телевизоров в Иваново с выездом на дом. Ремонт LED, OLED, Smart TV. Диагностика бесплатно. Гарантия на ремонт. Звоните!"
Иваново,Ремонт варочных панелей,remont-varochnyh-panelej,+7 (969) 999-24-97,https://master-na-dom.online/remont-varochnyh-panelej-ivanovo,remont-varochnyh-panelej-ivanovo,Ремонт варочных панелей в Иваново | ПроМастер,"Ремонт варочных панелей в Иваново с выездом на дом. Индукционные, электрические и газовые панели. Гарантия на ремонт. Звоните!"
Иваново,Ремонт духовых шкафов,remont-duhovyh-shkafov,+7 (969) 999-24-97,https://master-na-dom.online/remont-duhovyh-shkafov-ivanovo,remont-duhovyh-shkafov-ivanovo,Ремонт духовых шкафов в Иваново | ПроМастер,Ремонт духовых шкафов в Иваново с выездом на дом. Электрические и газовые духовки. Диагностика бесплатно. Звоните!
Иваново,Ремонт водонагревателей,remont-vodonagrevatelej,+7 (969) 999-24-97,https://master-na-dom.online/remont-vodonagrevatelej-ivanovo,remont-vodonagrevatelej-ivanovo,Ремонт водонагревателей в Иваново | ПроМастер,Ремонт водонагревателей в Иваново с выездом на дом. Ремонт бойлеров и проточных водонагревателей. Гарантия на работы. Звоните!
Иваново,Ремонт кофемашин,remont-kofemashin,+7 (969) 999-24-97,https://master-na-dom.online/remont-kofemashin-ivanovo,remont-kofemashin-ivanovo,Ремонт кофемашин в Иваново | ПроМастер,"Ремонт кофемашин в Иваново с выездом на дом. DeLonghi, Saeco, Bosch, Jura и другие марки. Диагностика бесплатно. Звоните!"
Иваново,Дезинфекция,dezinfekciya,+7 (984) 333-32-49,https://master-na-dom.online/dezinfekciya-ivanovo,dezinfekciya-ivanovo,Дезинфекция в Иваново — вызов мастера на дом | ПроМастер,"Дезинфекция в Иваново с выездом на дом. Уничтожение насекомых, грызунов и плесени. Безопасные препараты, гарантия результата. Звоните!"
Иваново,Электрик,elektrik,+7 (984) 333-32-49,https://master-na-dom.online/elektrik-ivanovo,elektrik-ivanovo,Электрик в Иваново | ПроМастер,"Электрик в Иваново с выездом на дом. Замена проводки, установка розеток, поиск неисправностей. Гарантия на работы. Звоните!"
Иваново,Сантехник,santehnik,+7 (984) 333-32-49,https://master-na-dom.online/santehnik-ivanovo,santehnik-ivanovo,Сантехник в Иваново | ПроМастер,"Сантехник в Иваново с выездом на дом. Устранение протечек, замена смесителей, прочистка канализации. Гарантия на работы. Звоните!"
Иваново,Мастер на час,master-na-chas,+7 (984) 333-32-49,https://master-na-dom.online/master-na-chas-ivanovo,master-na-chas-ivanovo,Мастер на час в Иваново | ПроМастер,"Мастер на час в Иваново с выездом на дом. Мелкий ремонт, сборка мебели, навешивание полок. Выезд за 30 минут. Звоните!"
Иваново,Ремонт окон,remont-okon,+7 (984) 333-32-49,https://master-na-dom.online/remont-okon-ivanovo,remont-okon-ivanovo,Ремонт окон в Иваново | ПроМастер,"Ремонт окон в Иваново с выездом на дом. Регулировка фурнитуры, замена уплотнителя, устранение продувания. Звоните!"
Иваново,Клининг,klining,+7 (984) 333-32-49,https://master-na-dom.online/klining-ivanovo,klining-ivanovo,Клининг в Иваново — вызов мастера на дом | ПроМастер,"Клининг в Иваново с выездом на дом. Генеральная уборка, уборка после ремонта, мытьё окон. Профессиональная химия и оборудование. Звоните!"
Иваново,Сборка мебели,sborka-mebeli,+7 (984) 333-32-49,https://master-na-dom.online/sborka-mebeli-ivanovo,sborka-mebeli-ivanovo,Сборка мебели в Иваново — вызов мастера на дом | ПроМастер,"Сборка мебели в Иваново с выездом на дом. Сборка шкафов, кухонь, кроватей и стеллажей. Аккуратно и со своим инструментом. Звоните!"
Ижевск,Ремонт стиральных машин,remont-stiralnyh-mashin,+7 (969) 999-24-97,https://master-na-dom.online/remont-stiralnyh-mashin-izhevsk,remont-stiralnyh-mashin-izhevsk,Ремонт стиральных машин в Ижевске | ПроМастер,"Ремонт стиральных машин в Ижевске с выездом на дом. Samsung, LG, Bosch, Indesit и другие марки. Диагностика бесплатно. Гарантия на ремонт. Звоните!"
Ижевск,Ремонт холодильников,remont-holodilnikov,+7 (969) 999-24-97,https://master-na-dom.online/remont-holodilnikov-izhevsk,remont-holodilnikov-izhevsk,Ремонт холодильников в Ижевске | ПроМастер,"Ремонт холодильников в Ижевске с выездом на дом. Samsung, LG, Bosch, Atlant и другие марки. Диагностика бесплатно. Гарантия на ремонт. Звоните!"
Ижевск,Ремонт посудомоечных машин,remont-pmm,+7 (969) 999-24-97,https://master-na-dom.online/remont-pmm-izhevsk,remont-pmm-izhevsk,Ремонт посудомоечных машин в Ижевске | ПроМастер,"Ремонт посудомоечных машин в Ижевске с выездом на дом. Bosch, Siemens, Electrolux и другие марки. Диагностика бесплатно. Звоните!"
Ижевск,Ремонт кондиционеров,remont-kondicionerov,+7 (969) 999-24-97,https://master-na-dom.online/remont-kondicionerov-izhevsk,remont-kondicionerov-izhevsk,Ремонт кондиционеров в Ижевске | ПроМастер,"Ремонт кондиционеров в Ижевске с выездом на дом. Обслуживание, заправка фреоном, ремонт сплит-систем. Гарантия на работы. Звоните!"
Ижевск,Компьютерная помощь,kp,+7 (986) 089-07-04,https://master-na-dom.online/kp-izhevsk,kp-izhevsk,Компьютерная помощь в Ижевске | ПроМастер,"Компьютерная помощь в Ижевске с выездом на дом. Настройка ПК, удаление вирусов, восстановление данных. Выезд мастера на дом. Звоните!"
Ижевск,Ремонт телевизоров,remont-televizorov,+7 (986) 089-07-04,https://master-na-dom.online/remont-televizorov-izhevsk,remont-televizorov-izhevsk,Ремонт телевизоров в Ижевске | ПроМастер,"Ремонт телевизоров в Ижевске с выездом на дом. Ремонт LED, OLED, Smart TV. Диагностика бесплатно. Гарантия на ремонт. Звоните!"
Ижевск,Ремонт варочных панелей,remont-varochnyh-panelej,+7 (969) 999-24-97,https://master-na-dom.online/remont-varochnyh-panelej-izhevsk,remont-varochnyh-panelej-izhevsk,Ремонт варочных панелей в Ижевске | ПроМастер,"Ремонт варочных панелей в Ижевске с выездом на дом. Индукционные, электрические и газовые панели. Гарантия на ремонт. Звоните!"
Ижевск,Ремонт духовых шкафов,remont-duhovyh-shkafov,+7 (969) 999-24-97,https://master-na-dom.online/remont-duhovyh-shkafov-izhevsk,remont-duhovyh-shkafov-izhevsk,Ремонт духовых шкафов в Ижевске | ПроМастер,Ремонт духовых шкафов в Ижевске с выездом на дом. Электрические и газовые духовки. Диагностика бесплатно. Звоните!
Ижевск,Ремонт водонагревателей,remont-vodonagrevatelej,+7 (969) 999-24-97,https://master-na-dom.online/remont-vodonagrevatelej-izhevsk,remont-vodonagrevatelej-izhevsk,Ремонт водонагревателей в Ижевске | ПроМастер,Ремонт водонагревателей в Ижевске с выездом на дом. Ремонт бойлеров и проточных водонагревателей. Гарантия на работы. Звоните!
Ижевск,Ремонт кофемашин,remont-kofemashin,+7 (969) 999-24-97,https://master-na-dom.online/remont-kofemashin-izhevsk,remont-kofemashin-izhevsk,Ремонт кофемашин в Ижевске | ПроМастер,"Ремонт кофемашин в Ижевске с выездом на дом. DeLonghi, Saeco, Bosch, Jura и другие марки. Диагностика бесплатно. Звоните!"
Ижевск,Дезинфекция,dezinfekciya,+7 (984) 333-32-49,https://master-na-dom.online/dezinfekciya-izhevsk,dezinfekciya-izhevsk,Дезинфекция в Ижевске — вызов мастера на дом | ПроМастер,"Дезинфекция в Ижевске с выездом на дом. Уничтожение насекомых, грызунов и плесени. Безопасные препараты, гарантия результата. Звоните!"
Ижевск,Электрик,elektrik,+7 (984) 333-32-49,https://master-na-dom.online/elektrik-izhevsk,elektrik-izhevsk,Электрик в Ижевске | ПроМастер,"Электрик в Ижевске с выездом на дом. Замена проводки, установка розеток, поиск неисправностей. Гарантия на работы. Звоните!"
Ижевск,Сантехник,santehnik,+7 (984) 333-32-49,https://master-na-dom.online/santehnik-izhevsk,santehnik-izhevsk,Сантехник в Ижевске | ПроМастер,"Сантехник в Ижевске с выездом на дом. Устранение протечек, замена смесителей, прочистка канализации. Гарантия на работы. Звоните!"
Ижевск,Мастер на час,master-na-chas,+7 (984) 333-32-49,https://master-na-dom.online/master-na-chas-izhevsk,master-na-chas-izhevsk,Мастер на час в Ижевске | ПроМастер,"Мастер на час в Ижевске с выездом на дом. Мелкий ремонт, сборка мебели, навешивание полок. Выезд за 30 минут. Звоните!"
Ижевск,Ремонт окон,remont-okon,+7 (984) 333-32-49,https://master-na-dom.online/remont-okon-izhevsk,remont-okon-izhevsk,Ремонт окон в Ижевске | ПроМастер,"Ремонт окон в Ижевске с выездом на дом. Регулировка фурнитуры, замена уплотнителя, устранение продувания. Звоните!"
Ижевск,Клининг,klining,+7 (984) 333-32-49,https://master-na-dom.online/klining-izhevsk,klining-izhevsk,Клининг в Ижевске — вызов мастера на дом | ПроМастер,"Клининг в Ижевске с выездом на дом. Генеральная уборка, уборка после ремонта, мытьё окон. Профессиональная химия и оборудование. Звоните!"
Ижевск,Сборка мебели,sborka-mebeli,+7 (984) 333-32-49,https://master-na-dom.online/sborka-mebeli-izhevsk,sborka-mebeli-izhevsk,Сборка мебели в Ижевске — вызов мастера на дом | ПроМастер,"Сборка мебели в Ижевске с выездом на дом. Сборка шкафов, кухонь, кроватей и стеллажей. Аккуратно и со своим инструментом. Звоните!"
Йошкар-Ола,Ремонт стиральных машин,remont-stiralnyh-mashin,+7 (969) 999-24-97,https://master-na-dom.online/remont-stiralnyh-mashin-yoshkar-ola,remont-stiralnyh-mashin-yoshkar-ola,Ремонт стиральных машин в Йошкар-Оле | ПроМастер,"Ремонт стиральных машин в Йошкар-Оле с выездом на дом. Samsung, LG, Bosch, Indesit и другие марки. Диагностика бесплатно. Гарантия на ремонт. Звоните!"
Йошкар-Ола,Ремонт холодильников,remont-holodilnikov,+7 (969) 999-24-97,https://master-na-dom.online/remont-holodilnikov-yoshkar-ola,remont-holodilnikov-yoshkar-ola,Ремонт холодильников в Йошкар-Оле | ПроМастер,"Ремонт холодильников в Йошкар-Оле с выездом на дом. Samsung, LG, Bosch, Atlant и другие марки. Диагностика бесплатно. Гарантия на ремонт. Звоните!"
Йошкар-Ола,Ремонт посудомоечных машин,remont-pmm,+7 (969) 999-24-97,https://master-na-dom.online/remont-pmm-yoshkar-ola,remont-pmm-yoshkar-ola,Ремонт посудомоечных машин в Йошкар-Оле | ПроМастер,"Ремонт посудомоечных машин в Йошкар-Оле с выездом на дом. Bosch, Siemens, Electrolux и другие марки. Диагностика бесплатно. Звоните!"
Йошкар-Ола,Ремонт кондиционеров,remont-kondicionerov,+7 (969) 999-24-97,https://master-na-dom.online/remont-kondicionerov-yoshkar-ola,remont-kondicionerov-yoshkar-ola,Ремонт кондиционеров в Йошкар-Оле | ПроМастер,"Ремонт кондиционеров в Йошкар-Оле с выездом на дом. Обслуживание, заправка фреоном, ремонт сплит-систем. Гарантия на работы. Звоните!"
Йошкар-Ола,Компьютерная помощь,kp,+7 (986) 089-07-04,https://master-na-dom.online/kp-yoshkar-ola,kp-yoshkar-ola,Компьютерная помощь в Йошкар-Оле | ПроМастер,"Компьютерная помощь в Йошкар-Оле с выездом на дом. Настройка ПК, удаление вирусов, восстановление данных. Выезд мастера на дом. Звоните!"
Йошкар-Ола,Ремонт телевизоров,remont-televizorov,+7 (986) 089-07-04,https://master-na-dom.online/remont-televizorov-yoshkar-ola,remont-televizorov-yoshkar-ola,Ремонт телевизоров в Йошкар-Оле | ПроМастер,"Ремонт телевизоров в Йошкар-Оле с выездом на дом. Ремонт LED, OLED, Smart TV. Диагностика бесплатно. Гарантия на ремонт. Звоните!"
Йошкар-Ола,Ремонт варочных панелей,remont-varochnyh-panelej,+7 (969) 999-24-97,https://master-na-dom.online/remont-varochnyh-panelej-yoshkar-ola,remont-varochnyh-panelej-yoshkar-ola,Ремонт варочных панелей в Йошкар-Оле | ПроМастер,"Ремонт варочных панелей в Йошкар-Оле с выездом на дом. Индукционные, электрические и газовые панели. Гарантия на ремонт. Звоните!"
Йошкар-Ола,Ремонт духовых шкафов,remont-duhovyh-shkafov,+7 (969) 999-24-97,https://master-na-dom.online/remont-duhovyh-shkafov-yoshkar-ola,remont-duhovyh-shkafov-yoshkar-ola,Ремонт духовых шкафов в Йошкар-Оле | ПроМастер,Ремонт духовых шкафов в Йошкар-Оле с выездом на дом. Электрические и газовые духовки. Диагностика бесплатно. Звоните!
Йошкар-Ола,Ремонт водонагревателей,remont-vodonagrevatelej,+7 (969) 999-24-97,https://master-na-dom.online/remont-vodonagrevatelej-yoshkar-ola,remont-vodonagrevatelej-yoshkar-ola,Ремонт водонагревателей в Йошкар-Оле | ПроМастер,Ремонт водонагревателей в Йошкар-Оле с выездом на дом. Ремонт бойлеров и проточных водонагревателей. Гарантия на работы. Звоните!
Йошкар-Ола,Ремонт кофемашин,remont-kofemashin,+7 (969) 999-24-97,https://master-na-dom.online/remont-kofemashin-yoshkar-ola,remont-kofemashin-yoshkar-ola,Ремонт кофемашин в Йошкар-Оле | ПроМастер,"Ремонт кофемашин в Йошкар-Оле с выездом на дом. DeLonghi, Saeco, Bosch, Jura и другие марки. Диагностика бесплатно. Звоните!"
Йошкар-Ола,Дезинфекция,dezinfekciya,+7 (984) 333-32-49,https://master-na-dom.online/dezinfekciya-yoshkar-ola,dezinfekciya-yoshkar-ola,Дезинфекция в Йошкар-Оле — вызов мастера на дом | ПроМастер,"Дезинфекция в Йошкар-Оле с выездом на дом. Уничтожение насекомых, грызунов и плесени. Безопасные препараты, гарантия результата. Звоните!"
Йошкар-Ола,Электрик,elektrik,+7 (984) 333-32-49,https://master-na-dom.online/elektrik-yoshkar-ola,elektrik-yoshkar-ola,Электрик в Йошкар-Оле | ПроМастер,"Электрик в Йошкар-Оле с выездом на дом. Замена проводки, установка розеток, поиск неисправностей. Гарантия на работы. Звоните!"
Йошкар-Ола,Сантехник,santehnik,+7 (984) 333-32-49,https://master-na-dom.online/santehnik-yoshkar-ola,santehnik-yoshkar-ola,Сантехник в Йошкар-Оле | ПроМастер,"Сантехник в Йошкар-Оле с выездом на дом. Устранение протечек, замена смесителей, прочистка канализации. Гарантия на работы. Звоните!"
Йошкар-Ола,Мастер на час,master-na-chas,+7 (984) 333-32-49,https://master-na-dom.online/master-na-chas-yoshkar-ola,master-na-chas-yoshkar-ola,Мастер на час в Йошкар-Оле | ПроМастер,"Мастер на час в Йошкар-Оле с выездом на дом. Мелкий ремонт, сборка мебели, навешивание полок. Выезд за 30 минут. Звоните!"
Йошкар-Ола,Ремонт окон,remont-okon,+7 (984) 333-32-49,https://master-na-dom.online/remont-okon-yoshkar-ola,remont-okon-yoshkar-ola,Ремонт окон в Йошкар-Оле | ПроМастер,"Ремонт окон в Йошкар-Оле с выездом на дом. Регулировка фурнитуры, замена уплотнителя, устранение продувания. Звоните!"
Йошкар-Ола,Клининг,klining,+7 (984) 333-32-49,https://master-na-dom.online/klining-yoshkar-ola,klining-yoshkar-ola,Клининг в Йошкар-Оле — вызов мастера на дом | ПроМастер,"Клининг в Йошкар-Оле с выездом на дом. Генеральная уборка, уборка после ремонта, мытьё окон. Профессиональная химия и оборудование. Звоните!"
Йошкар-Ола,Сборка мебели,sborka-mebeli,+7 (984) 333-32-49,https://master-na-dom.online/sborka-mebeli-yoshkar-ola,sborka-mebeli-yoshkar-ola,Сборка мебели в Йошкар-Оле — вызов мастера на дом | ПроМастер,"Сборка мебели в Йошкар-Оле с выездом на дом. Сборка шкафов, кухонь, кроватей и стеллажей. Аккуратно и со своим инструментом. Звоните!"
Казань,Ремонт стиральных машин,remont-stiralnyh-mashin,+7 (969) 999-24-97,https://master-na-dom.online/remont-stiralnyh-mashin-kazan,remont-stiralnyh-mashin-kazan,Ремонт стиральных машин в Казани | ПроМастер,"Ремонт стиральных машин в Казани с выездом на дом. Samsung, LG, Bosch, Indesit и другие марки. Диагностика бесплатно. Гарантия на ремонт. Звоните!"
Казань,Ремонт холодильников,remont-holodilnikov,+7 (969) 999-24-97,https://master-na-dom.online/remont-holodilnikov-kazan,remont-holodilnikov-kazan,Ремонт холодильников в Казани | ПроМастер,"Ремонт холодильников в Казани с выездом на дом. Samsung, LG, Bosch, Atlant и другие марки. Диагностика бесплатно. Гарантия на ремонт. Звоните!"
Казань,Ремонт посудомоечных машин,remont-pmm,+7 (969) 999-24-97,https://master-na-dom.online/remont-pmm-kazan,remont-pmm-kazan,Ремонт посудомоечных машин в Казани | ПроМастер,"Ремонт посудомоечных машин в Казани с выездом на дом. Bosch, Siemens, Electrolux и другие марки. Диагностика бесплатно. Звоните!"
Казань,Ремонт кондиционеров,remont-kondicionerov,+7 (969) 999-24-97,https://master-na-dom.online/remont-kondicionerov-kazan,remont-kondicionerov-kazan,Ремонт кондиционеров в Казани | ПроМастер,"Ремонт кондиционеров в Казани с выездом на дом. Обслуживание, заправка фреоном, ремонт сплит-систем. Гарантия на работы. Звоните!"
Казань,Компьютерная помощь,kp,+7 (986) 089-07-04,https://master-na-dom.online/kp-kazan,kp-kazan,Компьютерная помощь в Казани | ПроМастер,"Компьютерная помощь в Казани с выездом на дом. Настройка ПК, удаление вирусов, восстановление данных. Выезд мастера на дом. Звоните!"
Казань,Ремонт телевизоров,remont-televizorov,+7 (986) 089-07-04,https://master-na-dom.online/remont-televizorov-kazan,remont-televizorov-kazan,Ремонт телевизоров в Казани | ПроМастер,"Ремонт телевизоров в Казани с выездом на дом. Ремонт LED, OLED, Smart TV. Диагностика бесплатно. Гарантия на ремонт. Звоните!"
Казань,Ремонт варочных панелей,remont-varochnyh-panelej,+7 (969) 999-24-97,https://master-na-dom.online/remont-varochnyh-panelej-kazan,remont-varochnyh-panelej-kazan,Ремонт варочных панелей в Казани | ПроМастер,"Ремонт варочных панелей в Казани с выездом на дом. Индукционные, электрические и газовые панели. Гарантия на ремонт. Звоните!"
Казань,Ремонт духовых шкафов,remont-duhovyh-shkafov,+7 (969) 999-24-97,https://master-na-dom.online/remont-duhovyh-shkafov-kazan,remont-duhovyh-shkafov-kazan,Ремонт духовых шкафов в Казани | ПроМастер,Ремонт духовых шкафов в Казани с выездом на дом. Электрические и газовые духовки. Диагностика бесплатно. Звоните!
Казань,Ремонт водонагревателей,remont-vodonagrevatelej,+7 (969) 999-24-97,https://master-na-dom.online/remont-vodonagrevatelej-kazan,remont-vodonagrevatelej-kazan,Ремонт водонагревателей в Казани | ПроМастер,Ремонт водонагревателей в Казани с выездом на дом. Ремонт бойлеров и проточных водонагревателей. Гарантия на работы. Звоните!
Казань,Ремонт кофемашин,remont-kofemashin,+7 (969) 999-24-97,https://master-na-dom.online/remont-kofemashin-kazan,remont-kofemashin-kazan,Ремонт кофемашин в Казани | ПроМастер,"Ремонт кофемашин в Казани с выездом на дом. DeLonghi, Saeco, Bosch, Jura и другие марки. Диагностика бесплатно. Звоните!"
Казань,Дезинфекция,dezinfekciya,+7 (984) 333-32-49,https://master-na-dom.online/dezinfekciya-kazan,dezinfekciya-kazan,Дезинфекция в Казани — вызов мастера на дом | ПроМастер,"Дезинфекция в Казани с выездом на дом. Уничтожение насекомых, грызунов и плесени. Безопасные препараты, гарантия результата. Звоните!"
Казань,Электрик,elektrik,+7 (984) 333-32-49,https://master-na-dom.online/elektrik-kazan,elektrik-kazan,Электрик в Казани | ПроМастер,"Электрик в Казани с выездом на дом. Замена проводки, установка розеток, поиск неисправностей. Гарантия на работы. Звоните!"
Казань,Сантехник,santehnik,+7 (984) 333-32-49,https://master-na-dom.online/santehnik-kazan,santehnik-kazan,Сантехник в Казани | ПроМастер,"Сантехник в Казани с выездом на дом. Устранение протечек, замена смесителей, прочистка канализации. Гарантия на работы. Звоните!"
Казань,Мастер на час,master-na-chas,+7 (984) 333-32-49,https://master-na-dom.online/master-na-chas-kazan,master-na-chas-kazan,Мастер на час в Казани | ПроМастер,"Мастер на час в Казани с выездом на дом. Мелкий ремонт, сборка мебели, навешивание полок. Выезд за 30 минут. Звоните!"
Казань,Ремонт окон,remont-okon,+7 (984) 333-32-49,https://master-na-dom.online/remont-okon-kazan,remont-okon-kazan,Ремонт окон в Казани | ПроМастер,"Ремонт окон в Казани с выездом на дом. Регулировка фурнитуры, замена уплотнителя, устранение продувания. Звоните!"
Казань,Клининг,klining,+7 (984) 333-32-49,https://master-na-dom.online/klining-kazan,klining-kazan,Клининг в Казани — вызов мастера на дом | ПроМастер,"Клининг в Казани с выездом на дом. Генеральная уборка, уборка после ремонта, мытьё окон. Профессиональная химия и оборудование. Звоните!"
Казань,Сборка мебели,sborka-mebeli,+7 (984) 333-32-49,https://master-na-dom.online/sborka-mebeli-kazan,sborka-mebeli-kazan,Сборка мебели в Казани — вызов мастера на дом | ПроМастер,"Сборка мебели в Казани с выездом на дом. Сборка шкафов, кухонь, кроватей и стеллажей. Аккуратно и со своим инструментом. Звоните!"
Калининград,Ремонт стиральных машин,remont-stiralnyh-mashin,+7 (969) 999-24-97,https://master-na-dom.online/remont-stiralnyh-mashin-kaliningrad,remont-stiralnyh-mashin-kaliningrad,Ремонт стиральных машин в Калининграде | ПроМастер,"Ремонт стиральных машин в Калининграде с выездом на дом. Samsung, LG, Bosch, Indesit и другие марки. Диагностика бесплатно. Гарантия на ремонт. Звоните!"
Калининград,Ремонт холодильников,remont-holodilnikov,+7 (969) 999-24-97,https://master-na-dom.online/remont-holodilnikov-kaliningrad,remont-holodilnikov-kaliningrad,Ремонт холодильников в Калининграде | ПроМастер,"Ремонт холодильников в Калининграде с выездом на дом. Samsung, LG, Bosch, Atlant и другие марки. Диагностика бесплатно. Гарантия на ремонт. Звоните!"
Калининград,Ремонт посудомоечных машин,remont-pmm,+7 (969) 999-24-97,https://master-na-dom.online/remont-pmm-kaliningrad,remont-pmm-kaliningrad,Ремонт посудомоечных машин в Калининграде | ПроМастер,"Ремонт посудомоечных машин в Калининграде с выездом на дом. Bosch, Siemens, Electrolux и другие марки. Диагностика бесплатно. Звоните!"
Калининград,Ремонт кондиционеров,remont-kondicionerov,+7 (969) 999-24-97,https://master-na-dom.online/remont-kondicionerov-kaliningrad,remont-kondicionerov-kaliningrad,Ремонт кондиционеров в Калининграде | ПроМастер,"Ремонт кондиционеров в Калининграде с выездом на дом. Обслуживание, заправка фреоном, ремонт сплит-систем. Гарантия на работы. Звоните!"
Калининград,Компьютерная помощь,kp,+7 (986) 089-07-04,https://master-na-dom.online/kp-kaliningrad,kp-kaliningrad,Компьютерная помощь в Калининграде | ПроМастер,"Компьютерная помощь в Калининграде с выездом на дом. Настройка ПК, удаление вирусов, восстановление данных. Выезд мастера на дом. Звоните!"
Калининград,Ремонт телевизоров,remont-televizorov,+7 (986) 089-07-04,https://master-na-dom.online/remont-televizorov-kaliningrad,remont-televizorov-kaliningrad,Ремонт телевизоров в Калининграде | ПроМастер,"Ремонт телевизоров в Калининграде с выездом на дом. Ремонт LED, OLED, Smart TV. Диагностика бесплатно. Гарантия на ремонт. Звоните!"
Калининград,Ремонт варочных панелей,remont-varochnyh-panelej,+7 (969) 999-24-97,https://master-na-dom.online/remont-varochnyh-panelej-kaliningrad,remont-varochnyh-panelej-kaliningrad,Ремонт варочных панелей в Калининграде | ПроМастер,"Ремонт варочных панелей в Калининграде с выездом на дом. Индукционные, электрические и газовые панели. Гарантия на ремонт. Звоните!"
Калининград,Ремонт духовых шкафов,remont-duhovyh-shkafov,+7 (969) 999-24-97,https://master-na-dom.online/remont-duhovyh-shkafov-kaliningrad,remont-duhovyh-shkafov-kaliningrad,Ремонт духовых шкафов в Калининграде | ПроМастер,Ремонт духовых шкафов в Калининграде с выездом на дом. Электрические и газовые духовки. Диагностика бесплатно. Звоните!
Калининград,Ремонт водонагревателей,remont-vodonagrevatelej,+7 (969) 999-24-97,https://master-na-dom.online/remont-vodonagrevatelej-kaliningrad,remont-vodonagrevatelej-kaliningrad,Ремонт водонагревателей в Калининграде | ПроМастер,Ремонт водонагревателей в Калининграде с выездом на дом. Ремонт бойлеров и проточных водонагревателей. Гарантия на работы. Звоните!
Калининград,Ремонт кофемашин,remont-kofemashin,+7 (969) 999-24-97,https://master-na-dom.online/remont-kofemashin-kaliningrad,remont-kofemashin-kaliningrad,Ремонт кофемашин в Калининграде | ПроМастер,"Ремонт кофемашин в Калининграде с выездом на дом. DeLonghi, Saeco, Bosch, Jura и другие марки. Диагностика бесплатно. Звоните!"
Калининград,Дезинфекция,dezinfekciya,+7 (984) 333-32-49,https://master-na-dom.online/dezinfekciya-kaliningrad,dezinfekciya-kaliningrad,Дезинфекция в Калининграде — вызов мастера на дом | ПроМастер,"Дезинфекция в Калининграде с выездом на дом. Уничтожение насекомых, грызунов и плесени. Безопасные препараты, гарантия результата. Звоните!"
Калининград,Электрик,elektrik,+7 (984) 333-32-49,https://master-na-dom.online/elektrik-kaliningrad,elektrik-kaliningrad,Электрик в Калининграде | ПроМастер,"Электрик в Калининграде с выездом на дом. Замена проводки, установка розеток, поиск неисправностей. Гарантия на работы. Звоните!"
Калининград,Сантехник,santehnik,+7 (984) 333-32-49,https://master-na-dom.online/santehnik-kaliningrad,santehnik-kaliningrad,Сантехник в Калининграде | ПроМастер,"Сантехник в Калининграде с выездом на дом. Устранение протечек, замена смесителей, прочистка канализации. Гарантия на работы. Звоните!"
Калининград,Мастер на час,master-na-chas,+7 (984) 333-32-49,https://master-na-dom.online/master-na-chas-kaliningrad,master-na-chas-kaliningrad,Мастер на час в Калининграде | ПроМастер,"Мастер на час в Калининграде с выездом на дом. Мелкий ремонт, сборка мебели, навешивание полок. Выезд за 30 минут. Звоните!"
Калининград,Ремонт окон,remont-okon,+7 (984) 333-32-49,https://master-na-dom.online/remont-okon-kaliningrad,remont-okon-kaliningrad,Ремонт окон в Калининграде | ПроМастер,"Ремонт окон в Калининграде с выездом на дом. Регулировка фурнитуры, замена уплотнителя, устранение продувания. Звоните!"
Калининград,Клининг,klining,+7 (984) 333-32-49,https://master-na-dom.online/klining-kaliningrad,klining-kaliningrad,Клининг в Калининграде — вызов мастера на дом | ПроМастер,"Клининг в Калининграде с выездом на дом. Генеральная уборка, уборка после ремонта, мытьё окон. Профессиональная химия и оборудование. Звоните!"
Калининград,Сборка мебели,sborka-mebeli,+7 (984) 333-32-49,https://master-na-dom.online/sborka-mebeli-kaliningrad,sborka-mebeli-kaliningrad,Сборка мебели в Калининграде — вызов мастера на дом | ПроМастер,"Сборка мебели в Калининграде с выездом на дом. Сборка шкафов, кухонь, кроватей и стеллажей. Аккуратно и со своим инструментом. Звоните!"
Камызяк,Ремонт стиральных машин,remont-stiralnyh-mashin,+7 (969) 999-24-97,https://master-na-dom.online/remont-stiralnyh-mashin-kamyzyak,remont-stiralnyh-mashin-kamyzyak,Ремонт стиральных машин в Камызяке | ПроМастер,"Ремонт стиральных машин в Камызяке с выездом на дом. Samsung, LG, Bosch, Indesit и другие марки. Диагностика бесплатно. Гарантия на ремонт. Звоните!"
Камызяк,Ремонт холодильников,remont-holodilnikov,+7 (969) 999-24-97,https://master-na-dom.online/remont-holodilnikov-kamyzyak,remont-holodilnikov-kamyzyak,Ремонт холодильников в Камызяке | ПроМастер,"Ремонт холодильников в Камызяке с выездом на дом. Samsung, LG, Bosch, Atlant и другие марки. Диагностика бесплатно. Гарантия на ремонт. Звоните!"
Камызяк,Ремонт посудомоечных машин,remont-pmm,+7 (969) 999-24-97,https://master-na-dom.online/remont-pmm-kamyzyak,remont-pmm-kamyzyak,Ремонт посудомоечных машин в Камызяке | ПроМастер,"Ремонт посудомоечных машин в Камызяке с выездом на дом. Bosch, Siemens, Electrolux и другие марки. Диагностика бесплатно. Звоните!"
Камызяк,Ремонт кондиционеров,remont-kondicionerov,+7 (969) 999-24-97,https://master-na-dom.online/remont-kondicionerov-kamyzyak,remont-kondicionerov-kamyzyak,Ремонт кондиционеров в Камызяке | ПроМастер,"Ремонт кондиционеров в Камызяке с выездом на дом. Обслуживание, заправка фреоном, ремонт сплит-систем. Гарантия на работы. Звоните!"
Камызяк,Компьютерная помощь,kp,+7 (986) 089-07-04,https://master-na-dom.online/kp-kamyzyak,kp-kamyzyak,Компьютерная помощь в Камызяке | ПроМастер,"Компьютерная помощь в Камызяке с выездом на дом. Настройка ПК, удаление вирусов, восстановление данных. Выезд мастера на дом. Звоните!"
Камызяк,Ремонт телевизоров,remont-televizorov,+7 (986) 089-07-04,https://master-na-dom.online/remont-televizorov-kamyzyak,remont-televizorov-kamyzyak,Ремонт телевизоров в Камызяке | ПроМастер,"Ремонт телевизоров в Камызяке с выездом на дом. Ремонт LED, OLED, Smart TV. Диагностика бесплатно. Гарантия на ремонт. Звоните!"
Камызяк,Ремонт варочных панелей,remont-varochnyh-panelej,+7 (969) 999-24-97,https://master-na-dom.online/remont-varochnyh-panelej-kamyzyak,remont-varochnyh-panelej-kamyzyak,Ремонт варочных панелей в Камызяке | ПроМастер,"Ремонт варочных панелей в Камызяке с выездом на дом. Индукционные, электрические и газовые панели. Гарантия на ремонт. Звоните!"
Камызяк,Ремонт духовых шкафов,remont-duhovyh-shkafov,+7 (969) 999-24-97,https://master-na-dom.online/remont-duhovyh-shkafov-kamyzyak,remont-duhovyh-shkafov-kamyzyak,Ремонт духовых шкафов в Камызяке | ПроМастер,Ремонт духовых шкафов в Камызяке с выездом на дом. Электрические и газовые духовки. Диагностика бесплатно. Звоните!
Камызяк,Ремонт водонагревателей,remont-vodonagrevatelej,+7 (969) 999-24-97,https://master-na-dom.online/remont-vodonagrevatelej-kamyzyak,remont-vodonagrevatelej-kamyzyak,Ремонт водонагревателей в Камызяке | ПроМастер,Ремонт водонагревателей в Камызяке с выездом на дом. Ремонт бойлеров и проточных водонагревателей. Гарантия на работы. Звоните!
Камызяк,Ремонт кофемашин,remont-kofemashin,+7 (969) 999-24-97,https://master-na-dom.online/remont-kofemashin-kamyzyak,remont-kofemashin-kamyzyak,Ремонт кофемашин в Камызяке | ПроМастер,"Ремонт кофемашин в Камызяке с выездом на дом. DeLonghi, Saeco, Bosch, Jura и другие марки. Диагностика бесплатно. Звоните!"
Камызяк,Дезинфекция,dezinfekciya,+7 (984) 333-32-49,https://master-na-dom.online/dezinfekciya-kamyzyak,dezinfekciya-kamyzyak,Дезинфекция в Камызяке — вызов мастера на дом | ПроМастер,"Дезинфекция в Камызяке с выездом на дом. Уничтожение насекомых, грызунов и плесени. Безопасные препараты, гарантия результата. Звоните!"
Камызяк,Электрик,elektrik,+7 (984) 333-32-49,https://master-na-dom.online/elektrik-kamyzyak,elektrik-kamyzyak,Электрик в Камызяке | ПроМастер,"Электрик в Камызяке с выездом на дом. Замена проводки, установка розеток, поиск неисправностей. Гарантия на работы. Звоните!"
Камызяк,Сантехник,santehnik,+7 (984) 333-32-49,https://master-na-dom.online/santehnik-kamyzyak,santehnik-kamyzyak,Сантехник в Камызяке | ПроМастер,"Сантехник в Камызяке с выездом на дом. Устранение протечек, замена смесителей, прочистка канализации. Гарантия на работы. Звоните!"
Камызяк,Мастер на час,master-na-chas,+7 (984) 333-32-49,https://master-na-dom.online/master-na-chas-kamyzyak,master-na-chas-kamyzyak,Мастер на час в Камызяке | ПроМастер,"Мастер на час в Камызяке с выездом на дом. Мелкий ремонт, сборка мебели, навешивание полок. Выезд за 30 минут. Звоните!"
Камызяк,Ремонт окон,remont-okon,+7 (984) 333-32-49,https://master-na-dom.online/remont-okon-kamyzyak,remont-okon-kamyzyak,Ремонт окон в Камызяке | ПроМастер,"Ремонт окон в Камызяке с выездом на дом. Регулировка фурнитуры, замена уплотнителя, устранение продувания. Звоните!"
Камызяк,Клининг,klining,+7 (984) 333-32-49,https://master-na-dom.online/klining-kamyzyak,klining-kamyzyak,Клининг в Камызяке — вызов мастера на дом | ПроМастер,"Клининг в Камызяке с выездом на дом. Генеральная уборка, уборка после ремонта, мытьё окон. Профессиональная химия и оборудование. Звоните!"
Камызяк,Сборка мебели,sborka-mebeli,+7 (984) 333-32-49,https://master-na-dom.online/sborka-mebeli-kamyzyak,sborka-mebeli-kamyzyak,Сборка мебели в Камызяке — вызов мастера на дом | ПроМастер,"Сборка мебели в Камызяке с выездом на дом. Сборка шкафов, кухонь, кроватей и стеллажей. Аккуратно и со своим инструментом. Звоните!"
Кемерово,Ремонт стиральных машин,remont-stiralnyh-mashin,+7 (969) 999-24-97,https://master-na-dom.online/remont-stiralnyh-mashin-kemerovo,remont-stiralnyh-mashin-kemerovo,Ремонт стиральных машин в Кемерово | ПроМастер,"Ремонт стиральных машин в Кемерово с выездом на дом. Samsung, LG, Bosch, Indesit и другие марки. Диагностика бесплатно. Гарантия на ремонт. Звоните!"
Кемерово,Ремонт холодильников,remont-holodilnikov,+7 (969) 999-24-97,https://master-na-dom.online/remont-holodilnikov-kemerovo,remont-holodilnikov-kemerovo,Ремонт холодильников в Кемерово | ПроМастер,"Ремонт холодильников в Кемерово с выездом на дом. Samsung, LG, Bosch, Atlant и другие марки. Диагностика бесплатно. Гарантия на ремонт. Звоните!"
Кемерово,Ремонт посудомоечных машин,remont-pmm,+7 (969) 999-24-97,https://master-na-dom.online/remont-pmm-kemerovo,remont-pmm-kemerovo,Ремонт посудомоечных машин в Кемерово | ПроМастер,"Ремонт посудомоечных машин в Кемерово с выездом на дом. Bosch, Siemens, Electrolux и другие марки. Диагностика бесплатно. Звоните!"
Кемерово,Ремонт кондиционеров,remont-kondicionerov,+7 (969) 999-24-97,https://master-na-dom.online/remont-kondicionerov-kemerovo,remont-kondicionerov-kemerovo,Ремонт кондиционеров в Кемерово | ПроМастер,"Ремонт кондиционеров в Кемерово с выездом на дом. Обслуживание, заправка фреоном, ремонт сплит-систем. Гарантия на работы. Звоните!"
Кемерово,Компьютерная помощь,kp,+7 (986) 089-07-04,https://master-na-dom.online/kp-kemerovo,kp-kemerovo,Компьютерная помощь в Кемерово | ПроМастер,"Компьютерная помощь в Кемерово с выездом на дом. Настройка ПК, удаление вирусов, восстановление данных. Выезд мастера на дом. Звоните!"
Кемерово,Ремонт телевизоров,remont-televizorov,+7 (986) 089-07-04,https://master-na-dom.online/remont-televizorov-kemerovo,remont-televizorov-kemerovo,Ремонт телевизоров в Кемерово | ПроМастер,"Ремонт телевизоров в Кемерово с выездом на дом. Ремонт LED, OLED, Smart TV. Диагностика бесплатно. Гарантия на ремонт. Звоните!"
Кемерово,Ремонт варочных панелей,remont-varochnyh-panelej,+7 (969) 999-24-97,https://master-na-dom.online/remont-varochnyh-panelej-kemerovo,remont-varochnyh-panelej-kemerovo,Ремонт варочных панелей в Кемерово | ПроМастер,"Ремонт варочных панелей в Кемерово с выездом на дом. Индукционные, электрические и газовые панели. Гарантия на ремонт. Звоните!"
Кемерово,Ремонт духовых шкафов,remont-duhovyh-shkafov,+7 (969) 999-24-97,https://master-na-dom.online/remont-duhovyh-shkafov-kemerovo,remont-duhovyh-shkafov-kemerovo,Ремонт духовых шкафов в Кемерово | ПроМастер,Ремонт духовых шкафов в Кемерово с выездом на дом. Электрические и газовые духовки. Диагностика бесплатно. Звоните!
Кемерово,Ремонт водонагревателей,remont-vodonagrevatelej,+7 (969) 999-24-97,https://master-na-dom.online/remont-vodonagrevatelej-kemerovo,remont-vodonagrevatelej-kemerovo,Ремонт водонагревателей в Кемерово | ПроМастер,Ремонт водонагревателей в Кемерово с выездом на дом. Ремонт бойлеров и проточных водонагревателей. Гарантия на работы. Звоните!
Кемерово,Ремонт кофемашин,remont-kofemashin,+7 (969) 999-24-97,https://master-na-dom.online/remont-kofemashin-kemerovo,remont-kofemashin-kemerovo,Ремонт кофемашин в Кемерово | ПроМастер,"Ремонт кофемашин в Кемерово с выездом на дом. DeLonghi, Saeco, Bosch, Jura и другие марки. Диагностика бесплатно. Звоните!"
Кемерово,Дезинфекция,dezinfekciya,+7 (984) 333-32-49,https://master-na-dom.online/dezinfekciya-kemerovo,dezinfekciya-kemerovo,Дезинфекция в Кемерово — вызов мастера на дом | ПроМастер,"Дезинфекция в Кемерово с выездом на дом. Уничтожение насекомых, грызунов и плесени. Безопасные препараты, гарантия результата. Звоните!"
Кемерово,Электрик,elektrik,+7 (984) 333-32-49,https://master-na-dom.online/elektrik-kemerovo,elektrik-kemerovo,Электрик в Кемерово | ПроМастер,"Электрик в Кемерово с выездом на дом. Замена проводки, установка розеток, поиск неисправностей. Гарантия на работы. Звоните!"
Кемерово,Сантехник,santehnik,+7 (984) 333-32-49,https://master-na-dom.online/santehnik-kemerovo,santehnik-kemerovo,Сантехник в Кемерово | ПроМастер,"Сантехник в Кемерово с выездом на дом. Устранение протечек, замена смесителей, прочистка канализации. Гарантия на работы. Звоните!"
Кемерово,Мастер на час,master-na-chas,+7 (984) 333-32-49,https://master-na-dom.online/master-na-chas-kemerovo,master-na-chas-kemerovo,Мастер на час в Кемерово | ПроМастер,"Мастер на час в Кемерово с выездом на дом. Мелкий ремонт, сборка мебели, навешивание полок. Выезд за 30 минут. Звоните!"
Кемерово,Ремонт окон,remont-okon,+7 (984) 333-32-49,https://master-na-dom.online/remont-okon-kemerovo,remont-okon-kemerovo,Ремонт окон в Кемерово | ПроМастер,"Ремонт окон в Кемерово с выездом на дом. Регулировка фурнитуры, замена уплотнителя, устранение продувания. Звоните!"
Кемерово,Клининг,klining,+7 (984) 333-32-49,https://master-na-dom.online/klining-kemerovo,klining-kemerovo,Клининг в Кемерово — вызов мастера на дом | ПроМастер,"Клининг в Кемерово с выездом на дом. Генеральная уборка, уборка после ремонта, мытьё окон. Профессиональная химия и оборудование. Звоните!"
Кемерово,Сборка мебели,sborka-mebeli,+7 (984) 333-32-49,https://master-na-dom.online/sborka-mebeli-kemerovo,sborka-mebeli-kemerovo,Сборка мебели в Кемерово — вызов мастера на дом | ПроМастер,"Сборка мебели в Кемерово с выездом на дом. Сборка шкафов, кухонь, кроватей и стеллажей. Аккуратно и со своим инструментом. Звоните!"
Киров,Ремонт стиральных машин,remont-stiralnyh-mashin,+7 (969) 999-24-97,https://master-na-dom.online/remont-stiralnyh-mashin-kirov,remont-stiralnyh-mashin-kirov,Ремонт стиральных машин в Кирове | ПроМастер,"Ремонт стиральных машин в Кирове с выездом на дом. Samsung, LG, Bosch, Indesit и другие марки. Диагностика бесплатно. Гарантия на ремонт. Звоните!"
Киров,Ремонт холодильников,remont-holodilnikov,+7 (969) 999-24-97,https://master-na-dom.online/remont-holodilnikov-kirov,remont-holodilnikov-kirov,Ремонт холодильников в Кирове | ПроМастер,"Ремонт холодильников в Кирове с выездом на дом. Samsung, LG, Bosch, Atlant и другие марки. Диагностика бесплатно. Гарантия на ремонт. Звоните!"
Киров,Ремонт посудомоечных машин,remont-pmm,+7 (969) 999-24-97,https://master-na-dom.online/remont-pmm-kirov,remont-pmm-kirov,Ремонт посудомоечных машин в Кирове | ПроМастер,"Ремонт посудомоечных машин в Кирове с выездом на дом. Bosch, Siemens, Electrolux и другие марки. Диагностика бесплатно. Звоните!"
Киров,Ремонт кондиционеров,remont-kondicionerov,+7 (969) 999-24-97,https://master-na-dom.online/remont-kondicionerov-kirov,remont-kondicionerov-kirov,Ремонт кондиционеров в Кирове | ПроМастер,"Ремонт кондиционеров в Кирове с выездом на дом. Обслуживание, заправка фреоном, ремонт сплит-систем. Гарантия на работы. Звоните!"
Киров,Компьютерная помощь,kp,+7 (986) 089-07-04,https://master-na-dom.online/kp-kirov,kp-kirov,Компьютерная помощь в Кирове | ПроМастер,"Компьютерная помощь в Кирове с выездом на дом. Настройка ПК, удаление вирусов, восстановление данных. Выезд мастера на дом. Звоните!"
Киров,Ремонт телевизоров,remont-televizorov,+7 (986) 089-07-04,https://master-na-dom.online/remont-televizorov-kirov,remont-televizorov-kirov,Ремонт телевизоров в Кирове | ПроМастер,"Ремонт телевизоров в Кирове с выездом на дом. Ремонт LED, OLED, Smart TV. Диагностика бесплатно. Гарантия на ремонт. Звоните!"
Киров,Ремонт варочных панелей,remont-varochnyh-panelej,+7 (969) 999-24-97,https://master-na-dom.online/remont-varochnyh-panelej-kirov,remont-varochnyh-panelej-kirov,Ремонт варочных панелей в Кирове | ПроМастер,"Ремонт варочных панелей в Кирове с выездом на дом. Индукционные, электрические и газовые панели. Гарантия на ремонт. Звоните!"
Киров,Ремонт духовых шкафов,remont-duhovyh-shkafov,+7 (969) 999-24-97,https://master-na-dom.online/remont-duhovyh-shkafov-kirov,remont-duhovyh-shkafov-kirov,Ремонт духовых шкафов в Кирове | ПроМастер,Ремонт духовых шкафов в Кирове с выездом на дом. Электрические и газовые духовки. Диагностика бесплатно. Звоните!
Киров,Ремонт водонагревателей,remont-vodonagrevatelej,+7 (969) 999-24-97,https://master-na-dom.online/remont-vodonagrevatelej-kirov,remont-vodonagrevatelej-kirov,Ремонт водонагревателей в Кирове | ПроМастер,Ремонт водонагревателей в Кирове с выездом на дом. Ремонт бойлеров и проточных водонагревателей. Гарантия на работы. Звоните!
Киров,Ремонт кофемашин,remont-kofemashin,+7 (969) 999-24-97,https://master-na-dom.online/remont-kofemashin-kirov,remont-kofemashin-kirov,Ремонт кофемашин в Кирове | ПроМастер,"Ремонт кофемашин в Кирове с выездом на дом. DeLonghi, Saeco, Bosch, Jura и другие марки. Диагностика бесплатно. Звоните!"
Киров,Дезинфекция,dezinfekciya,+7 (984) 333-32-49,https://master-na-dom.online/dezinfekciya-kirov,dezinfekciya-kirov,Дезинфекция в Кирове — вызов мастера на дом | ПроМастер,"Дезинфекция в Кирове с выездом на дом. Уничтожение насекомых, грызунов и плесени. Безопасные препараты, гарантия результата. Звоните!"
Киров,Электрик,elektrik,+7 (984) 333-32-49,https://master-na-dom.online/elektrik-kirov,elektrik-kirov,Электрик в Кирове | ПроМастер,"Электрик в Кирове с выездом на дом. Замена проводки, установка розеток, поиск неисправностей. Гарантия на работы. Звоните!"
Киров,Сантехник,santehnik,+7 (984) 333-32-49,https://master-na-dom.online/santehnik-kirov,santehnik-kirov,Сантехник в Кирове | ПроМастер,"Сантехник в Кирове с выездом на дом. Устранение протечек, замена смесителей, прочистка канализации. Гарантия на работы. Звоните!"
Киров,Мастер на час,master-na-chas,+7 (984) 333-32-49,https://master-na-dom.online/master-na-chas-kirov,master-na-chas-kirov,Мастер на час в Кирове | ПроМастер,"Мастер на час в Кирове с выездом на дом. Мелкий ремонт, сборка мебели, навешивание полок. Выезд за 30 минут. Звоните!"
Киров,Ремонт окон,remont-okon,+7 (984) 333-32-49,https://master-na-dom.online/remont-okon-kirov,remont-okon-kirov,Ремонт окон в Кирове | ПроМастер,"Ремонт окон в Кирове с выездом на дом. Регулировка фурнитуры, замена уплотнителя, устранение продувания. Звоните!"
Киров,Клининг,klining,+7 (984) 333-32-49,https://master-na-dom.online/klining-kirov,klining-kirov,Клининг в Кирове — вызов мастера на дом | ПроМастер,"Клининг в Кирове с выездом на дом. Генеральная уборка, уборка после ремонта, мытьё окон. Профессиональная химия и оборудование. Звоните!"
Киров,Сборка мебели,sborka-mebeli,+7 (984) 333-32-49,https://master-na-dom.online/sborka-mebeli-kirov,sborka-mebeli-kirov,Сборка мебели в Кирове — вызов мастера на дом | ПроМастер,"Сборка мебели в Кирове с выездом на дом. Сборка шкафов, кухонь, кроватей и стеллажей. Аккуратно и со своим инструментом. Звоните!"
Копейск,Ремонт стиральных машин,remont-stiralnyh-mashin,+7 (969) 999-24-97,https://master-na-dom.online/remont-stiralnyh-mashin-kopeysk,remont-stiralnyh-mashin-kopeysk,Ремонт стиральных машин в Копейске | ПроМастер,"Ремонт стиральных машин в Копейске с выездом на дом. Samsung, LG, Bosch, Indesit и другие марки. Диагностика бесплатно. Гарантия на ремонт. Звоните!"
Копейск,Ремонт холодильников,remont-holodilnikov,+7 (969) 999-24-97,https://master-na-dom.online/remont-holodilnikov-kopeysk,remont-holodilnikov-kopeysk,Ремонт холодильников в Копейске | ПроМастер,"Ремонт холодильников в Копейске с выездом на дом. Samsung, LG, Bosch, Atlant и другие марки. Диагностика бесплатно. Гарантия на ремонт. Звоните!"
Копейск,Ремонт посудомоечных машин,remont-pmm,+7 (969) 999-24-97,https://master-na-dom.online/remont-pmm-kopeysk,remont-pmm-kopeysk,Ремонт посудомоечных машин в Копейске | ПроМастер,"Ремонт посудомоечных машин в Копейске с выездом на дом. Bosch, Siemens, Electrolux и другие марки. Диагностика бесплатно. Звоните!"
Копейск,Ремонт кондиционеров,remont-kondicionerov,+7 (969) 999-24-97,https://master-na-dom.online/remont-kondicionerov-kopeysk,remont-kondicionerov-kopeysk,Ремонт кондиционеров в Копейске | ПроМастер,"Ремонт кондиционеров в Копейске с выездом на дом. Обслуживание, заправка фреоном, ремонт сплит-систем. Гарантия на работы. Звоните!"
Копейск,Компьютерная помощь,kp,+7 (986) 089-07-04,https://master-na-dom.online/kp-kopeysk,kp-kopeysk,Компьютерная помощь в Копейске | ПроМастер,"Компьютерная помощь в Копейске с выездом на дом. Настройка ПК, удаление вирусов, восстановление данных. Выезд мастера на дом. Звоните!"
Копейск,Ремонт телевизоров,remont-televizorov,+7 (986) 089-07-04,https://master-na-dom.online/remont-televizorov-kopeysk,remont-televizorov-kopeysk,Ремонт телевизоров в Копейске | ПроМастер,"Ремонт телевизоров в Копейске с выездом на дом. Ремонт LED, OLED, Smart TV. Диагностика бесплатно. Гарантия на ремонт. Звоните!"
Копейск,Ремонт варочных панелей,remont-varochnyh-panelej,+7 (969) 999-24-97,https://master-na-dom.online/remont-varochnyh-panelej-kopeysk,remont-varochnyh-panelej-kopeysk,Ремонт варочных панелей в Копейске | ПроМастер,"Ремонт варочных панелей в Копейске с выездом на дом. Индукционные, электрические и газовые панели. Гарантия на ремонт. Звоните!"
Копейск,Ремонт духовых шкафов,remont-duhovyh-shkafov,+7 (969) 999-24-97,https://master-na-dom.online/remont-duhovyh-shkafov-kopeysk,remont-duhovyh-shkafov-kopeysk,Ремонт духовых шкафов в Копейске | ПроМастер,Ремонт духовых шкафов в Копейске с выездом на дом. Электрические и газовые духовки. Диагностика бесплатно. Звоните!
Копейск,Ремонт водонагревателей,remont-vodonagrevatelej,+7 (969) 999-24-97,https://master-na-dom.online/remont-vodonagrevatelej-kopeysk,remont-vodonagrevatelej-kopeysk,Ремонт водонагревателей в Копейске | ПроМастер,Ремонт водонагревателей в Копейске с выездом на дом. Ремонт бойлеров и проточных водонагревателей. Гарантия на работы. Звоните!
Копейск,Ремонт кофемашин,remont-kofemashin,+7 (969) 999-24-97,https://master-na-dom.online/remont-kofemashin-kopeysk,remont-kofemashin-kopeysk,Ремонт кофемашин в Копейске | ПроМастер,"Ремонт кофемашин в Копейске с выездом на дом. DeLonghi, Saeco, Bosch, Jura и другие марки. Диагностика бесплатно. Звоните!"
Копейск,Дезинфекция,dezinfekciya,+7 (984) 333-32-49,https://master-na-dom.online/dezinfekciya-kopeysk,dezinfekciya-kopeysk,Дезинфекция в Копейске — вызов мастера на дом | ПроМастер,"Дезинфекция в Копейске с выездом на дом. Уничтожение насекомых, грызунов и плесени. Безопасные препараты, гарантия результата. Звоните!"
Копейск,Электрик,elektrik,+7 (984) 333-32-49,https://master-na-dom.online/elektrik-kopeysk,elektrik-kopeysk,Электрик в Копейске | ПроМастер,"Электрик в Копейске с выездом на дом. Замена проводки, установка розеток, поиск неисправностей. Гарантия на работы. Звоните!"
Копейск,Сантехник,santehnik,+7 (984) 333-32-49,https://master-na-dom.online/santehnik-kopeysk,santehnik-kopeysk,Сантехник в Копейске | ПроМастер,"Сантехник в Копейске с выездом на дом. Устранение протечек, замена смесителей, прочистка канализации. Гарантия на работы. Звоните!"
Копейск,Мастер на час,master-na-chas,+7 (984) 333-32-49,https://master-na-dom.online/master-na-chas-kopeysk,master-na-chas-kopeysk,Мастер на час в Копейске | ПроМастер,"Мастер на час в Копейске с выездом на дом. Мелкий ремонт, сборка мебели, навешивание полок. Выезд за 30 минут. Звоните!"
Копейск,Ремонт окон,remont-okon,+7 (984) 333-32-49,https://master-na-dom.online/remont-okon-kopeysk,remont-okon-kopeysk,Ремонт окон в Копейске | ПроМастер,"Ремонт окон в Копейске с выездом на дом. Регулировка фурнитуры, замена уплотнителя, устранение продувания. Звоните!"
Копейск,Клининг,klining,+7 (984) 333-32-49,https://master-na-dom.online/klining-kopeysk,klining-kopeysk,Клининг в Копейске — вызов мастера на дом | ПроМастер,"Клининг в Копейске с выездом на дом. Генеральная уборка, уборка после ремонта, мытьё окон. Профессиональная химия и оборудование. Звоните!"
Копейск,Сборка мебели,sborka-mebeli,+7 (984) 333-32-49,https://master-na-dom.online/sborka-mebeli-kopeysk,sborka-mebeli-kopeysk,Сборка мебели в Копейске — вызов мастера на дом | ПроМастер,"Сборка мебели в Копейске с выездом на дом. Сборка шкафов, кухонь, кроватей и стеллажей. Аккуратно и со своим инструментом. Звоните!"
Коркино,Ремонт стиральных машин,remont-stiralnyh-mashin,+7 (969) 999-24-97,https://master-na-dom.online/remont-stiralnyh-mashin-korkino,remont-stiralnyh-mashin-korkino,Ремонт стиральных машин в Коркино | ПроМастер,"Ремонт стиральных машин в Коркино с выездом на дом. Samsung, LG, Bosch, Indesit и другие марки. Диагностика бесплатно. Гарантия на ремонт. Звоните!"
Коркино,Ремонт холодильников,remont-holodilnikov,+7 (969) 999-24-97,https://master-na-dom.online/remont-holodilnikov-korkino,remont-holodilnikov-korkino,Ремонт холодильников в Коркино | ПроМастер,"Ремонт холодильников в Коркино с выездом на дом. Samsung, LG, Bosch, Atlant и другие марки. Диагностика бесплатно. Гарантия на ремонт. Звоните!"
Коркино,Ремонт посудомоечных машин,remont-pmm,+7 (969) 999-24-97,https://master-na-dom.online/remont-pmm-korkino,remont-pmm-korkino,Ремонт посудомоечных машин в Коркино | ПроМастер,"Ремонт посудомоечных машин в Коркино с выездом на дом. Bosch, Siemens, Electrolux и другие марки. Диагностика бесплатно. Звоните!"
Коркино,Ремонт кондиционеров,remont-kondicionerov,+7 (969) 999-24-97,https://master-na-dom.online/remont-kondicionerov-korkino,remont-kondicionerov-korkino,Ремонт кондиционеров в Коркино | ПроМастер,"Ремонт кондиционеров в Коркино с выездом на дом. Обслуживание, заправка фреоном, ремонт сплит-систем. Гарантия на работы. Звоните!"
Коркино,Компьютерная помощь,kp,+7 (986) 089-07-04,https://master-na-dom.online/kp-korkino,kp-korkino,Компьютерная помощь в Коркино | ПроМастер,"Компьютерная помощь в Коркино с выездом на дом. Настройка ПК, удаление вирусов, восстановление данных. Выезд мастера на дом. Звоните!"
Коркино,Ремонт телевизоров,remont-televizorov,+7 (986) 089-07-04,https://master-na-dom.online/remont-televizorov-korkino,remont-televizorov-korkino,Ремонт телевизоров в Коркино | ПроМастер,"Ремонт телевизоров в Коркино с выездом на дом. Ремонт LED, OLED, Smart TV. Диагностика бесплатно. Гарантия на ремонт. Звоните!"
Коркино,Ремонт варочных панелей,remont-varochnyh-panelej,+7 (969) 999-24-97,https://master-na-dom.online/remont-varochnyh-panelej-korkino,remont-varochnyh-panelej-korkino,Ремонт варочных панелей в Коркино | ПроМастер,"Ремонт варочных панелей в Коркино с выездом на дом. Индукционные, электрические и газовые панели. Гарантия на ремонт. Звоните!"
Коркино,Ремонт духовых шкафов,remont-duhovyh-shkafov,+7 (969) 999-24-97,https://master-na-dom.online/remont-duhovyh-shkafov-korkino,remont-duhovyh-shkafov-korkino,Ремонт духовых шкафов в Коркино | ПроМастер,Ремонт духовых шкафов в Коркино с выездом на дом. Электрические и газовые духовки. Диагностика бесплатно. Звоните!
Коркино,Ремонт водонагревателей,remont-vodonagrevatelej,+7 (969) 999-24-97,https://master-na-dom.online/remont-vodonagrevatelej-korkino,remont-vodonagrevatelej-korkino,Ремонт водонагревателей в Коркино | ПроМастер,Ремонт водонагревателей в Коркино с выездом на дом. Ремонт бойлеров и проточных водонагревателей. Гарантия на работы. Звоните!
Коркино,Ремонт кофемашин,remont-kofemashin,+7 (969) 999-24-97,https://master-na-dom.online/remont-kofemashin-korkino,remont-kofemashin-korkino,Ремонт кофемашин в Коркино | ПроМастер,"Ремонт кофемашин в Коркино с выездом на дом. DeLonghi, Saeco, Bosch, Jura и другие марки. Диагностика бесплатно. Звоните!"
Коркино,Дезинфекция,dezinfekciya,+7 (984) 333-32-49,https://master-na-dom.online/dezinfekciya-korkino,dezinfekciya-korkino,Дезинфекция в Коркино — вызов мастера на дом | ПроМастер,"Дезинфекция в Коркино с выездом на дом. Уничтожение насекомых, грызунов и плесени. Безопасные препараты, гарантия результата. Звоните!"
Коркино,Электрик,elektrik,+7 (984) 333-32-49,https://master-na-dom.online/elektrik-korkino,elektrik-korkino,Электрик в Коркино | ПроМастер,"Электрик в Коркино с выездом на дом. Замена проводки, установка розеток, поиск неисправностей. Гарантия на работы. Звоните!"
Коркино,Сантехник,santehnik,+7 (984) 333-32-49,https://master-na-dom.online/santehnik-korkino,santehnik-korkino,Сантехник в Коркино | ПроМастер,"Сантехник в Коркино с выездом на дом. Устранение протечек, замена смесителей, прочистка канализации. Гарантия на работы. Звоните!"
Коркино,Мастер на час,master-na-chas,+7 (984) 333-32-49,https://master-na-dom.online/master-na-chas-korkino,master-na-chas-korkino,Мастер на час в Коркино | ПроМастер,"Мастер на час в Коркино с выездом на дом. Мелкий ремонт, сборка мебели, навешивание полок. Выезд за 30 минут. Звоните!"
Коркино,Ремонт окон,remont-okon,+7 (984) 333-32-49,https://master-na-dom.online/remont-okon-korkino,remont-okon-korkino,Ремонт окон в Коркино | ПроМастер,"Ремонт окон в Коркино с выездом на дом. Регулировка фурнитуры, замена уплотнителя, устранение продувания. Звоните!"
Коркино,Клининг,klining,+7 (984) 333-32-49,https://master-na-dom.online/klining-korkino,klining-korkino,Клининг в Коркино — вызов мастера на дом | ПроМастер,"Клининг в Коркино с выездом на дом. Генеральная уборка, уборка после ремонта, мытьё окон. Профессиональная химия и оборудование. Звоните!"
Коркино,Сборка мебели,sborka-mebeli,+7 (984) 333-32-49,https://master-na-dom.online/sborka-mebeli-korkino,sborka-mebeli-korkino,Сборка мебели в Коркино — вызов мастера на дом | ПроМастер,"Сборка мебели в Коркино с выездом на дом. Сборка шкафов, кухонь, кроватей и стеллажей. Аккуратно и со своим инструментом. Звоните!"
Кострома,Ремонт стиральных машин,remont-stiralnyh-mashin,+7 (969) 999-24-97,https://master-na-dom.online/remont-stiralnyh-mashin-kostroma,remont-stiralnyh-mashin-kostroma,Ремонт стиральных машин в Костроме | ПроМастер,"Ремонт стиральных машин в Костроме с выездом на дом. Samsung, LG, Bosch, Indesit и другие марки. Диагностика бесплатно. Гарантия на ремонт. Звоните!"
Кострома,Ремонт холодильников,remont-holodilnikov,+7 (969) 999-24-97,https://master-na-dom.online/remont-holodilnikov-kostroma,remont-holodilnikov-kostroma,Ремонт холодильников в Костроме | ПроМастер,"Ремонт холодильников в Костроме с выездом на дом. Samsung, LG, Bosch, Atlant и другие марки. Диагностика бесплатно. Гарантия на ремонт. Звоните!"
Кострома,Ремонт посудомоечных машин,remont-pmm,+7 (969) 999-24-97,https://master-na-dom.online/remont-pmm-kostroma,remont-pmm-kostroma,Ремонт посудомоечных машин в Костроме | ПроМастер,"Ремонт посудомоечных машин в Костроме с выездом на дом. Bosch, Siemens, Electrolux и другие марки. Диагностика бесплатно. Звоните!"
Кострома,Ремонт кондиционеров,remont-kondicionerov,+7 (969) 999-24-97,https://master-na-dom.online/remont-kondicionerov-kostroma,remont-kondicionerov-kostroma,Ремонт кондиционеров в Костроме | ПроМастер,"Ремонт кондиционеров в Костроме с выездом на дом. Обслуживание, заправка фреоном, ремонт сплит-систем. Гарантия на работы. Звоните!"
Кострома,Компьютерная помощь,kp,+7 (986) 089-07-04,https://master-na-dom.online/kp-kostroma,kp-kostroma,Компьютерная помощь в Костроме | ПроМастер,"Компьютерная помощь в Костроме с выездом на дом. Настройка ПК, удаление вирусов, восстановление данных. Выезд мастера на дом. Звоните!"
Кострома,Ремонт телевизоров,remont-televizorov,+7 (986) 089-07-04,https://master-na-dom.online/remont-televizorov-kostroma,remont-televizorov-kostroma,Ремонт телевизоров в Костроме | ПроМастер,"Ремонт телевизоров в Костроме с выездом на дом. Ремонт LED, OLED, Smart TV. Диагностика бесплатно. Гарантия на ремонт. Звоните!"
Кострома,Ремонт варочных панелей,remont-varochnyh-panelej,+7 (969) 999-24-97,https://master-na-dom.online/remont-varochnyh-panelej-kostroma,remont-varochnyh-panelej-kostroma,Ремонт варочных панелей в Костроме | ПроМастер,"Ремонт варочных панелей в Костроме с выездом на дом. Индукционные, электрические и газовые панели. Гарантия на ремонт. Звоните!"
Кострома,Ремонт духовых шкафов,remont-duhovyh-shkafov,+7 (969) 999-24-97,https://master-na-dom.online/remont-duhovyh-shkafov-kostroma,remont-duhovyh-shkafov-kostroma,Ремонт духовых шкафов в Костроме | ПроМастер,Ремонт духовых шкафов в Костроме с выездом на дом. Электрические и газовые духовки. Диагностика бесплатно. Звоните!
Кострома,Ремонт водонагревателей,remont-vodonagrevatelej,+7 (969) 999-24-97,https://master-na-dom.online/remont-vodonagrevatelej-kostroma,remont-vodonagrevatelej-kostroma,Ремонт водонагревателей в Костроме | ПроМастер,Ремонт водонагревателей в Костроме с выездом на дом. Ремонт бойлеров и проточных водонагревателей. Гарантия на работы. Звоните!
Кострома,Ремонт кофемашин,remont-kofemashin,+7 (969) 999-24-97,https://master-na-dom.online/remont-kofemashin-kostroma,remont-kofemashin-kostroma,Ремонт кофемашин в Костроме | ПроМастер,"Ремонт кофемашин в Костроме с выездом на дом. DeLonghi, Saeco, Bosch, Jura и другие марки. Диагностика бесплатно. Звоните!"
Кострома,Дезинфекция,dezinfekciya,+7 (984) 333-32-49,https://master-na-dom.online/dezinfekciya-kostroma,dezinfekciya-kostroma,Дезинфекция в Костроме — вызов мастера на дом | ПроМастер,"Дезинфекция в Костроме с выездом на дом. Уничтожение насекомых, грызунов и плесени. Безопасные препараты, гарантия результата. Звоните!"
Кострома,Электрик,elektrik,+7 (984) 333-32-49,https://master-na-dom.online/elektrik-kostroma,elektrik-kostroma,Электрик в Костроме | ПроМастер,"Электрик в Костроме с выездом на дом. Замена проводки, установка розеток, поиск неисправностей. Гарантия на работы. Звоните!"
Кострома,Сантехник,santehnik,+7 (984) 333-32-49,https://master-na-dom.online/santehnik-kostroma,santehnik-kostroma,Сантехник в Костроме | ПроМастер,"Сантехник в Костроме с выездом на дом. Устранение протечек, замена смесителей, прочистка канализации. Гарантия на работы. Звоните!"
Кострома,Мастер на час,master-na-chas,+7 (984) 333-32-49,https://master-na-dom.online/master-na-chas-kostroma,master-na-chas-kostroma,Мастер на час в Костроме | ПроМастер,"Мастер на час в Костроме с выездом на дом. Мелкий ремонт, сборка мебели, навешивание полок. Выезд за 30 минут. Звоните!"
Кострома,Ремонт окон,remont-okon,+7 (984) 333-32-49,https://master-na-dom.online/remont-okon-kostroma,remont-okon-kostroma,Ремонт окон в Костроме | ПроМастер,"Ремонт окон в Костроме с выездом на дом. Регулировка фурнитуры, замена уплотнителя, устранение продувания. Звоните!"
Кострома,Клининг,klining,+7 (984) 333-32-49,https://master-na-dom.online/klining-kostroma,klining-kostroma,Клининг в Костроме — вызов мастера на дом | ПроМастер,"Клининг в Костроме с выездом на дом. Генеральная уборка, уборка после ремонта, мытьё окон. Профессиональная химия и оборудование. Звоните!"
Кострома,Сборка мебели,sborka-mebeli,+7 (984) 333-32-49,https://master-na-dom.online/sborka-mebeli-kostroma,sborka-mebeli-kostroma,Сборка мебели в Костроме — вызов мастера на дом | ПроМастер,"Сборка мебели в Костроме с выездом на дом. Сборка шкафов, кухонь, кроватей и стеллажей. Аккуратно и со своим инструментом. Звоните!"
Краснодар,Ремонт стиральных машин,remont-stiralnyh-mashin,+7 (969) 999-24-97,https://master-na-dom.online/remont-stiralnyh-mashin-krasnodar,remont-stiralnyh-mashin-krasnodar,Ремонт стиральных машин в Краснодаре | ПроМастер,"Ремонт стиральных машин в Краснодаре с выездом на дом. Samsung, LG, Bosch, Indesit и другие марки. Диагностика бесплатно. Гарантия на ремонт. Звоните!"
Краснодар,Ремонт холодильников,remont-holodilnikov,+7 (969) 999-24-97,https://master-na-dom.online/remont-holodilnikov-krasnodar,remont-holodilnikov-krasnodar,Ремонт холодильников в Краснодаре | ПроМастер,"Ремонт холодильников в Краснодаре с выездом на дом. Samsung, LG, Bosch, Atlant и другие марки. Диагностика бесплатно. Гарантия на ремонт. Звоните!"
Краснодар,Ремонт посудомоечных машин,remont-pmm,+7 (969) 999-24-97,https://master-na-dom.online/remont-pmm-krasnodar,remont-pmm-krasnodar,Ремонт посудомоечных машин в Краснодаре | ПроМастер,"Ремонт посудомоечных машин в Краснодаре с выездом на дом. Bosch, Siemens, Electrolux и другие марки. Диагностика бесплатно. Звоните!"
Краснодар,Ремонт кондиционеров,remont-kondicionerov,+7 (969) 999-24-97,https://master-na-dom.online/remont-kondicionerov-krasnodar,remont-kondicionerov-krasnodar,Ремонт кондиционеров в Краснодаре | ПроМастер,"Ремонт кондиционеров в Краснодаре с выездом на дом. Обслуживание, заправка фреоном, ремонт сплит-систем. Гарантия на работы. Звоните!"
Краснодар,Компьютерная помощь,kp,+7 (986) 089-07-04,https://master-na-dom.online/kp-krasnodar,kp-krasnodar,Компьютерная помощь в Краснодаре | ПроМастер,"Компьютерная помощь в Краснодаре с выездом на дом. Настройка ПК, удаление вирусов, восстановление данных. Выезд мастера на дом. Звоните!"
Краснодар,Ремонт телевизоров,remont-televizorov,+7 (986) 089-07-04,https://master-na-dom.online/remont-televizorov-krasnodar,remont-televizorov-krasnodar,Ремонт телевизоров в Краснодаре | ПроМастер,"Ремонт телевизоров в Краснодаре с выездом на дом. Ремонт LED, OLED, Smart TV. Диагностика бесплатно. Гарантия на ремонт. Звоните!"
Краснодар,Ремонт варочных панелей,remont-varochnyh-panelej,+7 (969) 999-24-97,https://master-na-dom.online/remont-varochnyh-panelej-krasnodar,remont-varochnyh-panelej-krasnodar,Ремонт варочных панелей в Краснодаре | ПроМастер,"Ремонт варочных панелей в Краснодаре с выездом на дом. Индукционные, электрические и газовые панели. Гарантия на ремонт. Звоните!"
Краснодар,Ремонт духовых шкафов,remont-duhovyh-shkafov,+7 (969) 999-24-97,https://master-na-dom.online/remont-duhovyh-shkafov-krasnodar,remont-duhovyh-shkafov-krasnodar,Ремонт духовых шкафов в Краснодаре | ПроМастер,Ремонт духовых шкафов в Краснодаре с выездом на дом. Электрические и газовые духовки. Диагностика бесплатно. Звоните!
Краснодар,Ремонт водонагревателей,remont-vodonagrevatelej,+7 (969) 999-24-97,https://master-na-dom.online/remont-vodonagrevatelej-krasnodar,remont-vodonagrevatelej-krasnodar,Ремонт водонагревателей в Краснодаре | ПроМастер,Ремонт водонагревателей в Краснодаре с выездом на дом. Ремонт бойлеров и проточных водонагревателей. Гарантия на работы. Звоните!
Краснодар,Ремонт кофемашин,remont-kofemashin,+7 (969) 999-24-97,https://master-na-dom.online/remont-kofemashin-krasnodar,remont-kofemashin-krasnodar,Ремонт кофемашин в Краснодаре | ПроМастер,"Ремонт кофемашин в Краснодаре с выездом на дом. DeLonghi, Saeco, Bosch, Jura и другие марки. Диагностика бесплатно. Звоните!"
Краснодар,Дезинфекция,dezinfekciya,+7 (984) 333-32-49,https://master-na-dom.online/dezinfekciya-krasnodar,dezinfekciya-krasnodar,Дезинфекция в Краснодаре — вызов мастера на дом | ПроМастер,"Дезинфекция в Краснодаре с выездом на дом. Уничтожение насекомых, грызунов и плесени. Безопасные препараты, гарантия результата. Звоните!"
Краснодар,Электрик,elektrik,+7 (984) 333-32-49,https://master-na-dom.online/elektrik-krasnodar,elektrik-krasnodar,Электрик в Краснодаре | ПроМастер,"Электрик в Краснодаре с выездом на дом. Замена проводки, установка розеток, поиск неисправностей. Гарантия на работы. Звоните!"
Краснодар,Сантехник,santehnik,+7 (984) 333-32-49,https://master-na-dom.online/santehnik-krasnodar,santehnik-krasnodar,Сантехник в Краснодаре | ПроМастер,"Сантехник в Краснодаре с выездом на дом. Устранение протечек, замена смесителей, прочистка канализации. Гарантия на работы. Звоните!"
Краснодар,Мастер на час,master-na-chas,+7 (984) 333-32-49,https://master-na-dom.online/master-na-chas-krasnodar,master-na-chas-krasnodar,Мастер на час в Краснодаре | ПроМастер,"Мастер на час в Краснодаре с выездом на дом. Мелкий ремонт, сборка мебели, навешивание полок. Выезд за 30 минут. Звоните!"
Краснодар,Ремонт окон,remont-okon,+7 (984) 333-32-49,https://master-na-dom.online/remont-okon-krasnodar,remont-okon-krasnodar,Ремонт окон в Краснодаре | ПроМастер,"Ремонт окон в Краснодаре с выездом на дом. Регулировка фурнитуры, замена уплотнителя, устранение продувания. Звоните!"
Краснодар,Клининг,klining,+7 (984) 333-32-49,https://master-na-dom.online/klining-krasnodar,klining-krasnodar,Клининг в Краснодаре — вызов мастера на дом | ПроМастер,"Клининг в Краснодаре с выездом на дом. Генеральная уборка, уборка после ремонта, мытьё окон. Профессиональная химия и оборудование. Звоните!"
Краснодар,Сборка мебели,sborka-mebeli,+7 (984) 333-32-49,https://master-na-dom.online/sborka-mebeli-krasnodar,sborka-mebeli-krasnodar,Сборка мебели в Краснодаре — вызов мастера на дом | ПроМастер,"Сборка мебели в Краснодаре с выездом на дом. Сборка шкафов, кухонь, кроватей и стеллажей. Аккуратно и со своим инструментом. Звоните!"
Липецк,Ремонт стиральных машин,remont-stiralnyh-mashin,+7 (969) 999-24-97,https://master-na-dom.online/remont-stiralnyh-mashin-lipetsk,remont-stiralnyh-mashin-lipetsk,Ремонт стиральных машин в Липецке | ПроМастер,"Ремонт стиральных машин в Липецке с выездом на дом. Samsung, LG, Bosch, Indesit и другие марки. Диагностика бесплатно. Гарантия на ремонт. Звоните!"
Липецк,Ремонт холодильников,remont-holodilnikov,+7 (969) 999-24-97,https://master-na-dom.online/remont-holodilnikov-lipetsk,remont-holodilnikov-lipetsk,Ремонт холодильников в Липецке | ПроМастер,"Ремонт холодильников в Липецке с выездом на дом. Samsung, LG, Bosch, Atlant и другие марки. Диагностика бесплатно. Гарантия на ремонт. Звоните!"
Липецк,Ремонт посудомоечных машин,remont-pmm,+7 (969) 999-24-97,https://master-na-dom.online/remont-pmm-lipetsk,remont-pmm-lipetsk,Ремонт посудомоечных машин в Липецке | ПроМастер,"Ремонт посудомоечных машин в Липецке с выездом на дом. Bosch, Siemens, Electrolux и другие марки. Диагностика бесплатно. Звоните!"
Липецк,Ремонт кондиционеров,remont-kondicionerov,+7 (969) 999-24-97,https://master-na-dom.online/remont-kondicionerov-lipetsk,remont-kondicionerov-lipetsk,Ремонт кондиционеров в Липецке | ПроМастер,"Ремонт кондиционеров в Липецке с выездом на дом. Обслуживание, заправка фреоном, ремонт сплит-систем. Гарантия на работы. Звоните!"
Липецк,Компьютерная помощь,kp,+7 (986) 089-07-04,https://master-na-dom.online/kp-lipetsk,kp-lipetsk,Компьютерная помощь в Липецке | ПроМастер,"Компьютерная помощь в Липецке с выездом на дом. Настройка ПК, удаление вирусов, восстановление данных. Выезд мастера на дом. Звоните!"
Липецк,Ремонт телевизоров,remont-televizorov,+7 (986) 089-07-04,https://master-na-dom.online/remont-televizorov-lipetsk,remont-televizorov-lipetsk,Ремонт телевизоров в Липецке | ПроМастер,"Ремонт телевизоров в Липецке с выездом на дом. Ремонт LED, OLED, Smart TV. Диагностика бесплатно. Гарантия на ремонт. Звоните!"
Липецк,Ремонт варочных панелей,remont-varochnyh-panelej,+7 (969) 999-24-97,https://master-na-dom.online/remont-varochnyh-panelej-lipetsk,remont-varochnyh-panelej-lipetsk,Ремонт варочных панелей в Липецке | ПроМастер,"Ремонт варочных панелей в Липецке с выездом на дом. Индукционные, электрические и газовые панели. Гарантия на ремонт. Звоните!"
Липецк,Ремонт духовых шкафов,remont-duhovyh-shkafov,+7 (969) 999-24-97,https://master-na-dom.online/remont-duhovyh-shkafov-lipetsk,remont-duhovyh-shkafov-lipetsk,Ремонт духовых шкафов в Липецке | ПроМастер,Ремонт духовых шкафов в Липецке с выездом на дом. Электрические и газовые духовки. Диагностика бесплатно. Звоните!
Липецк,Ремонт водонагревателей,remont-vodonagrevatelej,+7 (969) 999-24-97,https://master-na-dom.online/remont-vodonagrevatelej-lipetsk,remont-vodonagrevatelej-lipetsk,Ремонт водонагревателей в Липецке | ПроМастер,Ремонт водонагревателей в Липецке с выездом на дом. Ремонт бойлеров и проточных водонагревателей. Гарантия на работы. Звоните!
Липецк,Ремонт кофемашин,remont-kofemashin,+7 (969) 999-24-97,https://master-na-dom.online/remont-kofemashin-lipetsk,remont-kofemashin-lipetsk,Ремонт кофемашин в Липецке | ПроМастер,"Ремонт кофемашин в Липецке с выездом на дом. DeLonghi, Saeco, Bosch, Jura и другие марки. Диагностика бесплатно. Звоните!"
Липецк,Дезинфекция,dezinfekciya,+7 (984) 333-32-49,https://master-na-dom.online/dezinfekciya-lipetsk,dezinfekciya-lipetsk,Дезинфекция в Липецке — вызов мастера на дом | ПроМастер,"Дезинфекция в Липецке с выездом на дом. Уничтожение насекомых, грызунов и плесени. Безопасные препараты, гарантия результата. Звоните!"
Липецк,Электрик,elektrik,+7 (984) 333-32-49,https://master-na-dom.online/elektrik-lipetsk,elektrik-lipetsk,Электрик в Липецке | ПроМастер,"Электрик в Липецке с выездом на дом. Замена проводки, установка розеток, поиск неисправностей. Гарантия на работы. Звоните!"
Липецк,Сантехник,santehnik,+7 (984) 333-32-49,https://master-na-dom.online/santehnik-lipetsk,santehnik-lipetsk,Сантехник в Липецке | ПроМастер,"Сантехник в Липецке с выездом на дом. Устранение протечек, замена смесителей, прочистка канализации. Гарантия на работы. Звоните!"
Липецк,Мастер на час,master-na-chas,+7 (984) 333-32-49,https://master-na-dom.online/master-na-chas-lipetsk,master-na-chas-lipetsk,Мастер на час в Липецке | ПроМастер,"Мастер на час в Липецке с выездом на дом. Мелкий ремонт, сборка мебели, навешивание полок. Выезд за 30 минут. Звоните!"
Липецк,Ремонт окон,remont-okon,+7 (984) 333-32-49,https://master-na-dom.online/remont-okon-lipetsk,remont-okon-lipetsk,Ремонт окон в Липецке | ПроМастер,"Ремонт окон в Липецке с выездом на дом. Регулировка фурнитуры, замена уплотнителя, устранение продувания. Звоните!"
Липецк,Клининг,klining,+7 (984) 333-32-49,https://master-na-dom.online/klining-lipetsk,klining-lipetsk,Клининг в Липецке — вызов мастера на дом | ПроМастер,"Клининг в Липецке с выездом на дом. Генеральная уборка, уборка после ремонта, мытьё окон. Профессиональная химия и оборудование. Звоните!"
Липецк,Сборка мебели,sborka-mebeli,+7 (984) 333-32-49,https://master-na-dom.online/sborka-mebeli-lipetsk,sborka-mebeli-lipetsk,Сборка мебели в Липецке — вызов мастера на дом | ПроМастер,"Сборка мебели в Липецке с выездом на дом. Сборка шкафов, кухонь, кроватей и стеллажей. Аккуратно и со своим инструментом. Звоните!"
Менделеевск,Ремонт стиральных машин,remont-stiralnyh-mashin,+7 (969) 999-24-97,https://master-na-dom.online/remont-stiralnyh-mashin-mendeleevsk,remont-stiralnyh-mashin-mendeleevsk,Ремонт стиральных машин в Менделеевске | ПроМастер,"Ремонт стиральных машин в Менделеевске с выездом на дом. Samsung, LG, Bosch, Indesit и другие марки. Диагностика бесплатно. Гарантия на ремонт. Звоните!"
Менделеевск,Ремонт холодильников,remont-holodilnikov,+7 (969) 999-24-97,https://master-na-dom.online/remont-holodilnikov-mendeleevsk,remont-holodilnikov-mendeleevsk,Ремонт холодильников в Менделеевске | ПроМастер,"Ремонт холодильников в Менделеевске с выездом на дом. Samsung, LG, Bosch, Atlant и другие марки. Диагностика бесплатно. Гарантия на ремонт. Звоните!"
Менделеевск,Ремонт посудомоечных машин,remont-pmm,+7 (969) 999-24-97,https://master-na-dom.online/remont-pmm-mendeleevsk,remont-pmm-mendeleevsk,Ремонт посудомоечных машин в Менделеевске | ПроМастер,"Ремонт посудомоечных машин в Менделеевске с выездом на дом. Bosch, Siemens, Electrolux и другие марки. Диагностика бесплатно. Звоните!"
Менделеевск,Ремонт кондиционеров,remont-kondicionerov,+7 (969) 999-24-97,https://master-na-dom.online/remont-kondicionerov-mendeleevsk,remont-kondicionerov-mendeleevsk,Ремонт кондиционеров в Менделеевске | ПроМастер,"Ремонт кондиционеров в Менделеевске с выездом на дом. Обслуживание, заправка фреоном, ремонт сплит-систем. Гарантия на работы. Звоните!"
Менделеевск,Компьютерная помощь,kp,+7 (986) 089-07-04,https://master-na-dom.online/kp-mendeleevsk,kp-mendeleevsk,Компьютерная помощь в Менделеевске | ПроМастер,"Компьютерная помощь в Менделеевске с выездом на дом. Настройка ПК, удаление вирусов, восстановление данных. Выезд мастера на дом. Звоните!"
Менделеевск,Ремонт телевизоров,remont-televizorov,+7 (986) 089-07-04,https://master-na-dom.online/remont-televizorov-mendeleevsk,remont-televizorov-mendeleevsk,Ремонт телевизоров в Менделеевске | ПроМастер,"Ремонт телевизоров в Менделеевске с выездом на дом. Ремонт LED, OLED, Smart TV. Диагностика бесплатно. Гарантия на ремонт. Звоните!"
Менделеевск,Ремонт варочных панелей,remont-varochnyh-panelej,+7 (969) 999-24-97,https://master-na-dom.online/remont-varochnyh-panelej-mendeleevsk,remont-varochnyh-panelej-mendeleevsk,Ремонт варочных панелей в Менделеевске | ПроМастер,"Ремонт варочных панелей в Менделеевске с выездом на дом. Индукционные, электрические и газовые панели. Гарантия на ремонт. Звоните!"
Менделеевск,Ремонт духовых шкафов,remont-duhovyh-shkafov,+7 (969) 999-24-97,https://master-na-dom.online/remont-duhovyh-shkafov-mendeleevsk,remont-duhovyh-shkafov-mendeleevsk,Ремонт духовых шкафов в Менделеевске | ПроМастер,Ремонт духовых шкафов в Менделеевске с выездом на дом. Электрические и газовые духовки. Диагностика бесплатно. Звоните!
Менделеевск,Ремонт водонагревателей,remont-vodonagrevatelej,+7 (969) 999-24-97,https://master-na-dom.online/remont-vodonagrevatelej-mendeleevsk,remont-vodonagrevatelej-mendeleevsk,Ремонт водонагревателей в Менделеевске | ПроМастер,Ремонт водонагревателей в Менделеевске с выездом на дом. Ремонт бойлеров и проточных водонагревателей. Гарантия на работы. Звоните!
Менделеевск,Ремонт кофемашин,remont-kofemashin,+7 (969) 999-24-97,https://master-na-dom.online/remont-kofemashin-mendeleevsk,remont-kofemashin-mendeleevsk,Ремонт кофемашин в Менделеевске | ПроМастер,"Ремонт кофемашин в Менделеевске с выездом на дом. DeLonghi, Saeco, Bosch, Jura и другие марки. Диагностика бесплатно. Звоните!"
Менделеевск,Дезинфекция,dezinfekciya,+7 (984) 333-32-49,https://master-na-dom.online/dezinfekciya-mendeleevsk,dezinfekciya-mendeleevsk,Дезинфекция в Менделеевске — вызов мастера на дом | ПроМастер,"Дезинфекция в Менделеевске с выездом на дом. Уничтожение насекомых, грызунов и плесени. Безопасные препараты, гарантия результата. Звоните!"
Менделеевск,Электрик,elektrik,+7 (984) 333-32-49,https://master-na-dom.online/elektrik-mendeleevsk,elektrik-mendeleevsk,Электрик в Менделеевске | ПроМастер,"Электрик в Менделеевске с выездом на дом. Замена проводки, установка розеток, поиск неисправностей. Гарантия на работы. Звоните!"
Менделеевск,Сантехник,santehnik,+7 (984) 333-32-49,https://master-na-dom.online/santehnik-mendeleevsk,santehnik-mendeleevsk,Сантехник в Менделеевске | ПроМастер,"Сантехник в Менделеевске с выездом на дом. Устранение протечек, замена смесителей, прочистка канализации. Гарантия на работы. Звоните!"
Менделеевск,Мастер на час,master-na-chas,+7 (984) 333-32-49,https://master-na-dom.online/master-na-chas-mendeleevsk,master-na-chas-mendeleevsk,Мастер на час в Менделеевске | ПроМастер,"Мастер на час в Менделеевске с выездом на дом. Мелкий ремонт, сборка мебели, навешивание полок. Выезд за 30 минут. Звоните!"
Менделеевск,Ремонт окон,remont-okon,+7 (984) 333-32-49,https://master-na-dom.online/remont-okon-mendeleevsk,remont-okon-mendeleevsk,Ремонт окон в Менделеевске | ПроМастер,"Ремонт окон в Менделеевске с выездом на дом. Регулировка фурнитуры, замена уплотнителя, устранение продувания. Звоните!"
Менделеевск,Клининг,klining,+7 (984) 333-32-49,https://master-na-dom.online/klining-mendeleevsk,klining-mendeleevsk,Клининг в Менделеевске — вызов мастера на дом | ПроМастер,"Клининг в Менделеевске с выездом на дом. Генеральная уборка, уборка после ремонта, мытьё окон. Профессиональная химия и оборудование. Звоните!"
Менделеевск,Сборка мебели,sborka-mebeli,+7 (984) 333-32-49,https://master-na-dom.online/sborka-mebeli-mendeleevsk,sborka-mebeli-mendeleevsk,Сборка мебели в Менделеевске — вызов мастера на дом | ПроМастер,"Сборка мебели в Менделеевске с выездом на дом. Сборка шкафов, кухонь, кроватей и стеллажей. Аккуратно и со своим инструментом. Звоните!"
Михайловск,Ремонт стиральных машин,remont-stiralnyh-mashin,+7 (969) 999-24-97,https://master-na-dom.online/remont-stiralnyh-mashin-mikhaylovsk,remont-stiralnyh-mashin-mikhaylovsk,Ремонт стиральных машин в Михайловске | ПроМастер,"Ремонт стиральных машин в Михайловске с выездом на дом. Samsung, LG, Bosch, Indesit и другие марки. Диагностика бесплатно. Гарантия на ремонт. Звоните!"
Михайловск,Ремонт холодильников,remont-holodilnikov,+7 (969) 999-24-97,https://master-na-dom.online/remont-holodilnikov-mikhaylovsk,remont-holodilnikov-mikhaylovsk,Ремонт холодильников в Михайловске | ПроМастер,"Ремонт холодильников в Михайловске с выездом на дом. Samsung, LG, Bosch, Atlant и другие марки. Диагностика бесплатно. Гарантия на ремонт. Звоните!"
Михайловск,Ремонт посудомоечных машин,remont-pmm,+7 (969) 999-24-97,https://master-na-dom.online/remont-pmm-mikhaylovsk,remont-pmm-mikhaylovsk,Ремонт посудомоечных машин в Михайловске | ПроМастер,"Ремонт посудомоечных машин в Михайловске с выездом на дом. Bosch, Siemens, Electrolux и другие марки. Диагностика бесплатно. Звоните!"
Михайловск,Ремонт кондиционеров,remont-kondicionerov,+7 (969) 999-24-97,https://master-na-dom.online/remont-kondicionerov-mikhaylovsk,remont-kondicionerov-mikhaylovsk,Ремонт кондиционеров в Михайловске | ПроМастер,"Ремонт кондиционеров в Михайловске с выездом на дом. Обслуживание, заправка фреоном, ремонт сплит-систем. Гарантия на работы. Звоните!"
Михайловск,Компьютерная помощь,kp,+7 (986) 089-07-04,https://master-na-dom.online/kp-mikhaylovsk,kp-mikhaylovsk,Компьютерная помощь в Михайловске | ПроМастер,"Компьютерная помощь в Михайловске с выездом на дом. Настройка ПК, удаление вирусов, восстановление данных. Выезд мастера на дом. Звоните!"
Михайловск,Ремонт телевизоров,remont-televizorov,+7 (986) 089-07-04,https://master-na-dom.online/remont-televizorov-mikhaylovsk,remont-televizorov-mikhaylovsk,Ремонт телевизоров в Михайловске | ПроМастер,"Ремонт телевизоров в Михайловске с выездом на дом. Ремонт LED, OLED, Smart TV. Диагностика бесплатно. Гарантия на ремонт. Звоните!"
Михайловск,Ремонт варочных панелей,remont-varochnyh-panelej,+7 (969) 999-24-97,https://master-na-dom.online/remont-varochnyh-panelej-mikhaylovsk,remont-varochnyh-panelej-mikhaylovsk,Ремонт варочных панелей в Михайловске | ПроМастер,"Ремонт варочных панелей в Михайловске с выездом на дом. Индукционные, электрические и газовые панели. Гарантия на ремонт. Звоните!"
Михайловск,Ремонт духовых шкафов,remont-duhovyh-shkafov,+7 (969) 999-24-97,https://master-na-dom.online/remont-duhovyh-shkafov-mikhaylovsk,remont-duhovyh-shkafov-mikhaylovsk,Ремонт духовых шкафов в Михайловске | ПроМастер,Ремонт духовых шкафов в Михайловске с выездом на дом. Электрические и газовые духовки. Диагностика бесплатно. Звоните!
Михайловск,Ремонт водонагревателей,remont-vodonagrevatelej,+7 (969) 999-24-97,https://master-na-dom.online/remont-vodonagrevatelej-mikhaylovsk,remont-vodonagrevatelej-mikhaylovsk,Ремонт водонагревателей в Михайловске | ПроМастер,Ремонт водонагревателей в Михайловске с выездом на дом. Ремонт бойлеров и проточных водонагревателей. Гарантия на работы. Звоните!
Михайловск,Ремонт кофемашин,remont-kofemashin,+7 (969) 999-24-97,https://master-na-dom.online/remont-kofemashin-mikhaylovsk,remont-kofemashin-mikhaylovsk,Ремонт кофемашин в Михайловске | ПроМастер,"Ремонт кофемашин в Михайловске с выездом на дом. DeLonghi, Saeco, Bosch, Jura и другие марки. Диагностика бесплатно. Звоните!"
Михайловск,Дезинфекция,dezinfekciya,+7 (984) 333-32-49,https://master-na-dom.online/dezinfekciya-mikhaylovsk,dezinfekciya-mikhaylovsk,Дезинфекция в Михайловске — вызов мастера на дом | ПроМастер,"Дезинфекция в Михайловске с выездом на дом. Уничтожение насекомых, грызунов и плесени. Безопасные препараты, гарантия результата. Звоните!"
Михайловск,Электрик,elektrik,+7 (984) 333-32-49,https://master-na-dom.online/elektrik-mikhaylovsk,elektrik-mikhaylovsk,Электрик в Михайловске | ПроМастер,"Электрик в Михайловске с выездом на дом. Замена проводки, установка розеток, поиск неисправностей. Гарантия на работы. Звоните!"
Михайловск,Сантехник,santehnik,+7 (984) 333-32-49,https://master-na-dom.online/santehnik-mikhaylovsk,santehnik-mikhaylovsk,Сантехник в Михайловске | ПроМастер,"Сантехник в Михайловске с выездом на дом. Устранение протечек, замена смесителей, прочистка канализации. Гарантия на работы. Звоните!"
Михайловск,Мастер на час,master-na-chas,+7 (984) 333-32-49,https://master-na-dom.online/master-na-chas-mikhaylovsk,master-na-chas-mikhaylovsk,Мастер на час в Михайловске | ПроМастер,"Мастер на час в Михайловске с выездом на дом. Мелкий ремонт, сборка мебели, навешивание полок. Выезд за 30 минут. Звоните!"
Михайловск,Ремонт окон,remont-okon,+7 (984) 333-32-49,https://master-na-dom.online/remont-okon-mikhaylovsk,remont-okon-mikhaylovsk,Ремонт окон в Михайловске | ПроМастер,"Ремонт окон в Михайловске с выездом на дом. Регулировка фурнитуры, замена уплотнителя, устранение продувания. Звоните!"
Михайловск,Клининг,klining,+7 (984) 333-32-49,https://master-na-dom.online/klining-mikhaylovsk,klining-mikhaylovsk,Клининг в Михайловске — вызов мастера на дом | ПроМастер,"Клининг в Михайловске с выездом на дом. Генеральная уборка, уборка после ремонта, мытьё окон. Профессиональная химия и оборудование. Звоните!"
Михайловск,Сборка мебели,sborka-mebeli,+7 (984) 333-32-49,https://master-na-dom.online/sborka-mebeli-mikhaylovsk,sborka-mebeli-mikhaylovsk,Сборка мебели в Михайловске — вызов мастера на дом | ПроМастер,"Сборка мебели в Михайловске с выездом на дом. Сборка шкафов, кухонь, кроватей и стеллажей. Аккуратно и со своим инструментом. Звоните!"
Набережные Челны,Ремонт стиральных машин,remont-stiralnyh-mashin,+7 (969) 999-24-97,https://master-na-dom.online/remont-stiralnyh-mashin-naberezhnye-chelny,remont-stiralnyh-mashin-naberezhnye-chelny,Ремонт стиральных машин в Набережных Челнах | ПроМастер,"Ремонт стиральных машин в Набережных Челнах с выездом на дом. Samsung, LG, Bosch, Indesit и другие марки. Диагностика бесплатно. Гарантия на ремонт. Звоните!"
Набережные Челны,Ремонт холодильников,remont-holodilnikov,+7 (969) 999-24-97,https://master-na-dom.online/remont-holodilnikov-naberezhnye-chelny,remont-holodilnikov-naberezhnye-chelny,Ремонт холодильников в Набережных Челнах | ПроМастер,"Ремонт холодильников в Набережных Челнах с выездом на дом. Samsung, LG, Bosch, Atlant и другие марки. Диагностика бесплатно. Гарантия на ремонт. Звоните!"
Набережные Челны,Ремонт посудомоечных машин,remont-pmm,+7 (969) 999-24-97,https://master-na-dom.online/remont-pmm-naberezhnye-chelny,remont-pmm-naberezhnye-chelny,Ремонт посудомоечных машин в Набережных Челнах | ПроМастер,"Ремонт посудомоечных машин в Набережных Челнах с выездом на дом. Bosch, Siemens, Electrolux и другие марки. Диагностика бесплатно. Звоните!"
Набережные Челны,Ремонт кондиционеров,remont-kondicionerov,+7 (969) 999-24-97,https://master-na-dom.online/remont-kondicionerov-naberezhnye-chelny,remont-kondicionerov-naberezhnye-chelny,Ремонт кондиционеров в Набережных Челнах | ПроМастер,"Ремонт кондиционеров в Набережных Челнах с выездом на дом. Обслуживание, заправка фреоном, ремонт сплит-систем. Гарантия на работы. Звоните!"
Набережные Челны,Компьютерная помощь,kp,+7 (986) 089-07-04,https://master-na-dom.online/kp-naberezhnye-chelny,kp-naberezhnye-chelny,Компьютерная помощь в Набережных Челнах | ПроМастер,"Компьютерная помощь в Набережных Челнах с выездом на дом. Настройка ПК, удаление вирусов, восстановление данных. Выезд мастера на дом. Звоните!"
Набережные Челны,Ремонт телевизоров,remont-televizorov,+7 (986) 089-07-04,https://master-na-dom.online/remont-televizorov-naberezhnye-chelny,remont-televizorov-naberezhnye-chelny,Ремонт телевизоров в Набережных Челнах | ПроМастер,"Ремонт телевизоров в Набережных Челнах с выездом на дом. Ремонт LED, OLED, Smart TV. Диагностика бесплатно. Гарантия на ремонт. Звоните!"
Набережные Челны,Ремонт варочных панелей,remont-varochnyh-panelej,+7 (969) 999-24-97,https://master-na-dom.online/remont-varochnyh-panelej-naberezhnye-chelny,remont-varochnyh-panelej-naberezhnye-chelny,Ремонт варочных панелей в Набережных Челнах | ПроМастер,"Ремонт варочных панелей в Набережных Челнах с выездом на дом. Индукционные, электрические и газовые панели. Гарантия на ремонт. Звоните!"
Набережные Челны,Ремонт духовых шкафов,remont-duhovyh-shkafov,+7 (969) 999-24-97,https://master-na-dom.online/remont-duhovyh-shkafov-naberezhnye-chelny,remont-duhovyh-shkafov-naberezhnye-chelny,Ремонт духовых шкафов в Набережных Челнах | ПроМастер,Ремонт духовых шкафов в Набережных Челнах с выездом на дом. Электрические и газовые духовки. Диагностика бесплатно. Звоните!
Набережные Челны,Ремонт водонагревателей,remont-vodonagrevatelej,+7 (969) 999-24-97,https://master-na-dom.online/remont-vodonagrevatelej-naberezhnye-chelny,remont-vodonagrevatelej-naberezhnye-chelny,Ремонт водонагревателей в Набережных Челнах | ПроМастер,Ремонт водонагревателей в Набережных Челнах с выездом на дом. Ремонт бойлеров и проточных водонагревателей. Гарантия на работы. Звоните!
Набережные Челны,Ремонт кофемашин,remont-kofemashin,+7 (969) 999-24-97,https://master-na-dom.online/remont-kofemashin-naberezhnye-chelny,remont-kofemashin-naberezhnye-chelny,Ремонт кофемашин в Набережных Челнах | ПроМастер,"Ремонт кофемашин в Набережных Челнах с выездом на дом. DeLonghi, Saeco, Bosch, Jura и другие марки. Диагностика бесплатно. Звоните!"
Набережные Челны,Дезинфекция,dezinfekciya,+7 (984) 333-32-49,https://master-na-dom.online/dezinfekciya-naberezhnye-chelny,dezinfekciya-naberezhnye-chelny,Дезинфекция в Набережных Челнах — вызов мастера на дом | ПроМастер,"Дезинфекция в Набережных Челнах с выездом на дом. Уничтожение насекомых, грызунов и плесени. Безопасные препараты, гарантия результата. Звоните!"
Набережные Челны,Электрик,elektrik,+7 (984) 333-32-49,https://master-na-dom.online/elektrik-naberezhnye-chelny,elektrik-naberezhnye-chelny,Электрик в Набережных Челнах | ПроМастер,"Электрик в Набережных Челнах с выездом на дом. Замена проводки, установка розеток, поиск неисправностей. Гарантия на работы. Звоните!"
Набережные Челны,Сантехник,santehnik,+7 (984) 333-32-49,https://master-na-dom.online/santehnik-naberezhnye-chelny,santehnik-naberezhnye-chelny,Сантехник в Набережных Челнах | ПроМастер,"Сантехник в Набережных Челнах с выездом на дом. Устранение протечек, замена смесителей, прочистка канализации. Гарантия на работы. Звоните!"
Набережные Челны,Мастер на час,master-na-chas,+7 (984) 333-32-49,https://master-na-dom.online/master-na-chas-naberezhnye-chelny,master-na-chas-naberezhnye-chelny,Мастер на час в Набережных Челнах | ПроМастер,"Мастер на час в Набережных Челнах с выездом на дом. Мелкий ремонт, сборка мебели, навешивание полок. Выезд за 30 минут. Звоните!"
Набережные Челны,Ремонт окон,remont-okon,+7 (984) 333-32-49,https://master-na-dom.online/remont-okon-naberezhnye-chelny,remont-okon-naberezhnye-chelny,Ремонт окон в Набережных Челнах | ПроМастер,"Ремонт окон в Набережных Челнах с выездом на дом. Регулировка фурнитуры, замена уплотнителя, устранение продувания. Звоните!"
Набережные Челны,Клининг,klining,+7 (984) 333-32-49,https://master-na-dom.online/klining-naberezhnye-chelny,klining-naberezhnye-chelny,Клининг в Набережных Челнах — вызов мастера на дом | ПроМастер,"Клининг в Набережных Челнах с выездом на дом. Генеральная уборка, уборка после ремонта, мытьё окон. Профессиональная химия и оборудование. Звоните!"
Набережные Челны,Сборка мебели,sborka-mebeli,+7 (984) 333-32-49,https://master-na-dom.online/sborka-mebeli-naberezhnye-chelny,sborka-mebeli-naberezhnye-chelny,Сборка мебели в Набережных Челнах — вызов мастера на дом | ПроМастер,"Сборка мебели в Набережных Челнах с выездом на дом. Сборка шкафов, кухонь, кроватей и стеллажей. Аккуратно и со своим инструментом. Звоните!"
Нижнекамск,Ремонт стиральных машин,remont-stiralnyh-mashin,+7 (969) 999-24-97,https://master-na-dom.online/remont-stiralnyh-mashin-nizhnekamsk,remont-stiralnyh-mashin-nizhnekamsk,Ремонт стиральных машин в Нижнекамске | ПроМастер,"Ремонт стиральных машин в Нижнекамске с выездом на дом. Samsung, LG, Bosch, Indesit и другие марки. Диагностика бесплатно. Гарантия на ремонт. Звоните!"
Нижнекамск,Ремонт холодильников,remont-holodilnikov,+7 (969) 999-24-97,https://master-na-dom.online/remont-holodilnikov-nizhnekamsk,remont-holodilnikov-nizhnekamsk,Ремонт холодильников в Нижнекамске | ПроМастер,"Ремонт холодильников в Нижнекамске с выездом на дом. Samsung, LG, Bosch, Atlant и другие марки. Диагностика бесплатно. Гарантия на ремонт. Звоните!"
Нижнекамск,Ремонт посудомоечных машин,remont-pmm,+7 (969) 999-24-97,https://master-na-dom.online/remont-pmm-nizhnekamsk,remont-pmm-nizhnekamsk,Ремонт посудомоечных машин в Нижнекамске | ПроМастер,"Ремонт посудомоечных машин в Нижнекамске с выездом на дом. Bosch, Siemens, Electrolux и другие марки. Диагностика бесплатно. Звоните!"
Нижнекамск,Ремонт кондиционеров,remont-kondicionerov,+7 (969) 999-24-97,https://master-na-dom.online/remont-kondicionerov-nizhnekamsk,remont-kondicionerov-nizhnekamsk,Ремонт кондиционеров в Нижнекамске | ПроМастер,"Ремонт кондиционеров в Нижнекамске с выездом на дом. Обслуживание, заправка фреоном, ремонт сплит-систем. Гарантия на работы. Звоните!"
Нижнекамск,Компьютерная помощь,kp,+7 (986) 089-07-04,https://master-na-dom.online/kp-nizhnekamsk,kp-nizhnekamsk,Компьютерная помощь в Нижнекамске | ПроМастер,"Компьютерная помощь в Нижнекамске с выездом на дом. Настройка ПК, удаление вирусов, восстановление данных. Выезд мастера на дом. Звоните!"
Нижнекамск,Ремонт телевизоров,remont-televizorov,+7 (986) 089-07-04,https://master-na-dom.online/remont-televizorov-nizhnekamsk,remont-televizorov-nizhnekamsk,Ремонт телевизоров в Нижнекамске | ПроМастер,"Ремонт телевизоров в Нижнекамске с выездом на дом. Ремонт LED, OLED, Smart TV. Диагностика бесплатно. Гарантия на ремонт. Звоните!"
Нижнекамск,Ремонт варочных панелей,remont-varochnyh-panelej,+7 (969) 999-24-97,https://master-na-dom.online/remont-varochnyh-panelej-nizhnekamsk,remont-varochnyh-panelej-nizhnekamsk,Ремонт варочных панелей в Нижнекамске | ПроМастер,"Ремонт варочных панелей в Нижнекамске с выездом на дом. Индукционные, электрические и газовые панели. Гарантия на ремонт. Звоните!"
Нижнекамск,Ремонт духовых шкафов,remont-duhovyh-shkafov,+7 (969) 999-24-97,https://master-na-dom.online/remont-duhovyh-shkafov-nizhnekamsk,remont-duhovyh-shkafov-nizhnekamsk,Ремонт духовых шкафов в Нижнекамске | ПроМастер,Ремонт духовых шкафов в Нижнекамске с выездом на дом. Электрические и газовые духовки. Диагностика бесплатно. Звоните!
Нижнекамск,Ремонт водонагревателей,remont-vodonagrevatelej,+7 (969) 999-24-97,https://master-na-dom.online/remont-vodonagrevatelej-nizhnekamsk,remont-vodonagrevatelej-nizhnekamsk,Ремонт водонагревателей в Нижнекамске | ПроМастер,Ремонт водонагревателей в Нижнекамске с выездом на дом. Ремонт бойлеров и проточных водонагревателей. Гарантия на работы. Звоните!
Нижнекамск,Ремонт кофемашин,remont-kofemashin,+7 (969) 999-24-97,https://master-na-dom.online/remont-kofemashin-nizhnekamsk,remont-kofemashin-nizhnekamsk,Ремонт кофемашин в Нижнекамске | ПроМастер,"Ремонт кофемашин в Нижнекамске с выездом на дом. DeLonghi, Saeco, Bosch, Jura и другие марки. Диагностика бесплатно. Звоните!"
Нижнекамск,Дезинфекция,dezinfekciya,+7 (984) 333-32-49,https://master-na-dom.online/dezinfekciya-nizhnekamsk,dezinfekciya-nizhnekamsk,Дезинфекция в Нижнекамске — вызов мастера на дом | ПроМастер,"Дезинфекция в Нижнекамске с выездом на дом. Уничтожение насекомых, грызунов и плесени. Безопасные препараты, гарантия результата. Звоните!"
Нижнекамск,Электрик,elektrik,+7 (984) 333-32-49,https://master-na-dom.online/elektrik-nizhnekamsk,elektrik-nizhnekamsk,Электрик в Нижнекамске | ПроМастер,"Электрик в Нижнекамске с выездом на дом. Замена проводки, установка розеток, поиск неисправностей. Гарантия на работы. Звоните!"
Нижнекамск,Сантехник,santehnik,+7 (984) 333-32-49,https://master-na-dom.online/santehnik-nizhnekamsk,santehnik-nizhnekamsk,Сантехник в Нижнекамске | ПроМастер,"Сантехник в Нижнекамске с выездом на дом. Устранение протечек, замена смесителей, прочистка канализации. Гарантия на работы. Звоните!"
Нижнекамск,Мастер на час,master-na-chas,+7 (984) 333-32-49,https://master-na-dom.online/master-na-chas-nizhnekamsk,master-na-chas-nizhnekamsk,Мастер на час в Нижнекамске | ПроМастер,"Мастер на час в Нижнекамске с выездом на дом. Мелкий ремонт, сборка мебели, навешивание полок. Выезд за 30 минут. Звоните!"
Нижнекамск,Ремонт окон,remont-okon,+7 (984) 333-32-49,https://master-na-dom.online/remont-okon-nizhnekamsk,remont-okon-nizhnekamsk,Ремонт окон в Нижнекамске | ПроМастер,"Ремонт окон в Нижнекамске с выездом на дом. Регулировка фурнитуры, замена уплотнителя, устранение продувания. Звоните!"
Нижнекамск,Клининг,klining,+7 (984) 333-32-49,https://master-na-dom.online/klining-nizhnekamsk,klining-nizhnekamsk,Клининг в Нижнекамске — вызов мастера на дом | ПроМастер,"Клининг в Нижнекамске с выездом на дом. Генеральная уборка, уборка после ремонта, мытьё окон. Профессиональная химия и оборудование. Звоните!"
Нижнекамск,Сборка мебели,sborka-mebeli,+7 (984) 333-32-49,https://master-na-dom.online/sborka-mebeli-nizhnekamsk,sborka-mebeli-nizhnekamsk,Сборка мебели в Нижнекамске — вызов мастера на дом | ПроМастер,"Сборка мебели в Нижнекамске с выездом на дом. Сборка шкафов, кухонь, кроватей и стеллажей. Аккуратно и со своим инструментом. Звоните!"
Нижний Новгород,Ремонт стиральных машин,remont-stiralnyh-mashin,+7 (969) 999-24-97,https://master-na-dom.online/remont-stiralnyh-mashin-nizhniy-novgorod,remont-stiralnyh-mashin-nizhniy-novgorod,Ремонт стиральных машин в Нижнем Новгороде | ПроМастер,"Ремонт стиральных машин в Нижнем Новгороде с выездом на дом. Samsung, LG, Bosch, Indesit и другие марки. Диагностика бесплатно. Гарантия на ремонт. Звоните!"
Нижний Новгород,Ремонт холодильников,remont-holodilnikov,+7 (969) 999-24-97,https://master-na-dom.online/remont-holodilnikov-nizhniy-novgorod,remont-holodilnikov-nizhniy-novgorod,Ремонт холодильников в Нижнем Новгороде | ПроМастер,"Ремонт холодильников в Нижнем Новгороде с выездом на дом. Samsung, LG, Bosch, Atlant и другие марки. Диагностика бесплатно. Гарантия на ремонт. Звоните!"
Нижний Новгород,Ремонт посудомоечных машин,remont-pmm,+7 (969) 999-24-97,https://master-na-dom.online/remont-pmm-nizhniy-novgorod,remont-pmm-nizhniy-novgorod,Ремонт посудомоечных машин в Нижнем Новгороде | ПроМастер,"Ремонт посудомоечных машин в Нижнем Новгороде с выездом на дом. Bosch, Siemens, Electrolux и другие марки. Диагностика бесплатно. Звоните!"
Нижний Новгород,Ремонт кондиционеров,remont-kondicionerov,+7 (969) 999-24-97,https://master-na-dom.online/remont-kondicionerov-nizhniy-novgorod,remont-kondicionerov-nizhniy-novgorod,Ремонт кондиционеров в Нижнем Новгороде | ПроМастер,"Ремонт кондиционеров в Нижнем Новгороде с выездом на дом. Обслуживание, заправка фреоном, ремонт сплит-систем. Гарантия на работы. Звоните!"
Нижний Новгород,Компьютерная помощь,kp,+7 (986) 089-07-04,https://master-na-dom.online/kp-nizhniy-novgorod,kp-nizhniy-novgorod,Компьютерная помощь в Нижнем Новгороде | ПроМастер,"Компьютерная помощь в Нижнем Новгороде с выездом на дом. Настройка ПК, удаление вирусов, восстановление данных. Выезд мастера на дом. Звоните!"
Нижний Новгород,Ремонт телевизоров,remont-televizorov,+7 (986) 089-07-04,https://master-na-dom.online/remont-televizorov-nizhniy-novgorod,remont-televizorov-nizhniy-novgorod,Ремонт телевизоров в Нижнем Новгороде | ПроМастер,"Ремонт телевизоров в Нижнем Новгороде с выездом на дом. Ремонт LED, OLED, Smart TV. Диагностика бесплатно. Гарантия на ремонт. Звоните!"
Нижний Новгород,Ремонт варочных панелей,remont-varochnyh-panelej,+7 (969) 999-24-97,https://master-na-dom.online/remont-varochnyh-panelej-nizhniy-novgorod,remont-varochnyh-panelej-nizhniy-novgorod,Ремонт варочных панелей в Нижнем Новгороде | ПроМастер,"Ремонт варочных панелей в Нижнем Новгороде с выездом на дом. Индукционные, электрические и газовые панели. Гарантия на ремонт. Звоните!"
Нижний Новгород,Ремонт духовых шкафов,remont-duhovyh-shkafov,+7 (969) 999-24-97,https://master-na-dom.online/remont-duhovyh-shkafov-nizhniy-novgorod,remont-duhovyh-shkafov-nizhniy-novgorod,Ремонт духовых шкафов в Нижнем Новгороде | ПроМастер,Ремонт духовых шкафов в Нижнем Новгороде с выездом на дом. Электрические и газовые духовки. Диагностика бесплатно. Звоните!
Нижний Новгород,Ремонт водонагревателей,remont-vodonagrevatelej,+7 (969) 999-24-97,https://master-na-dom.online/remont-vodonagrevatelej-nizhniy-novgorod,remont-vodonagrevatelej-nizhniy-novgorod,Ремонт водонагревателей в Нижнем Новгороде | ПроМастер,Ремонт водонагревателей в Нижнем Новгороде с выездом на дом. Ремонт бойлеров и проточных водонагревателей. Гарантия на работы. Звоните!
Нижний Новгород,Ремонт кофемашин,remont-kofemashin,+7 (969) 999-24-97,https://master-na-dom.online/remont-kofemashin-nizhniy-novgorod,remont-kofemashin-nizhniy-novgorod,Ремонт кофемашин в Нижнем Новгороде | ПроМастер,"Ремонт кофемашин в Нижнем Новгороде с выездом на дом. DeLonghi, Saeco, Bosch, Jura и другие марки. Диагностика бесплатно. Звоните!"
Нижний Новгород,Дезинфекция,dezinfekciya,+7 (984) 333-32-49,https://master-na-dom.online/dezinfekciya-nizhniy-novgorod,dezinfekciya-nizhniy-novgorod,Дезинфекция в Нижнем Новгороде — вызов мастера на дом | ПроМастер,"Дезинфекция в Нижнем Новгороде с выездом на дом. Уничтожение насекомых, грызунов и плесени. Безопасные препараты, гарантия результата. Звоните!"
Нижний Новгород,Электрик,elektrik,+7 (984) 333-32-49,https://master-na-dom.online/elektrik-nizhniy-novgorod,elektrik-nizhniy-novgorod,Электрик в Нижнем Новгороде | ПроМастер,"Электрик в Нижнем Новгороде с выездом на дом. Замена проводки, установка розеток, поиск неисправностей. Гарантия на работы. Звоните!"
Нижний Новгород,Сантехник,santehnik,+7 (984) 333-32-49,https://master-na-dom.online/santehnik-nizhniy-novgorod,santehnik-nizhniy-novgorod,Сантехник в Нижнем Новгороде | ПроМастер,"Сантехник в Нижнем Новгороде с выездом на дом. Устранение протечек, замена смесителей, прочистка канализации. Гарантия на работы. Звоните!"
Нижний Новгород,Мастер на час,master-na-chas,+7 (984) 333-32-49,https://master-na-dom.online/master-na-chas-nizhniy-novgorod,master-na-chas-nizhniy-novgorod,Мастер на час в Нижнем Новгороде | ПроМастер,"Мастер на час в Нижнем Новгороде с выездом на дом. Мелкий ремонт, сборка мебели, навешивание полок. Выезд за 30 минут. Звоните!"
Нижний Новгород,Ремонт окон,remont-okon,+7 (984) 333-32-49,https://master-na-dom.online/remont-okon-nizhniy-novgorod,remont-okon-nizhniy-novgorod,Ремонт окон в Нижнем Новгороде | ПроМастер,"Ремонт окон в Нижнем Новгороде с выездом на дом. Регулировка фурнитуры, замена уплотнителя, устранение продувания. Звоните!"
Нижний Новгород,Клининг,klining,+7 (984) 333-32-49,https://master-na-dom.online/klining-nizhniy-novgorod,klining-nizhniy-novgorod,Клининг в Нижнем Новгороде — вызов мастера на дом | ПроМастер,"Клининг в Нижнем Новгороде с выездом на дом. Генеральная уборка, уборка после ремонта, мытьё окон. Профессиональная химия и оборудование. Звоните!"
Нижний Новгород,Сборка мебели,sborka-mebeli,+7 (984) 333-32-49,https://master-na-dom.online/sborka-mebeli-nizhniy-novgorod,sborka-mebeli-nizhniy-novgorod,Сборка мебели в Нижнем Новгороде — вызов мастера на дом | ПроМастер,"Сборка мебели в Нижнем Новгороде с выездом на дом. Сборка шкафов, кухонь, кроватей и стеллажей. Аккуратно и со своим инструментом. Звоните!"
Новоульяновск,Ремонт стиральных машин,remont-stiralnyh-mashin,+7 (969) 999-24-97,https://master-na-dom.online/remont-stiralnyh-mashin-novoulyanovsk,remont-stiralnyh-mashin-novoulyanovsk,Ремонт стиральных машин в Новоульяновске | ПроМастер,"Ремонт стиральных машин в Новоульяновске с выездом на дом. Samsung, LG, Bosch, Indesit и другие марки. Диагностика бесплатно. Гарантия на ремонт. Звоните!"
Новоульяновск,Ремонт холодильников,remont-holodilnikov,+7 (969) 999-24-97,https://master-na-dom.online/remont-holodilnikov-novoulyanovsk,remont-holodilnikov-novoulyanovsk,Ремонт холодильников в Новоульяновске | ПроМастер,"Ремонт холодильников в Новоульяновске с выездом на дом. Samsung, LG, Bosch, Atlant и другие марки. Диагностика бесплатно. Гарантия на ремонт. Звоните!"
Новоульяновск,Ремонт посудомоечных машин,remont-pmm,+7 (969) 999-24-97,https://master-na-dom.online/remont-pmm-novoulyanovsk,remont-pmm-novoulyanovsk,Ремонт посудомоечных машин в Новоульяновске | ПроМастер,"Ремонт посудомоечных машин в Новоульяновске с выездом на дом. Bosch, Siemens, Electrolux и другие марки. Диагностика бесплатно. Звоните!"
Новоульяновск,Ремонт кондиционеров,remont-kondicionerov,+7 (969) 999-24-97,https://master-na-dom.online/remont-kondicionerov-novoulyanovsk,remont-kondicionerov-novoulyanovsk,Ремонт кондиционеров в Новоульяновске | ПроМастер,"Ремонт кондиционеров в Новоульяновске с выездом на дом. Обслуживание, заправка фреоном, ремонт сплит-систем. Гарантия на работы. Звоните!"
Новоульяновск,Компьютерная помощь,kp,+7 (986) 089-07-04,https://master-na-dom.online/kp-novoulyanovsk,kp-novoulyanovsk,Компьютерная помощь в Новоульяновске | ПроМастер,"Компьютерная помощь в Новоульяновске с выездом на дом. Настройка ПК, удаление вирусов, восстановление данных. Выезд мастера на дом. Звоните!"
Новоульяновск,Ремонт телевизоров,remont-televizorov,+7 (986) 089-07-04,https://master-na-dom.online/remont-televizorov-novoulyanovsk,remont-televizorov-novoulyanovsk,Ремонт телевизоров в Новоульяновске | ПроМастер,"Ремонт телевизоров в Новоульяновске с выездом на дом. Ремонт LED, OLED, Smart TV. Диагностика бесплатно. Гарантия на ремонт. Звоните!"
Новоульяновск,Ремонт варочных панелей,remont-varochnyh-panelej,+7 (969) 999-24-97,https://master-na-dom.online/remont-varochnyh-panelej-novoulyanovsk,remont-varochnyh-panelej-novoulyanovsk,Ремонт варочных панелей в Новоульяновске | ПроМастер,"Ремонт варочных панелей в Новоульяновске с выездом на дом. Индукционные, электрические и газовые панели. Гарантия на ремонт. Звоните!"
Новоульяновск,Ремонт духовых шкафов,remont-duhovyh-shkafov,+7 (969) 999-24-97,https://master-na-dom.online/remont-duhovyh-shkafov-novoulyanovsk,remont-duhovyh-shkafov-novoulyanovsk,Ремонт духовых шкафов в Новоульяновске | ПроМастер,Ремонт духовых шкафов в Новоульяновске с выездом на дом. Электрические и газовые духовки. Диагностика бесплатно. Звоните!
Новоульяновск,Ремонт водонагревателей,remont-vodonagrevatelej,+7 (969) 999-24-97,https://master-na-dom.online/remont-vodonagrevatelej-novoulyanovsk,remont-vodonagrevatelej-novoulyanovsk,Ремонт водонагревателей в Новоульяновске | ПроМастер,Ремонт водонагревателей в Новоульяновске с выездом на дом. Ремонт бойлеров и проточных водонагревателей. Гарантия на работы. Звоните!
Новоульяновск,Ремонт кофемашин,remont-kofemashin,+7 (969) 999-24-97,https://master-na-dom.online/remont-kofemashin-novoulyanovsk,remont-kofemashin-novoulyanovsk,Ремонт кофемашин в Новоульяновске | ПроМастер,"Ремонт кофемашин в Новоульяновске с выездом на дом. DeLonghi, Saeco, Bosch, Jura и другие марки. Диагностика бесплатно. Звоните!"
Новоульяновск,Дезинфекция,dezinfekciya,+7 (984) 333-32-49,https://master-na-dom.online/dezinfekciya-novoulyanovsk,dezinfekciya-novoulyanovsk,Дезинфекция в Новоульяновске — вызов мастера на дом | ПроМастер,"Дезинфекция в Новоульяновске с выездом на дом. Уничтожение насекомых, грызунов и плесени. Безопасные препараты, гарантия результата. Звоните!"
Новоульяновск,Электрик,elektrik,+7 (984) 333-32-49,https://master-na-dom.online/elektrik-novoulyanovsk,elektrik-novoulyanovsk,Электрик в Новоульяновске | ПроМастер,"Электрик в Новоульяновске с выездом на дом. Замена проводки, установка розеток, поиск неисправностей. Гарантия на работы. Звоните!"
Новоульяновск,Сантехник,santehnik,+7 (984) 333-32-49,https://master-na-dom.online/santehnik-novoulyanovsk,santehnik-novoulyanovsk,Сантехник в Новоульяновске | ПроМастер,"Сантехник в Новоульяновске с выездом на дом. Устранение протечек, замена смесителей, прочистка канализации. Гарантия на работы. Звоните!"
Новоульяновск,Мастер на час,master-na-chas,+7 (984) 333-32-49,https://master-na-dom.online/master-na-chas-novoulyanovsk,master-na-chas-novoulyanovsk,Мастер на час в Новоульяновске | ПроМастер,"Мастер на час в Новоульяновске с выездом на дом. Мелкий ремонт, сборка мебели, навешивание полок. Выезд за 30 минут. Звоните!"
Новоульяновск,Ремонт окон,remont-okon,+7 (984) 333-32-49,https://master-na-dom.online/remont-okon-novoulyanovsk,remont-okon-novoulyanovsk,Ремонт окон в Новоульяновске | ПроМастер,"Ремонт окон в Новоульяновске с выездом на дом. Регулировка фурнитуры, замена уплотнителя, устранение продувания. Звоните!"
Новоульяновск,Клининг,klining,+7 (984) 333-32-49,https://master-na-dom.online/klining-novoulyanovsk,klining-novoulyanovsk,Клининг в Новоульяновске — вызов мастера на дом | ПроМастер,"Клининг в Новоульяновске с выездом на дом. Генеральная уборка, уборка после ремонта, мытьё окон. Профессиональная химия и оборудование. Звоните!"
Новоульяновск,Сборка мебели,sborka-mebeli,+7 (984) 333-32-49,https://master-na-dom.online/sborka-mebeli-novoulyanovsk,sborka-mebeli-novoulyanovsk,Сборка мебели в Новоульяновске — вызов мастера на дом | ПроМастер,"Сборка мебели в Новоульяновске с выездом на дом. Сборка шкафов, кухонь, кроватей и стеллажей. Аккуратно и со своим инструментом. Звоните!"
Новочебоксарск,Ремонт стиральных машин,remont-stiralnyh-mashin,+7 (969) 999-24-97,https://master-na-dom.online/remont-stiralnyh-mashin-novocheboksarsk,remont-stiralnyh-mashin-novocheboksarsk,Ремонт стиральных машин в Новочебоксарске | ПроМастер,"Ремонт стиральных машин в Новочебоксарске с выездом на дом. Samsung, LG, Bosch, Indesit и другие марки. Диагностика бесплатно. Гарантия на ремонт. Звоните!"
Новочебоксарск,Ремонт холодильников,remont-holodilnikov,+7 (969) 999-24-97,https://master-na-dom.online/remont-holodilnikov-novocheboksarsk,remont-holodilnikov-novocheboksarsk,Ремонт холодильников в Новочебоксарске | ПроМастер,"Ремонт холодильников в Новочебоксарске с выездом на дом. Samsung, LG, Bosch, Atlant и другие марки. Диагностика бесплатно. Гарантия на ремонт. Звоните!"
Новочебоксарск,Ремонт посудомоечных машин,remont-pmm,+7 (969) 999-24-97,https://master-na-dom.online/remont-pmm-novocheboksarsk,remont-pmm-novocheboksarsk,Ремонт посудомоечных машин в Новочебоксарске | ПроМастер,"Ремонт посудомоечных машин в Новочебоксарске с выездом на дом. Bosch, Siemens, Electrolux и другие марки. Диагностика бесплатно. Звоните!"
Новочебоксарск,Ремонт кондиционеров,remont-kondicionerov,+7 (969) 999-24-97,https://master-na-dom.online/remont-kondicionerov-novocheboksarsk,remont-kondicionerov-novocheboksarsk,Ремонт кондиционеров в Новочебоксарске | ПроМастер,"Ремонт кондиционеров в Новочебоксарске с выездом на дом. Обслуживание, заправка фреоном, ремонт сплит-систем. Гарантия на работы. Звоните!"
Новочебоксарск,Компьютерная помощь,kp,+7 (986) 089-07-04,https://master-na-dom.online/kp-novocheboksarsk,kp-novocheboksarsk,Компьютерная помощь в Новочебоксарске | ПроМастер,"Компьютерная помощь в Новочебоксарске с выездом на дом. Настройка ПК, удаление вирусов, восстановление данных. Выезд мастера на дом. Звоните!"
Новочебоксарск,Ремонт телевизоров,remont-televizorov,+7 (986) 089-07-04,https://master-na-dom.online/remont-televizorov-novocheboksarsk,remont-televizorov-novocheboksarsk,Ремонт телевизоров в Новочебоксарске | ПроМастер,"Ремонт телевизоров в Новочебоксарске с выездом на дом. Ремонт LED, OLED, Smart TV. Диагностика бесплатно. Гарантия на ремонт. Звоните!"
Новочебоксарск,Ремонт варочных панелей,remont-varochnyh-panelej,+7 (969) 999-24-97,https://master-na-dom.online/remont-varochnyh-panelej-novocheboksarsk,remont-varochnyh-panelej-novocheboksarsk,Ремонт варочных панелей в Новочебоксарске | ПроМастер,"Ремонт варочных панелей в Новочебоксарске с выездом на дом. Индукционные, электрические и газовые панели. Гарантия на ремонт. Звоните!"
Новочебоксарск,Ремонт духовых шкафов,remont-duhovyh-shkafov,+7 (969) 999-24-97,https://master-na-dom.online/remont-duhovyh-shkafov-novocheboksarsk,remont-duhovyh-shkafov-novocheboksarsk,Ремонт духовых шкафов в Новочебоксарске | ПроМастер,Ремонт духовых шкафов в Новочебоксарске с выездом на дом. Электрические и газовые духовки. Диагностика бесплатно. Звоните!
Новочебоксарск,Ремонт водонагревателей,remont-vodonagrevatelej,+7 (969) 999-24-97,https://master-na-dom.online/remont-vodonagrevatelej-novocheboksarsk,remont-vodonagrevatelej-novocheboksarsk,Ремонт водонагревателей в Новочебоксарске | ПроМастер,Ремонт водонагревателей в Новочебоксарске с выездом на дом. Ремонт бойлеров и проточных водонагревателей. Гарантия на работы. Звоните!
Новочебоксарск,Ремонт кофемашин,remont-kofemashin,+7 (969) 999-24-97,https://master-na-dom.online/remont-kofemashin-novocheboksarsk,remont-kofemashin-novocheboksarsk,Ремонт кофемашин в Новочебоксарске | ПроМастер,"Ремонт кофемашин в Новочебоксарске с выездом на дом. DeLonghi, Saeco, Bosch, Jura и другие марки. Диагностика бесплатно. Звоните!"
Новочебоксарск,Дезинфекция,dezinfekciya,+7 (984) 333-32-49,https://master-na-dom.online/dezinfekciya-novocheboksarsk,dezinfekciya-novocheboksarsk,Дезинфекция в Новочебоксарске — вызов мастера на дом | ПроМастер,"Дезинфекция в Новочебоксарске с выездом на дом. Уничтожение насекомых, грызунов и плесени. Безопасные препараты, гарантия результата. Звоните!"
Новочебоксарск,Электрик,elektrik,+7 (984) 333-32-49,https://master-na-dom.online/elektrik-novocheboksarsk,elektrik-novocheboksarsk,Электрик в Новочебоксарске | ПроМастер,"Электрик в Новочебоксарске с выездом на дом. Замена проводки, установка розеток, поиск неисправностей. Гарантия на работы. Звоните!"
Новочебоксарск,Сантехник,santehnik,+7 (984) 333-32-49,https://master-na-dom.online/santehnik-novocheboksarsk,santehnik-novocheboksarsk,Сантехник в Новочебоксарске | ПроМастер,"Сантехник в Новочебоксарске с выездом на дом. Устранение протечек, замена смесителей, прочистка канализации. Гарантия на работы. Звоните!"
Новочебоксарск,Мастер на час,master-na-chas,+7 (984) 333-32-49,https://master-na-dom.online/master-na-chas-novocheboksarsk,master-na-chas-novocheboksarsk,Мастер на час в Новочебоксарске | ПроМастер,"Мастер на час в Новочебоксарске с выездом на дом. Мелкий ремонт, сборка мебели, навешивание полок. Выезд за 30 минут. Звоните!"
Новочебоксарск,Ремонт окон,remont-okon,+7 (984) 333-32-49,https://master-na-dom.online/remont-okon-novocheboksarsk,remont-okon-novocheboksarsk,Ремонт окон в Новочебоксарске | ПроМастер,"Ремонт окон в Новочебоксарске с выездом на дом. Регулировка фурнитуры, замена уплотнителя, устранение продувания. Звоните!"
Новочебоксарск,Клининг,klining,+7 (984) 333-32-49,https://master-na-dom.online/klining-novocheboksarsk,klining-novocheboksarsk,Клининг в Новочебоксарске — вызов мастера на дом | ПроМастер,"Клининг в Новочебоксарске с выездом на дом. Генеральная уборка, уборка после ремонта, мытьё окон. Профессиональная химия и оборудование. Звоните!"
Новочебоксарск,Сборка мебели,sborka-mebeli,+7 (984) 333-32-49,https://master-na-dom.online/sborka-mebeli-novocheboksarsk,sborka-mebeli-novocheboksarsk,Сборка мебели в Новочебоксарске — вызов мастера на дом | ПроМастер,"Сборка мебели в Новочебоксарске с выездом на дом. Сборка шкафов, кухонь, кроватей и стеллажей. Аккуратно и со своим инструментом. Звоните!"
Оренбург,Ремонт стиральных машин,remont-stiralnyh-mashin,+7 (969) 999-24-97,https://master-na-dom.online/remont-stiralnyh-mashin-orenburg,remont-stiralnyh-mashin-orenburg,Ремонт стиральных машин в Оренбурге | ПроМастер,"Ремонт стиральных машин в Оренбурге с выездом на дом. Samsung, LG, Bosch, Indesit и другие марки. Диагностика бесплатно. Гарантия на ремонт. Звоните!"
Оренбург,Ремонт холодильников,remont-holodilnikov,+7 (969) 999-24-97,https://master-na-dom.online/remont-holodilnikov-orenburg,remont-holodilnikov-orenburg,Ремонт холодильников в Оренбурге | ПроМастер,"Ремонт холодильников в Оренбурге с выездом на дом. Samsung, LG, Bosch, Atlant и другие марки. Диагностика бесплатно. Гарантия на ремонт. Звоните!"
Оренбург,Ремонт посудомоечных машин,remont-pmm,+7 (969) 999-24-97,https://master-na-dom.online/remont-pmm-orenburg,remont-pmm-orenburg,Ремонт посудомоечных машин в Оренбурге | ПроМастер,"Ремонт посудомоечных машин в Оренбурге с выездом на дом. Bosch, Siemens, Electrolux и другие марки. Диагностика бесплатно. Звоните!"
Оренбург,Ремонт кондиционеров,remont-kondicionerov,+7 (969) 999-24-97,https://master-na-dom.online/remont-kondicionerov-orenburg,remont-kondicionerov-orenburg,Ремонт кондиционеров в Оренбурге | ПроМастер,"Ремонт кондиционеров в Оренбурге с выездом на дом. Обслуживание, заправка фреоном, ремонт сплит-систем. Гарантия на работы. Звоните!"
Оренбург,Компьютерная помощь,kp,+7 (986) 089-07-04,https://master-na-dom.online/kp-orenburg,kp-orenburg,Компьютерная помощь в Оренбурге | ПроМастер,"Компьютерная помощь в Оренбурге с выездом на дом. Настройка ПК, удаление вирусов, восстановление данных. Выезд мастера на дом. Звоните!"
Оренбург,Ремонт телевизоров,remont-televizorov,+7 (986) 089-07-04,https://master-na-dom.online/remont-televizorov-orenburg,remont-televizorov-orenburg,Ремонт телевизоров в Оренбурге | ПроМастер,"Ремонт телевизоров в Оренбурге с выездом на дом. Ремонт LED, OLED, Smart TV. Диагностика бесплатно. Гарантия на ремонт. Звоните!"
Оренбург,Ремонт варочных панелей,remont-varochnyh-panelej,+7 (969) 999-24-97,https://master-na-dom.online/remont-varochnyh-panelej-orenburg,remont-varochnyh-panelej-orenburg,Ремонт варочных панелей в Оренбурге | ПроМастер,"Ремонт варочных панелей в Оренбурге с выездом на дом. Индукционные, электрические и газовые панели. Гарантия на ремонт. Звоните!"
Оренбург,Ремонт духовых шкафов,remont-duhovyh-shkafov,+7 (969) 999-24-97,https://master-na-dom.online/remont-duhovyh-shkafov-orenburg,remont-duhovyh-shkafov-orenburg,Ремонт духовых шкафов в Оренбурге | ПроМастер,Ремонт духовых шкафов в Оренбурге с выездом на дом. Электрические и газовые духовки. Диагностика бесплатно. Звоните!
Оренбург,Ремонт водонагревателей,remont-vodonagrevatelej,+7 (969) 999-24-97,https://master-na-dom.online/remont-vodonagrevatelej-orenburg,remont-vodonagrevatelej-orenburg,Ремонт водонагревателей в Оренбурге | ПроМастер,Ремонт водонагревателей в Оренбурге с выездом на дом. Ремонт бойлеров и проточных водонагревателей. Гарантия на работы. Звоните!
Оренбург,Ремонт кофемашин,remont-kofemashin,+7 (969) 999-24-97,https://master-na-dom.online/remont-kofemashin-orenburg,remont-kofemashin-orenburg,Ремонт кофемашин в Оренбурге | ПроМастер,"Ремонт кофемашин в Оренбурге с выездом на дом. DeLonghi, Saeco, Bosch, Jura и другие марки. Диагностика бесплатно. Звоните!"
Оренбург,Дезинфекция,dezinfekciya,+7 (984) 333-32-49,https://master-na-dom.online/dezinfekciya-orenburg,dezinfekciya-orenburg,Дезинфекция в Оренбурге — вызов мастера на дом | ПроМастер,"Дезинфекция в Оренбурге с выездом на дом. Уничтожение насекомых, грызунов и плесени. Безопасные препараты, гарантия результата. Звоните!"
Оренбург,Электрик,elektrik,+7 (984) 333-32-49,https://master-na-dom.online/elektrik-orenburg,elektrik-orenburg,Электрик в Оренбурге | ПроМастер,"Электрик в Оренбурге с выездом на дом. Замена проводки, установка розеток, поиск неисправностей. Гарантия на работы. Звоните!"
Оренбург,Сантехник,santehnik,+7 (984) 333-32-49,https://master-na-dom.online/santehnik-orenburg,santehnik-orenburg,Сантехник в Оренбурге | ПроМастер,"Сантехник в Оренбурге с выездом на дом. Устранение протечек, замена смесителей, прочистка канализации. Гарантия на работы. Звоните!"
Оренбург,Мастер на час,master-na-chas,+7 (984) 333-32-49,https://master-na-dom.online/master-na-chas-orenburg,master-na-chas-orenburg,Мастер на час в Оренбурге | ПроМастер,"Мастер на час в Оренбурге с выездом на дом. Мелкий ремонт, сборка мебели, навешивание полок. Выезд за 30 минут. Звоните!"
Оренбург,Ремонт окон,remont-okon,+7 (984) 333-32-49,https://master-na-dom.online/remont-okon-orenburg,remont-okon-orenburg,Ремонт окон в Оренбурге | ПроМастер,"Ремонт окон в Оренбурге с выездом на дом. Регулировка фурнитуры, замена уплотнителя, устранение продувания. Звоните!"
Оренбург,Клининг,klining,+7 (984) 333-32-49,https://master-na-dom.online/klining-orenburg,klining-orenburg,Клининг в Оренбурге — вызов мастера на дом | ПроМастер,"Клининг в Оренбурге с выездом на дом. Генеральная уборка, уборка после ремонта, мытьё окон. Профессиональная химия и оборудование. Звоните!"
Оренбург,Сборка мебели,sborka-mebeli,+7 (984) 333-32-49,https://master-na-dom.online/sborka-mebeli-orenburg,sborka-mebeli-orenburg,Сборка мебели в Оренбурге — вызов мастера на дом | ПроМастер,"Сборка мебели в Оренбурге с выездом на дом. Сборка шкафов, кухонь, кроватей и стеллажей. Аккуратно и со своим инструментом. Звоните!"
Ростов-на-Дону,Ремонт стиральных машин,remont-stiralnyh-mashin,+7 (969) 999-24-97,https://master-na-dom.online/remont-stiralnyh-mashin-rostov-na-donu,remont-stiralnyh-mashin-rostov-na-donu,Ремонт стиральных машин в Ростове-на-Дону | ПроМастер,"Ремонт стиральных машин в Ростове-на-Дону с выездом на дом. Samsung, LG, Bosch, Indesit и другие марки. Диагностика бесплатно. Гарантия на ремонт. Звоните!"
Ростов-на-Дону,Ремонт холодильников,remont-holodilnikov,+7 (969) 999-24-97,https://master-na-dom.online/remont-holodilnikov-rostov-na-donu,remont-holodilnikov-rostov-na-donu,Ремонт холодильников в Ростове-на-Дону | ПроМастер,"Ремонт холодильников в Ростове-на-Дону с выездом на дом. Samsung, LG, Bosch, Atlant и другие марки. Диагностика бесплатно. Гарантия на ремонт. Звоните!"
Ростов-на-Дону,Ремонт посудомоечных машин,remont-pmm,+7 (969) 999-24-97,https://master-na-dom.online/remont-pmm-rostov-na-donu,remont-pmm-rostov-na-donu,Ремонт посудомоечных машин в Ростове-на-Дону | ПроМастер,"Ремонт посудомоечных машин в Ростове-на-Дону с выездом на дом. Bosch, Siemens, Electrolux и другие марки. Диагностика бесплатно. Звоните!"
Ростов-на-Дону,Ремонт кондиционеров,remont-kondicionerov,+7 (969) 999-24-97,https://master-na-dom.online/remont-kondicionerov-rostov-na-donu,remont-kondicionerov-rostov-na-donu,Ремонт кондиционеров в Ростове-на-Дону | ПроМастер,"Ремонт кондиционеров в Ростове-на-Дону с выездом на дом. Обслуживание, заправка фреоном, ремонт сплит-систем. Гарантия на работы. Звоните!"
Ростов-на-Дону,Компьютерная помощь,kp,+7 (986) 089-07-04,https://master-na-dom.online/kp-rostov-na-donu,kp-rostov-na-donu,Компьютерная помощь в Ростове-на-Дону | ПроМастер,"Компьютерная помощь в Ростове-на-Дону с выездом на дом. Настройка ПК, удаление вирусов, восстановление данных. Выезд мастера на дом. Звоните!"
Ростов-на-Дону,Ремонт телевизоров,remont-televizorov,+7 (986) 089-07-04,https://master-na-dom.online/remont-televizorov-rostov-na-donu,remont-televizorov-rostov-na-donu,Ремонт телевизоров в Ростове-на-Дону | ПроМастер,"Ремонт телевизоров в Ростове-на-Дону с выездом на дом. Ремонт LED, OLED, Smart TV. Диагностика бесплатно. Гарантия на ремонт. Звоните!"
Ростов-на-Дону,Ремонт варочных панелей,remont-varochnyh-panelej,+7 (969) 999-24-97,https://master-na-dom.online/remont-varochnyh-panelej-rostov-na-donu,remont-varochnyh-panelej-rostov-na-donu,Ремонт варочных панелей в Ростове-на-Дону | ПроМастер,"Ремонт варочных панелей в Ростове-на-Дону с выездом на дом. Индукционные, электрические и газовые панели. Гарантия на ремонт. Звоните!"
Ростов-на-Дону,Ремонт духовых шкафов,remont-duhovyh-shkafov,+7 (969) 999-24-97,https://master-na-dom.online/remont-duhovyh-shkafov-rostov-na-donu,remont-duhovyh-shkafov-rostov-na-donu,Ремонт духовых шкафов в Ростове-на-Дону | ПроМастер,Ремонт духовых шкафов в Ростове-на-Дону с выездом на дом. Электрические и газовые духовки. Диагностика бесплатно. Звоните!
Ростов-на-Дону,Ремонт водонагревателей,remont-vodonagrevatelej,+7 (969) 999-24-97,https://master-na-dom.online/remont-vodonagrevatelej-rostov-na-donu,remont-vodonagrevatelej-rostov-na-donu,Ремонт водонагревателей в Ростове-на-Дону | ПроМастер,Ремонт водонагревателей в Ростове-на-Дону с выездом на дом. Ремонт бойлеров и проточных водонагревателей. Гарантия на работы. Звоните!
Ростов-на-Дону,Ремонт кофемашин,remont-kofemashin,+7 (969) 999-24-97,https://master-na-dom.online/remont-kofemashin-rostov-na-donu,remont-kofemashin-rostov-na-donu,Ремонт кофемашин в Ростове-на-Дону | ПроМастер,"Ремонт кофемашин в Ростове-на-Дону с выездом на дом. DeLonghi, Saeco, Bosch, Jura и другие марки. Диагностика бесплатно. Звоните!"
Ростов-на-Дону,Дезинфекция,dezinfekciya,+7 (984) 333-32-49,https://master-na-dom.online/dezinfekciya-rostov-na-donu,dezinfekciya-rostov-na-donu,Дезинфекция в Ростове-на-Дону — вызов мастера на дом | ПроМастер,"Дезинфекция в Ростове-на-Дону с выездом на дом. Уничтожение насекомых, грызунов и плесени. Безопасные препараты, гарантия результата. Звоните!"
Ростов-на-Дону,Электрик,elektrik,+7 (984) 333-32-49,https://master-na-dom.online/elektrik-rostov-na-donu,elektrik-rostov-na-donu,Электрик в Ростове-на-Дону | ПроМастер,"Электрик в Ростове-на-Дону с выездом на дом. Замена проводки, установка розеток, поиск неисправностей. Гарантия на работы. Звоните!"
Ростов-на-Дону,Сантехник,santehnik,+7 (984) 333-32-49,https://master-na-dom.online/santehnik-rostov-na-donu,santehnik-rostov-na-donu,Сантехник в Ростове-на-Дону | ПроМастер,"Сантехник в Ростове-на-Дону с выездом на дом. Устранение протечек, замена смесителей, прочистка канализации. Гарантия на работы. Звоните!"
Ростов-на-Дону,Мастер на час,master-na-chas,+7 (984) 333-32-49,https://master-na-dom.online/master-na-chas-rostov-na-donu,master-na-chas-rostov-na-donu,Мастер на час в Ростове-на-Дону | ПроМастер,"Мастер на час в Ростове-на-Дону с выездом на дом. Мелкий ремонт, сборка мебели, навешивание полок. Выезд за 30 минут. Звоните!"
Ростов-на-Дону,Ремонт окон,remont-okon,+7 (984) 333-32-49,https://master-na-dom.online/remont-okon-rostov-na-donu,remont-okon-rostov-na-donu,Ремонт окон в Ростове-на-Дону | ПроМастер,"Ремонт окон в Ростове-на-Дону с выездом на дом. Регулировка фурнитуры, замена уплотнителя, устранение продувания. Звоните!"
Ростов-на-Дону,Клининг,klining,+7 (984) 333-32-49,https://master-na-dom.online/klining-rostov-na-donu,klining-rostov-na-donu,Клининг в Ростове-на-Дону — вызов мастера на дом | ПроМастер,"Клининг в Ростове-на-Дону с выездом на дом. Генеральная уборка, уборка после ремонта, мытьё окон. Профессиональная химия и оборудование. Звоните!"
Ростов-на-Дону,Сборка мебели,sborka-mebeli,+7 (984) 333-32-49,https://master-na-dom.online/sborka-mebeli-rostov-na-donu,sborka-mebeli-rostov-na-donu,Сборка мебели в Ростове-на-Дону — вызов мастера на дом | ПроМастер,"Сборка мебели в Ростове-на-Дону с выездом на дом. Сборка шкафов, кухонь, кроватей и стеллажей. Аккуратно и со своим инструментом. Звоните!"
Самара,Ремонт стиральных машин,remont-stiralnyh-mashin,+7 (969) 999-24-97,https://master-na-dom.online/remont-stiralnyh-mashin-samara,remont-stiralnyh-mashin-samara,Ремонт стиральных машин в Самаре | ПроМастер,"Ремонт стиральных машин в Самаре с выездом на дом. Samsung, LG, Bosch, Indesit и другие марки. Диагностика бесплатно. Гарантия на ремонт. Звоните!"
Самара,Ремонт холодильников,remont-holodilnikov,+7 (969) 999-24-97,https://master-na-dom.online/remont-holodilnikov-samara,remont-holodilnikov-samara,Ремонт холодильников в Самаре | ПроМастер,"Ремонт холодильников в Самаре с выездом на дом. Samsung, LG, Bosch, Atlant и другие марки. Диагностика бесплатно. Гарантия на ремонт. Звоните!"
Самара,Ремонт посудомоечных машин,remont-pmm,+7 (969) 999-24-97,https://master-na-dom.online/remont-pmm-samara,remont-pmm-samara,Ремонт посудомоечных машин в Самаре | ПроМастер,"Ремонт посудомоечных машин в Самаре с выездом на дом. Bosch, Siemens, Electrolux и другие марки. Диагностика бесплатно. Звоните!"
Самара,Ремонт кондиционеров,remont-kondicionerov,+7 (969) 999-24-97,https://master-na-dom.online/remont-kondicionerov-samara,remont-kondicionerov-samara,Ремонт кондиционеров в Самаре | ПроМастер,"Ремонт кондиционеров в Самаре с выездом на дом. Обслуживание, заправка фреоном, ремонт сплит-систем. Гарантия на работы. Звоните!"
Самара,Компьютерная помощь,kp,+7 (986) 089-07-04,https://master-na-dom.online/kp-samara,kp-samara,Компьютерная помощь в Самаре | ПроМастер,"Компьютерная помощь в Самаре с выездом на дом. Настройка ПК, удаление вирусов, восстановление данных. Выезд мастера на дом. Звоните!"
Самара,Ремонт телевизоров,remont-televizorov,+7 (986) 089-07-04,https://master-na-dom.online/remont-televizorov-samara,remont-televizorov-samara,Ремонт телевизоров в Самаре | ПроМастер,"Ремонт телевизоров в Самаре с выездом на дом. Ремонт LED, OLED, Smart TV. Диагностика бесплатно. Гарантия на ремонт. Звоните!"
Самара,Ремонт варочных панелей,remont-varochnyh-panelej,+7 (969) 999-24-97,https://master-na-dom.online/remont-varochnyh-panelej-samara,remont-varochnyh-panelej-samara,Ремонт варочных панелей в Самаре | ПроМастер,"Ремонт варочных панелей в Самаре с выездом на дом. Индукционные, электрические и газовые панели. Гарантия на ремонт. Звоните!"
Самара,Ремонт духовых шкафов,remont-duhovyh-shkafov,+7 (969) 999-24-97,https://master-na-dom.online/remont-duhovyh-shkafov-samara,remont-duhovyh-shkafov-samara,Ремонт духовых шкафов в Самаре | ПроМастер,Ремонт духовых шкафов в Самаре с выездом на дом. Электрические и газовые духовки. Диагностика бесплатно. Звоните!
Самара,Ремонт водонагревателей,remont-vodonagrevatelej,+7 (969) 999-24-97,https://master-na-dom.online/remont-vodonagrevatelej-samara,remont-vodonagrevatelej-samara,Ремонт водонагревателей в Самаре | ПроМастер,Ремонт водонагревателей в Самаре с выездом на дом. Ремонт бойлеров и проточных водонагревателей. Гарантия на работы. Звоните!
Самара,Ремонт кофемашин,remont-kofemashin,+7 (969) 999-24-97,https://master-na-dom.online/remont-kofemashin-samara,remont-kofemashin-samara,Ремонт кофемашин в Самаре | ПроМастер,"Ремонт кофемашин в Самаре с выездом на дом. DeLonghi, Saeco, Bosch, Jura и другие марки. Диагностика бесплатно. Звоните!"
Самара,Дезинфекция,dezinfekciya,+7 (984) 333-32-49,https://master-na-dom.online/dezinfekciya-samara,dezinfekciya-samara,Дезинфекция в Самаре — вызов мастера на дом | ПроМастер,"Дезинфекция в Самаре с выездом на дом. Уничтожение насекомых, грызунов и плесени. Безопасные препараты, гарантия результата. Звоните!"
Самара,Электрик,elektrik,+7 (984) 333-32-49,https://master-na-dom.online/elektrik-samara,elektrik-samara,Электрик в Самаре | ПроМастер,"Электрик в Самаре с выездом на дом. Замена проводки, установка розеток, поиск неисправностей. Гарантия на работы. Звоните!"
Самара,Сантехник,santehnik,+7 (984) 333-32-49,https://master-na-dom.online/santehnik-samara,santehnik-samara,Сантехник в Самаре | ПроМастер,"Сантехник в Самаре с выездом на дом. Устранение протечек, замена смесителей, прочистка канализации. Гарантия на работы. Звоните!"
Самара,Мастер на час,master-na-chas,+7 (984) 333-32-49,https://master-na-dom.online/master-na-chas-samara,master-na-chas-samara,Мастер на час в Самаре | ПроМастер,"Мастер на час в Самаре с выездом на дом. Мелкий ремонт, сборка мебели, навешивание полок. Выезд за 30 минут. Звоните!"
Самара,Ремонт окон,remont-okon,+7 (984) 333-32-49,https://master-na-dom.online/remont-okon-samara,remont-okon-samara,Ремонт окон в Самаре | ПроМастер,"Ремонт окон в Самаре с выездом на дом. Регулировка фурнитуры, замена уплотнителя, устранение продувания. Звоните!"
Самара,Клининг,klining,+7 (984) 333-32-49,https://master-na-dom.online/klining-samara,klining-samara,Клининг в Самаре — вызов мастера на дом | ПроМастер,"Клининг в Самаре с выездом на дом. Генеральная уборка, уборка после ремонта, мытьё окон. Профессиональная химия и оборудование. Звоните!"
Самара,Сборка мебели,sborka-mebeli,+7 (984) 333-32-49,https://master-na-dom.online/sborka-mebeli-samara,sborka-mebeli-samara,Сборка мебели в Самаре — вызов мастера на дом | ПроМастер,"Сборка мебели в Самаре с выездом на дом. Сборка шкафов, кухонь, кроватей и стеллажей. Аккуратно и со своим инструментом. Звоните!"
Санкт-Петербург,Ремонт стиральных машин,remont-stiralnyh-mashin,+7 (969) 999-24-97,https://master-na-dom.online/remont-stiralnyh-mashin-sankt-peterburg,remont-stiralnyh-mashin-sankt-peterburg,Ремонт стиральных машин в Санкт-Петербурге | ПроМастер,"Ремонт стиральных машин в Санкт-Петербурге с выездом на дом. Samsung, LG, Bosch, Indesit и другие марки. Диагностика бесплатно. Гарантия на ремонт. Звоните!"
Санкт-Петербург,Ремонт холодильников,remont-holodilnikov,+7 (969) 999-24-97,https://master-na-dom.online/remont-holodilnikov-sankt-peterburg,remont-holodilnikov-sankt-peterburg,Ремонт холодильников в Санкт-Петербурге | ПроМастер,"Ремонт холодильников в Санкт-Петербурге с выездом на дом. Samsung, LG, Bosch, Atlant и другие марки. Диагностика бесплатно. Гарантия на ремонт. Звоните!"
Санкт-Петербург,Ремонт посудомоечных машин,remont-pmm,+7 (969) 999-24-97,https://master-na-dom.online/remont-pmm-sankt-peterburg,remont-pmm-sankt-peterburg,Ремонт посудомоечных машин в Санкт-Петербурге | ПроМастер,"Ремонт посудомоечных машин в Санкт-Петербурге с выездом на дом. Bosch, Siemens, Electrolux и другие марки. Диагностика бесплатно. Звоните!"
Санкт-Петербург,Ремонт кондиционеров,remont-kondicionerov,+7 (969) 999-24-97,https://master-na-dom.online/remont-kondicionerov-sankt-peterburg,remont-kondicionerov-sankt-peterburg,Ремонт кондиционеров в Санкт-Петербурге | ПроМастер,"Ремонт кондиционеров в Санкт-Петербурге с выездом на дом. Обслуживание, заправка фреоном, ремонт сплит-систем. Гарантия на работы. Звоните!"
Санкт-Петербург,Компьютерная помощь,kp,+7 (986) 089-07-04,https://master-na-dom.online/kp-sankt-peterburg,kp-sankt-peterburg,Компьютерная помощь в Санкт-Петербурге | ПроМастер,"Компьютерная помощь в Санкт-Петербурге с выездом на дом. Настройка ПК, удаление вирусов, восстановление данных. Выезд мастера на дом. Звоните!"
Санкт-Петербург,Ремонт телевизоров,remont-televizorov,+7 (986) 089-07-04,https://master-na-dom.online/remont-televizorov-sankt-peterburg,remont-televizorov-sankt-peterburg,Ремонт телевизоров в Санкт-Петербурге | ПроМастер,"Ремонт телевизоров в Санкт-Петербурге с выездом на дом. Ремонт LED, OLED, Smart TV. Диагностика бесплатно. Гарантия на ремонт. Звоните!"
Санкт-Петербург,Ремонт варочных панелей,remont-varochnyh-panelej,+7 (969) 999-24-97,https://master-na-dom.online/remont-varochnyh-panelej-sankt-peterburg,remont-varochnyh-panelej-sankt-peterburg,Ремонт варочных панелей в Санкт-Петербурге | ПроМастер,"Ремонт варочных панелей в Санкт-Петербурге с выездом на дом. Индукционные, электрические и газовые панели. Гарантия на ремонт. Звоните!"
Санкт-Петербург,Ремонт духовых шкафов,remont-duhovyh-shkafov,+7 (969) 999-24-97,https://master-na-dom.online/remont-duhovyh-shkafov-sankt-peterburg,remont-duhovyh-shkafov-sankt-peterburg,Ремонт духовых шкафов в Санкт-Петербурге | ПроМастер,Ремонт духовых шкафов в Санкт-Петербурге с выездом на дом. Электрические и газовые духовки. Диагностика бесплатно. Звоните!
Санкт-Петербург,Ремонт водонагревателей,remont-vodonagrevatelej,+7 (969) 999-24-97,https://master-na-dom.online/remont-vodonagrevatelej-sankt-peterburg,remont-vodonagrevatelej-sankt-peterburg,Ремонт водонагревателей в Санкт-Петербурге | ПроМастер,Ремонт водонагревателей в Санкт-Петербурге с выездом на дом. Ремонт бойлеров и проточных водонагревателей. Гарантия на работы. Звоните!
Санкт-Петербург,Ремонт кофемашин,remont-kofemashin,+7 (969) 999-24-97,https://master-na-dom.online/remont-kofemashin-sankt-peterburg,remont-kofemashin-sankt-peterburg,Ремонт кофемашин в Санкт-Петербурге | ПроМастер,"Ремонт кофемашин в Санкт-Петербурге с выездом на дом. DeLonghi, Saeco, Bosch, Jura и другие марки. Диагностика бесплатно. Звоните!"
Санкт-Петербург,Дезинфекция,dezinfekciya,+7 (984) 333-32-49,https://master-na-dom.online/dezinfekciya-sankt-peterburg,dezinfekciya-sankt-peterburg,Дезинфекция в Санкт-Петербурге — вызов мастера на дом | ПроМастер,"Дезинфекция в Санкт-Петербурге с выездом на дом. Уничтожение насекомых, грызунов и плесени. Безопасные препараты, гарантия результата. Звоните!"
Санкт-Петербург,Электрик,elektrik,+7 (984) 333-32-49,https://master-na-dom.online/elektrik-sankt-peterburg,elektrik-sankt-peterburg,Электрик в Санкт-Петербурге | ПроМастер,"Электрик в Санкт-Петербурге с выездом на дом. Замена проводки, установка розеток, поиск неисправностей. Гарантия на работы. Звоните!"
Санкт-Петербург,Сантехник,santehnik,+7 (984) 333-32-49,https://master-na-dom.online/santehnik-sankt-peterburg,santehnik-sankt-peterburg,Сантехник в Санкт-Петербурге | ПроМастер,"Сантехник в Санкт-Петербурге с выездом на дом. Устранение протечек, замена смесителей, прочистка канализации. Гарантия на работы. Звоните!"
Санкт-Петербург,Мастер на час,master-na-chas,+7 (984) 333-32-49,https://master-na-dom.online/master-na-chas-sankt-peterburg,master-na-chas-sankt-peterburg,Мастер на час в Санкт-Петербурге | ПроМастер,"Мастер на час в Санкт-Петербурге с выездом на дом. Мелкий ремонт, сборка мебели, навешивание полок. Выезд за 30 минут. Звоните!"
Санкт-Петербург,Ремонт окон,remont-okon,+7 (984) 333-32-49,https://master-na-dom.online/remont-okon-sankt-peterburg,remont-okon-sankt-peterburg,Ремонт окон в Санкт-Петербурге | ПроМастер,"Ремонт окон в Санкт-Петербурге с выездом на дом. Регулировка фурнитуры, замена уплотнителя, устранение продувания. Звоните!"
Санкт-Петербург,Клининг,klining,+7 (984) 333-32-49,https://master-na-dom.online/klining-sankt-peterburg,klining-sankt-peterburg,Клининг в Санкт-Петербурге — вызов мастера на дом | ПроМастер,"Клининг в Санкт-Петербурге с выездом на дом. Генеральная уборка, уборка после ремонта, мытьё окон. Профессиональная химия и оборудование. Звоните!"
Санкт-Петербург,Сборка мебели,sborka-mebeli,+7 (984) 333-32-49,https://master-na-dom.online/sborka-mebeli-sankt-peterburg,sborka-mebeli-sankt-peterburg,Сборка мебели в Санкт-Петербурге — вызов мастера на дом | ПроМастер,"Сборка мебели в Санкт-Петербурге с выездом на дом. Сборка шкафов, кухонь, кроватей и стеллажей. Аккуратно и со своим инструментом. Звоните!"
Саратов,Ремонт стиральных машин,remont-stiralnyh-mashin,+7 (969) 999-24-97,https://master-na-dom.online/remont-stiralnyh-mashin-saratov,remont-stiralnyh-mashin-saratov,Ремонт стиральных машин в Саратове | ПроМастер,"Ремонт стиральных машин в Саратове с выездом на дом. Samsung, LG, Bosch, Indesit и другие марки. Диагностика бесплатно. Гарантия на ремонт. Звоните!"
Саратов,Ремонт холодильников,remont-holodilnikov,+7 (969) 999-24-97,https://master-na-dom.online/remont-holodilnikov-saratov,remont-holodilnikov-saratov,Ремонт холодильников в Саратове | ПроМастер,"Ремонт холодильников в Саратове с выездом на дом. Samsung, LG, Bosch, Atlant и другие марки. Диагностика бесплатно. Гарантия на ремонт. Звоните!"
Саратов,Ремонт посудомоечных машин,remont-pmm,+7 (969) 999-24-97,https://master-na-dom.online/remont-pmm-saratov,remont-pmm-saratov,Ремонт посудомоечных машин в Саратове | ПроМастер,"Ремонт посудомоечных машин в Саратове с выездом на дом. Bosch, Siemens, Electrolux и другие марки. Диагностика бесплатно. Звоните!"
Саратов,Ремонт кондиционеров,remont-kondicionerov,+7 (969) 999-24-97,https://master-na-dom.online/remont-kondicionerov-saratov,remont-kondicionerov-saratov,Ремонт кондиционеров в Саратове | ПроМастер,"Ремонт кондиционеров в Саратове с выездом на дом. Обслуживание, заправка фреоном, ремонт сплит-систем. Гарантия на работы. Звоните!"
Саратов,Компьютерная помощь,kp,+7 (986) 089-07-04,https://master-na-dom.online/kp-saratov,kp-saratov,Компьютерная помощь в Саратове | ПроМастер,"Компьютерная помощь в Саратове с выездом на дом. Настройка ПК, удаление вирусов, восстановление данных. Выезд мастера на дом. Звоните!"
Саратов,Ремонт телевизоров,remont-televizorov,+7 (986) 089-07-04,https://master-na-dom.online/remont-televizorov-saratov,remont-televizorov-saratov,Ремонт телевизоров в Саратове | ПроМастер,"Ремонт телевизоров в Саратове с выездом на дом. Ремонт LED, OLED, Smart TV. Диагностика бесплатно. Гарантия на ремонт. Звоните!"
Саратов,Ремонт варочных панелей,remont-varochnyh-panelej,+7 (969) 999-24-97,https://master-na-dom.online/remont-varochnyh-panelej-saratov,remont-varochnyh-panelej-saratov,Ремонт варочных панелей в Саратове | ПроМастер,"Ремонт варочных панелей в Саратове с выездом на дом. Индукционные, электрические и газовые панели. Гарантия на ремонт. Звоните!"
Саратов,Ремонт духовых шкафов,remont-duhovyh-shkafov,+7 (969) 999-24-97,https://master-na-dom.online/remont-duhovyh-shkafov-saratov,remont-duhovyh-shkafov-saratov,Ремонт духовых шкафов в Саратове | ПроМастер,Ремонт духовых шкафов в Саратове с выездом на дом. Электрические и газовые духовки. Диагностика бесплатно. Звоните!
Саратов,Ремонт водонагревателей,remont-vodonagrevatelej,+7 (969) 999-24-97,https://master-na-dom.online/remont-vodonagrevatelej-saratov,remont-vodonagrevatelej-saratov,Ремонт водонагревателей в Саратове | ПроМастер,Ремонт водонагревателей в Саратове с выездом на дом. Ремонт бойлеров и проточных водонагревателей. Гарантия на работы. Звоните!
Саратов,Ремонт кофемашин,remont-kofemashin,+7 (969) 999-24-97,https://master-na-dom.online/remont-kofemashin-saratov,remont-kofemashin-saratov,Ремонт кофемашин в Саратове | ПроМастер,"Ремонт кофемашин в Саратове с выездом на дом. DeLonghi, Saeco, Bosch, Jura и другие марки. Диагностика бесплатно. Звоните!"
Саратов,Дезинфекция,dezinfekciya,+7 (984) 333-32-49,https://master-na-dom.online/dezinfekciya-saratov,dezinfekciya-saratov,Дезинфекция в Саратове — вызов мастера на дом | ПроМастер,"Дезинфекция в Саратове с выездом на дом. Уничтожение насекомых, грызунов и плесени. Безопасные препараты, гарантия результата. Звоните!"
Саратов,Электрик,elektrik,+7 (984) 333-32-49,https://master-na-dom.online/elektrik-saratov,elektrik-saratov,Электрик в Саратове | ПроМастер,"Электрик в Саратове с выездом на дом. Замена проводки, установка розеток, поиск неисправностей. Гарантия на работы. Звоните!"
Саратов,Сантехник,santehnik,+7 (984) 333-32-49,https://master-na-dom.online/santehnik-saratov,santehnik-saratov,Сантехник в Саратове | ПроМастер,"Сантехник в Саратове с выездом на дом. Устранение протечек, замена смесителей, прочистка канализации. Гарантия на работы. Звоните!"
Саратов,Мастер на час,master-na-chas,+7 (984) 333-32-49,https://master-na-dom.online/master-na-chas-saratov,master-na-chas-saratov,Мастер на час в Саратове | ПроМастер,"Мастер на час в Саратове с выездом на дом. Мелкий ремонт, сборка мебели, навешивание полок. Выезд за 30 минут. Звоните!"
Саратов,Ремонт окон,remont-okon,+7 (984) 333-32-49,https://master-na-dom.online/remont-okon-saratov,remont-okon-saratov,Ремонт окон в Саратове | ПроМастер,"Ремонт окон в Саратове с выездом на дом. Регулировка фурнитуры, замена уплотнителя, устранение продувания. Звоните!"
Саратов,Клининг,klining,+7 (984) 333-32-49,https://master-na-dom.online/klining-saratov,klining-saratov,Клининг в Саратове — вызов мастера на дом | ПроМастер,"Клининг в Саратове с выездом на дом. Генеральная уборка, уборка после ремонта, мытьё окон. Профессиональная химия и оборудование. Звоните!"
Саратов,Сборка мебели,sborka-mebeli,+7 (984) 333-32-49,https://master-na-dom.online/sborka-mebeli-saratov,sborka-mebeli-saratov,Сборка мебели в Саратове — вызов мастера на дом | ПроМастер,"Сборка мебели в Саратове с выездом на дом. Сборка шкафов, кухонь, кроватей и стеллажей. Аккуратно и со своим инструментом. Звоните!"
Светлогорск,Ремонт стиральных машин,remont-stiralnyh-mashin,+7 (969) 999-24-97,https://master-na-dom.online/remont-stiralnyh-mashin-svetlogorsk,remont-stiralnyh-mashin-svetlogorsk,Ремонт стиральных машин в Светлогорске | ПроМастер,"Ремонт стиральных машин в Светлогорске с выездом на дом. Samsung, LG, Bosch, Indesit и другие марки. Диагностика бесплатно. Гарантия на ремонт. Звоните!"
Светлогорск,Ремонт холодильников,remont-holodilnikov,+7 (969) 999-24-97,https://master-na-dom.online/remont-holodilnikov-svetlogorsk,remont-holodilnikov-svetlogorsk,Ремонт холодильников в Светлогорске | ПроМастер,"Ремонт холодильников в Светлогорске с выездом на дом. Samsung, LG, Bosch, Atlant и другие марки. Диагностика бесплатно. Гарантия на ремонт. Звоните!"
Светлогорск,Ремонт посудомоечных машин,remont-pmm,+7 (969) 999-24-97,https://master-na-dom.online/remont-pmm-svetlogorsk,remont-pmm-svetlogorsk,Ремонт посудомоечных машин в Светлогорске | ПроМастер,"Ремонт посудомоечных машин в Светлогорске с выездом на дом. Bosch, Siemens, Electrolux и другие марки. Диагностика бесплатно. Звоните!"
Светлогорск,Ремонт кондиционеров,remont-kondicionerov,+7 (969) 999-24-97,https://master-na-dom.online/remont-kondicionerov-svetlogorsk,remont-kondicionerov-svetlogorsk,Ремонт кондиционеров в Светлогорске | ПроМастер,"Ремонт кондиционеров в Светлогорске с выездом на дом. Обслуживание, заправка фреоном, ремонт сплит-систем. Гарантия на работы. Звоните!"
Светлогорск,Компьютерная помощь,kp,+7 (986) 089-07-04,https://master-na-dom.online/kp-svetlogorsk,kp-svetlogorsk,Компьютерная помощь в Светлогорске | ПроМастер,"Компьютерная помощь в Светлогорске с выездом на дом. Настройка ПК, удаление вирусов, восстановление данных. Выезд мастера на дом. Звоните!"
Светлогорск,Ремонт телевизоров,remont-televizorov,+7 (986) 089-07-04,https://master-na-dom.online/remont-televizorov-svetlogorsk,remont-televizorov-svetlogorsk,Ремонт телевизоров в Светлогорске | ПроМастер,"Ремонт телевизоров в Светлогорске с выездом на дом. Ремонт LED, OLED, Smart TV. Диагностика бесплатно. Гарантия на ремонт. Звоните!"
Светлогорск,Ремонт варочных панелей,remont-varochnyh-panelej,+7 (969) 999-24-97,https://master-na-dom.online/remont-varochnyh-panelej-svetlogorsk,remont-varochnyh-panelej-svetlogorsk,Ремонт варочных панелей в Светлогорске | ПроМастер,"Ремонт варочных панелей в Светлогорске с выездом на дом. Индукционные, электрические и газовые панели. Гарантия на ремонт. Звоните!"
Светлогорск,Ремонт духовых шкафов,remont-duhovyh-shkafov,+7 (969) 999-24-97,https://master-na-dom.online/remont-duhovyh-shkafov-svetlogorsk,remont-duhovyh-shkafov-svetlogorsk,Ремонт духовых шкафов в Светлогорске | ПроМастер,Ремонт духовых шкафов в Светлогорске с выездом на дом. Электрические и газовые духовки. Диагностика бесплатно. Звоните!
Светлогорск,Ремонт водонагревателей,remont-vodonagrevatelej,+7 (969) 999-24-97,https://master-na-dom.online/remont-vodonagrevatelej-svetlogorsk,remont-vodonagrevatelej-svetlogorsk,Ремонт водонагревателей в Светлогорске | ПроМастер,Ремонт водонагревателей в Светлогорске с выездом на дом. Ремонт бойлеров и проточных водонагревателей. Гарантия на работы. Звоните!
Светлогорск,Ремонт кофемашин,remont-kofemashin,+7 (969) 999-24-97,https://master-na-dom.online/remont-kofemashin-svetlogorsk,remont-kofemashin-svetlogorsk,Ремонт кофемашин в Светлогорске | ПроМастер,"Ремонт кофемашин в Светлогорске с выездом на дом. DeLonghi, Saeco, Bosch, Jura и другие марки. Диагностика бесплатно. Звоните!"
Светлогорск,Дезинфекция,dezinfekciya,+7 (984) 333-32-49,https://master-na-dom.online/dezinfekciya-svetlogorsk,dezinfekciya-svetlogorsk,Дезинфекция в Светлогорске — вызов мастера на дом | ПроМастер,"Дезинфекция в Светлогорске с выездом на дом. Уничтожение насекомых, грызунов и плесени. Безопасные препараты, гарантия результата. Звоните!"
Светлогорск,Электрик,elektrik,+7 (984) 333-32-49,https://master-na-dom.online/elektrik-svetlogorsk,elektrik-svetlogorsk,Электрик в Светлогорске | ПроМастер,"Электрик в Светлогорске с выездом на дом. Замена проводки, установка розеток, поиск неисправностей. Гарантия на работы. Звоните!"
Светлогорск,Сантехник,santehnik,+7 (984) 333-32-49,https://master-na-dom.online/santehnik-svetlogorsk,santehnik-svetlogorsk,Сантехник в Светлогорске | ПроМастер,"Сантехник в Светлогорске с выездом на дом. Устранение протечек, замена смесителей, прочистка канализации. Гарантия на работы. Звоните!"
Светлогорск,Мастер на час,master-na-chas,+7 (984) 333-32-49,https://master-na-dom.online/master-na-chas-svetlogorsk,master-na-chas-svetlogorsk,Мастер на час в Светлогорске | ПроМастер,"Мастер на час в Светлогорске с выездом на дом. Мелкий ремонт, сборка мебели, навешивание полок. Выезд за 30 минут. Звоните!"
Светлогорск,Ремонт окон,remont-okon,+7 (984) 333-32-49,https://master-na-dom.online/remont-okon-svetlogorsk,remont-okon-svetlogorsk,Ремонт окон в Светлогорске | ПроМастер,"Ремонт окон в Светлогорске с выездом на дом. Регулировка фурнитуры, замена уплотнителя, устранение продувания. Звоните!"
Светлогорск,Клининг,klining,+7 (984) 333-32-49,https://master-na-dom.online/klining-svetlogorsk,klining-svetlogorsk,Клининг в Светлогорске — вызов мастера на дом | ПроМастер,"Клининг в Светлогорске с выездом на дом. Генеральная уборка, уборка после ремонта, мытьё окон. Профессиональная химия и оборудование. Звоните!"
Светлогорск,Сборка мебели,sborka-mebeli,+7 (984) 333-32-49,https://master-na-dom.online/sborka-mebeli-svetlogorsk,sborka-mebeli-svetlogorsk,Сборка мебели в Светлогорске — вызов мастера на дом | ПроМастер,"Сборка мебели в Светлогорске с выездом на дом. Сборка шкафов, кухонь, кроватей и стеллажей. Аккуратно и со своим инструментом. Звоните!"
Светлый,Ремонт стиральных машин,remont-stiralnyh-mashin,+7 (969) 999-24-97,https://master-na-dom.online/remont-stiralnyh-mashin-svetlyy,remont-stiralnyh-mashin-svetlyy,Ремонт стиральных машин в Светлом | ПроМастер,"Ремонт стиральных машин в Светлом с выездом на дом. Samsung, LG, Bosch, Indesit и другие марки. Диагностика бесплатно. Гарантия на ремонт. Звоните!"
Светлый,Ремонт холодильников,remont-holodilnikov,+7 (969) 999-24-97,https://master-na-dom.online/remont-holodilnikov-svetlyy,remont-holodilnikov-svetlyy,Ремонт холодильников в Светлом | ПроМастер,"Ремонт холодильников в Светлом с выездом на дом. Samsung, LG, Bosch, Atlant и другие марки. Диагностика бесплатно. Гарантия на ремонт. Звоните!"
Светлый,Ремонт посудомоечных машин,remont-pmm,+7 (969) 999-24-97,https://master-na-dom.online/remont-pmm-svetlyy,remont-pmm-svetlyy,Ремонт посудомоечных машин в Светлом | ПроМастер,"Ремонт посудомоечных машин в Светлом с выездом на дом. Bosch, Siemens, Electrolux и другие марки. Диагностика бесплатно. Звоните!"
Светлый,Ремонт кондиционеров,remont-kondicionerov,+7 (969) 999-24-97,https://master-na-dom.online/remont-kondicionerov-svetlyy,remont-kondicionerov-svetlyy,Ремонт кондиционеров в Светлом | ПроМастер,"Ремонт кондиционеров в Светлом с выездом на дом. Обслуживание, заправка фреоном, ремонт сплит-систем. Гарантия на работы. Звоните!"
Светлый,Компьютерная помощь,kp,+7 (986) 089-07-04,https://master-na-dom.online/kp-svetlyy,kp-svetlyy,Компьютерная помощь в Светлом | ПроМастер,"Компьютерная помощь в Светлом с выездом на дом. Настройка ПК, удаление вирусов, восстановление данных. Выезд мастера на дом. Звоните!"
Светлый,Ремонт телевизоров,remont-televizorov,+7 (986) 089-07-04,https://master-na-dom.online/remont-televizorov-svetlyy,remont-televizorov-svetlyy,Ремонт телевизоров в Светлом | ПроМастер,"Ремонт телевизоров в Светлом с выездом на дом. Ремонт LED, OLED, Smart TV. Диагностика бесплатно. Гарантия на ремонт. Звоните!"
Светлый,Ремонт варочных панелей,remont-varochnyh-panelej,+7 (969) 999-24-97,https://master-na-dom.online/remont-varochnyh-panelej-svetlyy,remont-varochnyh-panelej-svetlyy,Ремонт варочных панелей в Светлом | ПроМастер,"Ремонт варочных панелей в Светлом с выездом на дом. Индукционные, электрические и газовые панели. Гарантия на ремонт. Звоните!"
Светлый,Ремонт духовых шкафов,remont-duhovyh-shkafov,+7 (969) 999-24-97,https://master-na-dom.online/remont-duhovyh-shkafov-svetlyy,remont-duhovyh-shkafov-svetlyy,Ремонт духовых шкафов в Светлом | ПроМастер,Ремонт духовых шкафов в Светлом с выездом на дом. Электрические и газовые духовки. Диагностика бесплатно. Звоните!
Светлый,Ремонт водонагревателей,remont-vodonagrevatelej,+7 (969) 999-24-97,https://master-na-dom.online/remont-vodonagrevatelej-svetlyy,remont-vodonagrevatelej-svetlyy,Ремонт водонагревателей в Светлом | ПроМастер,Ремонт водонагревателей в Светлом с выездом на дом. Ремонт бойлеров и проточных водонагревателей. Гарантия на работы. Звоните!
Светлый,Ремонт кофемашин,remont-kofemashin,+7 (969) 999-24-97,https://master-na-dom.online/remont-kofemashin-svetlyy,remont-kofemashin-svetlyy,Ремонт кофемашин в Светлом | ПроМастер,"Ремонт кофемашин в Светлом с выездом на дом. DeLonghi, Saeco, Bosch, Jura и другие марки. Диагностика бесплатно. Звоните!"
Светлый,Дезинфекция,dezinfekciya,+7 (984) 333-32-49,https://master-na-dom.online/dezinfekciya-svetlyy,dezinfekciya-svetlyy,Дезинфекция в Светлом — вызов мастера на дом | ПроМастер,"Дезинфекция в Светлом с выездом на дом. Уничтожение насекомых, грызунов и плесени. Безопасные препараты, гарантия результата. Звоните!"
Светлый,Электрик,elektrik,+7 (984) 333-32-49,https://master-na-dom.online/elektrik-svetlyy,elektrik-svetlyy,Электрик в Светлом | ПроМастер,"Электрик в Светлом с выездом на дом. Замена проводки, установка розеток, поиск неисправностей. Гарантия на работы. Звоните!"
Светлый,Сантехник,santehnik,+7 (984) 333-32-49,https://master-na-dom.online/santehnik-svetlyy,santehnik-svetlyy,Сантехник в Светлом | ПроМастер,"Сантехник в Светлом с выездом на дом. Устранение протечек, замена смесителей, прочистка канализации. Гарантия на работы. Звоните!"
Светлый,Мастер на час,master-na-chas,+7 (984) 333-32-49,https://master-na-dom.online/master-na-chas-svetlyy,master-na-chas-svetlyy,Мастер на час в Светлом | ПроМастер,"Мастер на час в Светлом с выездом на дом. Мелкий ремонт, сборка мебели, навешивание полок. Выезд за 30 минут. Звоните!"
Светлый,Ремонт окон,remont-okon,+7 (984) 333-32-49,https://master-na-dom.online/remont-okon-svetlyy,remont-okon-svetlyy,Ремонт окон в Светлом | ПроМастер,"Ремонт окон в Светлом с выездом на дом. Регулировка фурнитуры, замена уплотнителя, устранение продувания. Звоните!"
Светлый,Клининг,klining,+7 (984) 333-32-49,https://master-na-dom.online/klining-svetlyy,klining-svetlyy,Клининг в Светлом — вызов мастера на дом | ПроМастер,"Клининг в Светлом с выездом на дом. Генеральная уборка, уборка после ремонта, мытьё окон. Профессиональная химия и оборудование. Звоните!"
Светлый,Сборка мебели,sborka-mebeli,+7 (984) 333-32-49,https://master-na-dom.online/sborka-mebeli-svetlyy,sborka-mebeli-svetlyy,Сборка мебели в Светлом — вызов мастера на дом | ПроМастер,"Сборка мебели в Светлом с выездом на дом. Сборка шкафов, кухонь, кроватей и стеллажей. Аккуратно и со своим инструментом. Звоните!"
Севастополь,Ремонт стиральных машин,remont-stiralnyh-mashin,+7 (969) 999-24-97,https://master-na-dom.online/remont-stiralnyh-mashin-sevastopol,remont-stiralnyh-mashin-sevastopol,Ремонт стиральных машин в Севастополе | ПроМастер,"Ремонт стиральных машин в Севастополе с выездом на дом. Samsung, LG, Bosch, Indesit и другие марки. Диагностика бесплатно. Гарантия на ремонт. Звоните!"
Севастополь,Ремонт холодильников,remont-holodilnikov,+7 (969) 999-24-97,https://master-na-dom.online/remont-holodilnikov-sevastopol,remont-holodilnikov-sevastopol,Ремонт холодильников в Севастополе | ПроМастер,"Ремонт холодильников в Севастополе с выездом на дом. Samsung, LG, Bosch, Atlant и другие марки. Диагностика бесплатно. Гарантия на ремонт. Звоните!"
Севастополь,Ремонт посудомоечных машин,remont-pmm,+7 (969) 999-24-97,https://master-na-dom.online/remont-pmm-sevastopol,remont-pmm-sevastopol,Ремонт посудомоечных машин в Севастополе | ПроМастер,"Ремонт посудомоечных машин в Севастополе с выездом на дом. Bosch, Siemens, Electrolux и другие марки. Диагностика бесплатно. Звоните!"
Севастополь,Ремонт кондиционеров,remont-kondicionerov,+7 (969) 999-24-97,https://master-na-dom.online/remont-kondicionerov-sevastopol,remont-kondicionerov-sevastopol,Ремонт кондиционеров в Севастополе | ПроМастер,"Ремонт кондиционеров в Севастополе с выездом на дом. Обслуживание, заправка фреоном, ремонт сплит-систем. Гарантия на работы. Звоните!"
Севастополь,Компьютерная помощь,kp,+7 (986) 089-07-04,https://master-na-dom.online/kp-sevastopol,kp-sevastopol,Компьютерная помощь в Севастополе | ПроМастер,"Компьютерная помощь в Севастополе с выездом на дом. Настройка ПК, удаление вирусов, восстановление данных. Выезд мастера на дом. Звоните!"
Севастополь,Ремонт телевизоров,remont-televizorov,+7 (986) 089-07-04,https://master-na-dom.online/remont-televizorov-sevastopol,remont-televizorov-sevastopol,Ремонт телевизоров в Севастополе | ПроМастер,"Ремонт телевизоров в Севастополе с выездом на дом. Ремонт LED, OLED, Smart TV. Диагностика бесплатно. Гарантия на ремонт. Звоните!"
Севастополь,Ремонт варочных панелей,remont-varochnyh-panelej,+7 (969) 999-24-97,https://master-na-dom.online/remont-varochnyh-panelej-sevastopol,remont-varochnyh-panelej-sevastopol,Ремонт варочных панелей в Севастополе | ПроМастер,"Ремонт варочных панелей в Севастополе с выездом на дом. Индукционные, электрические и газовые панели. Гарантия на ремонт. Звоните!"
Севастополь,Ремонт духовых шкафов,remont-duhovyh-shkafov,+7 (969) 999-24-97,https://master-na-dom.online/remont-duhovyh-shkafov-sevastopol,remont-duhovyh-shkafov-sevastopol,Ремонт духовых шкафов в Севастополе | ПроМастер,Ремонт духовых шкафов в Севастополе с выездом на дом. Электрические и газовые духовки. Диагностика бесплатно. Звоните!
Севастополь,Ремонт водонагревателей,remont-vodonagrevatelej,+7 (969) 999-24-97,https://master-na-dom.online/remont-vodonagrevatelej-sevastopol,remont-vodonagrevatelej-sevastopol,Ремонт водонагревателей в Севастополе | ПроМастер,Ремонт водонагревателей в Севастополе с выездом на дом. Ремонт бойлеров и проточных водонагревателей. Гарантия на работы. Звоните!
Севастополь,Ремонт кофемашин,remont-kofemashin,+7 (969) 999-24-97,https://master-na-dom.online/remont-kofemashin-sevastopol,remont-kofemashin-sevastopol,Ремонт кофемашин в Севастополе | ПроМастер,"Ремонт кофемашин в Севастополе с выездом на дом. DeLonghi, Saeco, Bosch, Jura и другие марки. Диагностика бесплатно. Звоните!"
Севастополь,Дезинфекция,dezinfekciya,+7 (984) 333-32-49,https://master-na-dom.online/dezinfekciya-sevastopol,dezinfekciya-sevastopol,Дезинфекция в Севастополе — вызов мастера на дом | ПроМастер,"Дезинфекция в Севастополе с выездом на дом. Уничтожение насекомых, грызунов и плесени. Безопасные препараты, гарантия результата. Звоните!"
Севастополь,Электрик,elektrik,+7 (984) 333-32-49,https://master-na-dom.online/elektrik-sevastopol,elektrik-sevastopol,Электрик в Севастополе | ПроМастер,"Электрик в Севастополе с выездом на дом. Замена проводки, установка розеток, поиск неисправностей. Гарантия на работы. Звоните!"
Севастополь,Сантехник,santehnik,+7 (984) 333-32-49,https://master-na-dom.online/santehnik-sevastopol,santehnik-sevastopol,Сантехник в Севастополе | ПроМастер,"Сантехник в Севастополе с выездом на дом. Устранение протечек, замена смесителей, прочистка канализации. Гарантия на работы. Звоните!"
Севастополь,Мастер на час,master-na-chas,+7 (984) 333-32-49,https://master-na-dom.online/master-na-chas-sevastopol,master-na-chas-sevastopol,Мастер на час в Севастополе | ПроМастер,"Мастер на час в Севастополе с выездом на дом. Мелкий ремонт, сборка мебели, навешивание полок. Выезд за 30 минут. Звоните!"
Севастополь,Ремонт окон,remont-okon,+7 (984) 333-32-49,https://master-na-dom.online/remont-okon-sevastopol,remont-okon-sevastopol,Ремонт окон в Севастополе | ПроМастер,"Ремонт окон в Севастополе с выездом на дом. Регулировка фурнитуры, замена уплотнителя, устранение продувания. Звоните!"
Севастополь,Клининг,klining,+7 (984) 333-32-49,https://master-na-dom.online/klining-sevastopol,klining-sevastopol,Клининг в Севастополе — вызов мастера на дом | ПроМастер,"Клининг в Севастополе с выездом на дом. Генеральная уборка, уборка после ремонта, мытьё окон. Профессиональная химия и оборудование. Звоните!"
Севастополь,Сборка мебели,sborka-mebeli,+7 (984) 333-32-49,https://master-na-dom.online/sborka-mebeli-sevastopol,sborka-mebeli-sevastopol,Сборка мебели в Севастополе — вызов мастера на дом | ПроМастер,"Сборка мебели в Севастополе с выездом на дом. Сборка шкафов, кухонь, кроватей и стеллажей. Аккуратно и со своим инструментом. Звоните!"
Симферополь,Ремонт стиральных машин,remont-stiralnyh-mashin,+7 (969) 999-24-97,https://master-na-dom.online/remont-stiralnyh-mashin-simferopol,remont-stiralnyh-mashin-simferopol,Ремонт стиральных машин в Симферополе | ПроМастер,"Ремонт стиральных машин в Симферополе с выездом на дом. Samsung, LG, Bosch, Indesit и другие марки. Диагностика бесплатно. Гарантия на ремонт. Звоните!"
Симферополь,Ремонт холодильников,remont-holodilnikov,+7 (969) 999-24-97,https://master-na-dom.online/remont-holodilnikov-simferopol,remont-holodilnikov-simferopol,Ремонт холодильников в Симферополе | ПроМастер,"Ремонт холодильников в Симферополе с выездом на дом. Samsung, LG, Bosch, Atlant и другие марки. Диагностика бесплатно. Гарантия на ремонт. Звоните!"
Симферополь,Ремонт посудомоечных машин,remont-pmm,+7 (969) 999-24-97,https://master-na-dom.online/remont-pmm-simferopol,remont-pmm-simferopol,Ремонт посудомоечных машин в Симферополе | ПроМастер,"Ремонт посудомоечных машин в Симферополе с выездом на дом. Bosch, Siemens, Electrolux и другие марки. Диагностика бесплатно. Звоните!"
Симферополь,Ремонт кондиционеров,remont-kondicionerov,+7 (969) 999-24-97,https://master-na-dom.online/remont-kondicionerov-simferopol,remont-kondicionerov-simferopol,Ремонт кондиционеров в Симферополе | ПроМастер,"Ремонт кондиционеров в Симферополе с выездом на дом. Обслуживание, заправка фреоном, ремонт сплит-систем. Гарантия на работы. Звоните!"
Симферополь,Компьютерная помощь,kp,+7 (986) 089-07-04,https://master-na-dom.online/kp-simferopol,kp-simferopol,Компьютерная помощь в Симферополе | ПроМастер,"Компьютерная помощь в Симферополе с выездом на дом. Настройка ПК, удаление вирусов, восстановление данных. Выезд мастера на дом. Звоните!"
Симферополь,Ремонт телевизоров,remont-televizorov,+7 (986) 089-07-04,https://master-na-dom.online/remont-televizorov-simferopol,remont-televizorov-simferopol,Ремонт телевизоров в Симферополе | ПроМастер,"Ремонт телевизоров в Симферополе с выездом на дом. Ремонт LED, OLED, Smart TV. Диагностика бесплатно. Гарантия на ремонт. Звоните!"
Симферополь,Ремонт варочных панелей,remont-varochnyh-panelej,+7 (969) 999-24-97,https://master-na-dom.online/remont-varochnyh-panelej-simferopol,remont-varochnyh-panelej-simferopol,Ремонт варочных панелей в Симферополе | ПроМастер,"Ремонт варочных панелей в Симферополе с выездом на дом. Индукционные, электрические и газовые панели. Гарантия на ремонт. Звоните!"
Симферополь,Ремонт духовых шкафов,remont-duhovyh-shkafov,+7 (969) 999-24-97,https://master-na-dom.online/remont-duhovyh-shkafov-simferopol,remont-duhovyh-shkafov-simferopol,Ремонт духовых шкафов в Симферополе | ПроМастер,Ремонт духовых шкафов в Симферополе с выездом на дом. Электрические и газовые духовки. Диагностика бесплатно. Звоните!
Симферополь,Ремонт водонагревателей,remont-vodonagrevatelej,+7 (969) 999-24-97,https://master-na-dom.online/remont-vodonagrevatelej-simferopol,remont-vodonagrevatelej-simferopol,Ремонт водонагревателей в Симферополе | ПроМастер,Ремонт водонагревателей в Симферополе с выездом на дом. Ремонт бойлеров и проточных водонагревателей. Гарантия на работы. Звоните!
Симферополь,Ремонт кофемашин,remont-kofemashin,+7 (969) 999-24-97,https://master-na-dom.online/remont-kofemashin-simferopol,remont-kofemashin-simferopol,Ремонт кофемашин в Симферополе | ПроМастер,"Ремонт кофемашин в Симферополе с выездом на дом. DeLonghi, Saeco, Bosch, Jura и другие марки. Диагностика бесплатно. Звоните!"
Симферополь,Дезинфекция,dezinfekciya,+7 (984) 333-32-49,https://master-na-dom.online/dezinfekciya-simferopol,dezinfekciya-simferopol,Дезинфекция в Симферополе — вызов мастера на дом | ПроМастер,"Дезинфекция в Симферополе с выездом на дом. Уничтожение насекомых, грызунов и плесени. Безопасные препараты, гарантия результата. Звоните!"
Симферополь,Электрик,elektrik,+7 (984) 333-32-49,https://master-na-dom.online/elektrik-simferopol,elektrik-simferopol,Электрик в Симферополе | ПроМастер,"Электрик в Симферополе с выездом на дом. Замена проводки, установка розеток, поиск неисправностей. Гарантия на работы. Звоните!"
Симферополь,Сантехник,santehnik,+7 (984) 333-32-49,https://master-na-dom.online/santehnik-simferopol,santehnik-simferopol,Сантехник в Симферополе | ПроМастер,"Сантехник в Симферополе с выездом на дом. Устранение протечек, замена смесителей, прочистка канализации. Гарантия на работы. Звоните!"
Симферополь,Мастер на час,master-na-chas,+7 (984) 333-32-49,https://master-na-dom.online/master-na-chas-simferopol,master-na-chas-simferopol,Мастер на час в Симферополе | ПроМастер,"Мастер на час в Симферополе с выездом на дом. Мелкий ремонт, сборка мебели, навешивание полок. Выезд за 30 минут. Звоните!"
Симферополь,Ремонт окон,remont-okon,+7 (984) 333-32-49,https://master-na-dom.online/remont-okon-simferopol,remont-okon-simferopol,Ремонт окон в Симферополе | ПроМастер,"Ремонт окон в Симферополе с выездом на дом. Регулировка фурнитуры, замена уплотнителя, устранение продувания. Звоните!"
Симферополь,Клининг,klining,+7 (984) 333-32-49,https://master-na-dom.online/klining-simferopol,klining-simferopol,Клининг в Симферополе — вызов мастера на дом | ПроМастер,"Клининг в Симферополе с выездом на дом. Генеральная уборка, уборка после ремонта, мытьё окон. Профессиональная химия и оборудование. Звоните!"
Симферополь,Сборка мебели,sborka-mebeli,+7 (984) 333-32-49,https://master-na-dom.online/sborka-mebeli-simferopol,sborka-mebeli-simferopol,Сборка мебели в Симферополе — вызов мастера на дом | ПроМастер,"Сборка мебели в Симферополе с выездом на дом. Сборка шкафов, кухонь, кроватей и стеллажей. Аккуратно и со своим инструментом. Звоните!"
Среднеуральск,Ремонт стиральных машин,remont-stiralnyh-mashin,+7 (969) 999-24-97,https://master-na-dom.online/remont-stiralnyh-mashin-sredneuralsk,remont-stiralnyh-mashin-sredneuralsk,Ремонт стиральных машин в Среднеуральске | ПроМастер,"Ремонт стиральных машин в Среднеуральске с выездом на дом. Samsung, LG, Bosch, Indesit и другие марки. Диагностика бесплатно. Гарантия на ремонт. Звоните!"
Среднеуральск,Ремонт холодильников,remont-holodilnikov,+7 (969) 999-24-97,https://master-na-dom.online/remont-holodilnikov-sredneuralsk,remont-holodilnikov-sredneuralsk,Ремонт холодильников в Среднеуральске | ПроМастер,"Ремонт холодильников в Среднеуральске с выездом на дом. Samsung, LG, Bosch, Atlant и другие марки. Диагностика бесплатно. Гарантия на ремонт. Звоните!"
Среднеуральск,Ремонт посудомоечных машин,remont-pmm,+7 (969) 999-24-97,https://master-na-dom.online/remont-pmm-sredneuralsk,remont-pmm-sredneuralsk,Ремонт посудомоечных машин в Среднеуральске | ПроМастер,"Ремонт посудомоечных машин в Среднеуральске с выездом на дом. Bosch, Siemens, Electrolux и другие марки. Диагностика бесплатно. Звоните!"
Среднеуральск,Ремонт кондиционеров,remont-kondicionerov,+7 (969) 999-24-97,https://master-na-dom.online/remont-kondicionerov-sredneuralsk,remont-kondicionerov-sredneuralsk,Ремонт кондиционеров в Среднеуральске | ПроМастер,"Ремонт кондиционеров в Среднеуральске с выездом на дом. Обслуживание, заправка фреоном, ремонт сплит-систем. Гарантия на работы. Звоните!"
Среднеуральск,Компьютерная помощь,kp,+7 (986) 089-07-04,https://master-na-dom.online/kp-sredneuralsk,kp-sredneuralsk,Компьютерная помощь в Среднеуральске | ПроМастер,"Компьютерная помощь в Среднеуральске с выездом на дом. Настройка ПК, удаление вирусов, восстановление данных. Выезд мастера на дом. Звоните!"
Среднеуральск,Ремонт телевизоров,remont-televizorov,+7 (986) 089-07-04,https://master-na-dom.online/remont-televizorov-sredneuralsk,remont-televizorov-sredneuralsk,Ремонт телевизоров в Среднеуральске | ПроМастер,"Ремонт телевизоров в Среднеуральске с выездом на дом. Ремонт LED, OLED, Smart TV. Диагностика бесплатно. Гарантия на ремонт. Звоните!"
Среднеуральск,Ремонт варочных панелей,remont-varochnyh-panelej,+7 (969) 999-24-97,https://master-na-dom.online/remont-varochnyh-panelej-sredneuralsk,remont-varochnyh-panelej-sredneuralsk,Ремонт варочных панелей в Среднеуральске | ПроМастер,"Ремонт варочных панелей в Среднеуральске с выездом на дом. Индукционные, электрические и газовые панели. Гарантия на ремонт. Звоните!"
Среднеуральск,Ремонт духовых шкафов,remont-duhovyh-shkafov,+7 (969) 999-24-97,https://master-na-dom.online/remont-duhovyh-shkafov-sredneuralsk,remont-duhovyh-shkafov-sredneuralsk,Ремонт духовых шкафов в Среднеуральске | ПроМастер,Ремонт духовых шкафов в Среднеуральске с выездом на дом. Электрические и газовые духовки. Диагностика бесплатно. Звоните!
Среднеуральск,Ремонт водонагревателей,remont-vodonagrevatelej,+7 (969) 999-24-97,https://master-na-dom.online/remont-vodonagrevatelej-sredneuralsk,remont-vodonagrevatelej-sredneuralsk,Ремонт водонагревателей в Среднеуральске | ПроМастер,Ремонт водонагревателей в Среднеуральске с выездом на дом. Ремонт бойлеров и проточных водонагревателей. Гарантия на работы. Звоните!
Среднеуральск,Ремонт кофемашин,remont-kofemashin,+7 (969) 999-24-97,https://master-na-dom.online/remont-kofemashin-sredneuralsk,remont-kofemashin-sredneuralsk,Ремонт кофемашин в Среднеуральске | ПроМастер,"Ремонт кофемашин в Среднеуральске с выездом на дом. DeLonghi, Saeco, Bosch, Jura и другие марки. Диагностика бесплатно. Звоните!"
Среднеуральск,Дезинфекция,dezinfekciya,+7 (984) 333-32-49,https://master-na-dom.online/dezinfekciya-sredneuralsk,dezinfekciya-sredneuralsk,Дезинфекция в Среднеуральске — вызов мастера на дом | ПроМастер,"Дезинфекция в Среднеуральске с выездом на дом. Уничтожение насекомых, грызунов и плесени. Безопасные препараты, гарантия результата. Звоните!"
Среднеуральск,Электрик,elektrik,+7 (984) 333-32-49,https://master-na-dom.online/elektrik-sredneuralsk,elektrik-sredneuralsk,Электрик в Среднеуральске | ПроМастер,"Электрик в Среднеуральске с выездом на дом. Замена проводки, установка розеток, поиск неисправностей. Гарантия на работы. Звоните!"
Среднеуральск,Сантехник,santehnik,+7 (984) 333-32-49,https://master-na-dom.online/santehnik-sredneuralsk,santehnik-sredneuralsk,Сантехник в Среднеуральске | ПроМастер,"Сантехник в Среднеуральске с выездом на дом. Устранение протечек, замена смесителей, прочистка канализации. Гарантия на работы. Звоните!"
Среднеуральск,Мастер на час,master-na-chas,+7 (984) 333-32-49,https://master-na-dom.online/master-na-chas-sredneuralsk,master-na-chas-sredneuralsk,Мастер на час в Среднеуральске | ПроМастер,"Мастер на час в Среднеуральске с выездом на дом. Мелкий ремонт, сборка мебели, навешивание полок. Выезд за 30 минут. Звоните!"
Среднеуральск,Ремонт окон,remont-okon,+7 (984) 333-32-49,https://master-na-dom.online/remont-okon-sredneuralsk,remont-okon-sredneuralsk,Ремонт окон в Среднеуральске | ПроМастер,"Ремонт окон в Среднеуральске с выездом на дом. Регулировка фурнитуры, замена уплотнителя, устранение продувания. Звоните!"
Среднеуральск,Клининг,klining,+7 (984) 333-32-49,https://master-na-dom.online/klining-sredneuralsk,klining-sredneuralsk,Клининг в Среднеуральске — вызов мастера на дом | ПроМастер,"Клининг в Среднеуральске с выездом на дом. Генеральная уборка, уборка после ремонта, мытьё окон. Профессиональная химия и оборудование. Звоните!"
Среднеуральск,Сборка мебели,sborka-mebeli,+7 (984) 333-32-49,https://master-na-dom.online/sborka-mebeli-sredneuralsk,sborka-mebeli-sredneuralsk,Сборка мебели в Среднеуральске — вызов мастера на дом | ПроМастер,"Сборка мебели в Среднеуральске с выездом на дом. Сборка шкафов, кухонь, кроватей и стеллажей. Аккуратно и со своим инструментом. Звоните!"
Ставрополь,Ремонт стиральных машин,remont-stiralnyh-mashin,+7 (969) 999-24-97,https://master-na-dom.online/remont-stiralnyh-mashin-stavropol,remont-stiralnyh-mashin-stavropol,Ремонт стиральных машин в Ставрополе | ПроМастер,"Ремонт стиральных машин в Ставрополе с выездом на дом. Samsung, LG, Bosch, Indesit и другие марки. Диагностика бесплатно. Гарантия на ремонт. Звоните!"
Ставрополь,Ремонт холодильников,remont-holodilnikov,+7 (969) 999-24-97,https://master-na-dom.online/remont-holodilnikov-stavropol,remont-holodilnikov-stavropol,Ремонт холодильников в Ставрополе | ПроМастер,"Ремонт холодильников в Ставрополе с выездом на дом. Samsung, LG, Bosch, Atlant и другие марки. Диагностика бесплатно. Гарантия на ремонт. Звоните!"
Ставрополь,Ремонт посудомоечных машин,remont-pmm,+7 (969) 999-24-97,https://master-na-dom.online/remont-pmm-stavropol,remont-pmm-stavropol,Ремонт посудомоечных машин в Ставрополе | ПроМастер,"Ремонт посудомоечных машин в Ставрополе с выездом на дом. Bosch, Siemens, Electrolux и другие марки. Диагностика бесплатно. Звоните!"
Ставрополь,Ремонт кондиционеров,remont-kondicionerov,+7 (969) 999-24-97,https://master-na-dom.online/remont-kondicionerov-stavropol,remont-kondicionerov-stavropol,Ремонт кондиционеров в Ставрополе | ПроМастер,"Ремонт кондиционеров в Ставрополе с выездом на дом. Обслуживание, заправка фреоном, ремонт сплит-систем. Гарантия на работы. Звоните!"
Ставрополь,Компьютерная помощь,kp,+7 (986) 089-07-04,https://master-na-dom.online/kp-stavropol,kp-stavropol,Компьютерная помощь в Ставрополе | ПроМастер,"Компьютерная помощь в Ставрополе с выездом на дом. Настройка ПК, удаление вирусов, восстановление данных. Выезд мастера на дом. Звоните!"
Ставрополь,Ремонт телевизоров,remont-televizorov,+7 (986) 089-07-04,https://master-na-dom.online/remont-televizorov-stavropol,remont-televizorov-stavropol,Ремонт телевизоров в Ставрополе | ПроМастер,"Ремонт телевизоров в Ставрополе с выездом на дом. Ремонт LED, OLED, Smart TV. Диагностика бесплатно. Гарантия на ремонт. Звоните!"
Ставрополь,Ремонт варочных панелей,remont-varochnyh-panelej,+7 (969) 999-24-97,https://master-na-dom.online/remont-varochnyh-panelej-stavropol,remont-varochnyh-panelej-stavropol,Ремонт варочных панелей в Ставрополе | ПроМастер,"Ремонт варочных панелей в Ставрополе с выездом на дом. Индукционные, электрические и газовые панели. Гарантия на ремонт. Звоните!"
Ставрополь,Ремонт духовых шкафов,remont-duhovyh-shkafov,+7 (969) 999-24-97,https://master-na-dom.online/remont-duhovyh-shkafov-stavropol,remont-duhovyh-shkafov-stavropol,Ремонт духовых шкафов в Ставрополе | ПроМастер,Ремонт духовых шкафов в Ставрополе с выездом на дом. Электрические и газовые духовки. Диагностика бесплатно. Звоните!
Ставрополь,Ремонт водонагревателей,remont-vodonagrevatelej,+7 (969) 999-24-97,https://master-na-dom.online/remont-vodonagrevatelej-stavropol,remont-vodonagrevatelej-stavropol,Ремонт водонагревателей в Ставрополе | ПроМастер,Ремонт водонагревателей в Ставрополе с выездом на дом. Ремонт бойлеров и проточных водонагревателей. Гарантия на работы. Звоните!
Ставрополь,Ремонт кофемашин,remont-kofemashin,+7 (969) 999-24-97,https://master-na-dom.online/remont-kofemashin-stavropol,remont-kofemashin-stavropol,Ремонт кофемашин в Ставрополе | ПроМастер,"Ремонт кофемашин в Ставрополе с выездом на дом. DeLonghi, Saeco, Bosch, Jura и другие марки. Диагностика бесплатно. Звоните!"
Ставрополь,Дезинфекция,dezinfekciya,+7 (984) 333-32-49,https://master-na-dom.online/dezinfekciya-stavropol,dezinfekciya-stavropol,Дезинфекция в Ставрополе — вызов мастера на дом | ПроМастер,"Дезинфекция в Ставрополе с выездом на дом. Уничтожение насекомых, грызунов и плесени. Безопасные препараты, гарантия результата. Звоните!"
Ставрополь,Электрик,elektrik,+7 (984) 333-32-49,https://master-na-dom.online/elektrik-stavropol,elektrik-stavropol,Электрик в Ставрополе | ПроМастер,"Электрик в Ставрополе с выездом на дом. Замена проводки, установка розеток, поиск неисправностей. Гарантия на работы. Звоните!"
Ставрополь,Сантехник,santehnik,+7 (984) 333-32-49,https://master-na-dom.online/santehnik-stavropol,santehnik-stavropol,Сантехник в Ставрополе | ПроМастер,"Сантехник в Ставрополе с выездом на дом. Устранение протечек, замена смесителей, прочистка канализации. Гарантия на работы. Звоните!"
Ставрополь,Мастер на час,master-na-chas,+7 (984) 333-32-49,https://master-na-dom.online/master-na-chas-stavropol,master-na-chas-stavropol,Мастер на час в Ставрополе | ПроМастер,"Мастер на час в Ставрополе с выездом на дом. Мелкий ремонт, сборка мебели, навешивание полок. Выезд за 30 минут. Звоните!"
Ставрополь,Ремонт окон,remont-okon,+7 (984) 333-32-49,https://master-na-dom.online/remont-okon-stavropol,remont-okon-stavropol,Ремонт окон в Ставрополе | ПроМастер,"Ремонт окон в Ставрополе с выездом на дом. Регулировка фурнитуры, замена уплотнителя, устранение продувания. Звоните!"
Ставрополь,Клининг,klining,+7 (984) 333-32-49,https://master-na-dom.online/klining-stavropol,klining-stavropol,Клининг в Ставрополе — вызов мастера на дом | ПроМастер,"Клининг в Ставрополе с выездом на дом. Генеральная уборка, уборка после ремонта, мытьё окон. Профессиональная химия и оборудование. Звоните!"
Ставрополь,Сборка мебели,sborka-mebeli,+7 (984) 333-32-49,https://master-na-dom.online/sborka-mebeli-stavropol,sborka-mebeli-stavropol,Сборка мебели в Ставрополе — вызов мастера на дом | ПроМастер,"Сборка мебели в Ставрополе с выездом на дом. Сборка шкафов, кухонь, кроватей и стеллажей. Аккуратно и со своим инструментом. Звоните!"
Сыктывкар,Ремонт стиральных машин,remont-stiralnyh-mashin,+7 (969) 999-24-97,https://master-na-dom.online/remont-stiralnyh-mashin-syktyvkar,remont-stiralnyh-mashin-syktyvkar,Ремонт стиральных машин в Сыктывкаре | ПроМастер,"Ремонт стиральных машин в Сыктывкаре с выездом на дом. Samsung, LG, Bosch, Indesit и другие марки. Диагностика бесплатно. Гарантия на ремонт. Звоните!"
Сыктывкар,Ремонт холодильников,remont-holodilnikov,+7 (969) 999-24-97,https://master-na-dom.online/remont-holodilnikov-syktyvkar,remont-holodilnikov-syktyvkar,Ремонт холодильников в Сыктывкаре | ПроМастер,"Ремонт холодильников в Сыктывкаре с выездом на дом. Samsung, LG, Bosch, Atlant и другие марки. Диагностика бесплатно. Гарантия на ремонт. Звоните!"
Сыктывкар,Ремонт посудомоечных машин,remont-pmm,+7 (969) 999-24-97,https://master-na-dom.online/remont-pmm-syktyvkar,remont-pmm-syktyvkar,Ремонт посудомоечных машин в Сыктывкаре | ПроМастер,"Ремонт посудомоечных машин в Сыктывкаре с выездом на дом. Bosch, Siemens, Electrolux и другие марки. Диагностика бесплатно. Звоните!"
Сыктывкар,Ремонт кондиционеров,remont-kondicionerov,+7 (969) 999-24-97,https://master-na-dom.online/remont-kondicionerov-syktyvkar,remont-kondicionerov-syktyvkar,Ремонт кондиционеров в Сыктывкаре | ПроМастер,"Ремонт кондиционеров в Сыктывкаре с выездом на дом. Обслуживание, заправка фреоном, ремонт сплит-систем. Гарантия на работы. Звоните!"
Сыктывкар,Компьютерная помощь,kp,+7 (986) 089-07-04,https://master-na-dom.online/kp-syktyvkar,kp-syktyvkar,Компьютерная помощь в Сыктывкаре | ПроМастер,"Компьютерная помощь в Сыктывкаре с выездом на дом. Настройка ПК, удаление вирусов, восстановление данных. Выезд мастера на дом. Звоните!"
Сыктывкар,Ремонт телевизоров,remont-televizorov,+7 (986) 089-07-04,https://master-na-dom.online/remont-televizorov-syktyvkar,remont-televizorov-syktyvkar,Ремонт телевизоров в Сыктывкаре | ПроМастер,"Ремонт телевизоров в Сыктывкаре с выездом на дом. Ремонт LED, OLED, Smart TV. Диагностика бесплатно. Гарантия на ремонт. Звоните!"
Сыктывкар,Ремонт варочных панелей,remont-varochnyh-panelej,+7 (969) 999-24-97,https://master-na-dom.online/remont-varochnyh-panelej-syktyvkar,remont-varochnyh-panelej-syktyvkar,Ремонт варочных панелей в Сыктывкаре | ПроМастер,"Ремонт варочных панелей в Сыктывкаре с выездом на дом. Индукционные, электрические и газовые панели. Гарантия на ремонт. Звоните!"
Сыктывкар,Ремонт духовых шкафов,remont-duhovyh-shkafov,+7 (969) 999-24-97,https://master-na-dom.online/remont-duhovyh-shkafov-syktyvkar,remont-duhovyh-shkafov-syktyvkar,Ремонт духовых шкафов в Сыктывкаре | ПроМастер,Ремонт духовых шкафов в Сыктывкаре с выездом на дом. Электрические и газовые духовки. Диагностика бесплатно. Звоните!
Сыктывкар,Ремонт водонагревателей,remont-vodonagrevatelej,+7 (969) 999-24-97,https://master-na-dom.online/remont-vodonagrevatelej-syktyvkar,remont-vodonagrevatelej-syktyvkar,Ремонт водонагревателей в Сыктывкаре | ПроМастер,Ремонт водонагревателей в Сыктывкаре с выездом на дом. Ремонт бойлеров и проточных водонагревателей. Гарантия на работы. Звоните!
Сыктывкар,Ремонт кофемашин,remont-kofemashin,+7 (969) 999-24-97,https://master-na-dom.online/remont-kofemashin-syktyvkar,remont-kofemashin-syktyvkar,Ремонт кофемашин в Сыктывкаре | ПроМастер,"Ремонт кофемашин в Сыктывкаре с выездом на дом. DeLonghi, Saeco, Bosch, Jura и другие марки. Диагностика бесплатно. Звоните!"
Сыктывкар,Дезинфекция,dezinfekciya,+7 (984) 333-32-49,https://master-na-dom.online/dezinfekciya-syktyvkar,dezinfekciya-syktyvkar,Дезинфекция в Сыктывкаре — вызов мастера на дом | ПроМастер,"Дезинфекция в Сыктывкаре с выездом на дом. Уничтожение насекомых, грызунов и плесени. Безопасные препараты, гарантия результата. Звоните!"
Сыктывкар,Электрик,elektrik,+7 (984) 333-32-49,https://master-na-dom.online/elektrik-syktyvkar,elektrik-syktyvkar,Электрик в Сыктывкаре | ПроМастер,"Электрик в Сыктывкаре с выездом на дом. Замена проводки, установка розеток, поиск неисправностей. Гарантия на работы. Звоните!"
Сыктывкар,Сантехник,santehnik,+7 (984) 333-32-49,https://master-na-dom.online/santehnik-syktyvkar,santehnik-syktyvkar,Сантехник в Сыктывкаре | ПроМастер,"Сантехник в Сыктывкаре с выездом на дом. Устранение протечек, замена смесителей, прочистка канализации. Гарантия на работы. Звоните!"
Сыктывкар,Мастер на час,master-na-chas,+7 (984) 333-32-49,https://master-na-dom.online/master-na-chas-syktyvkar,master-na-chas-syktyvkar,Мастер на час в Сыктывкаре | ПроМастер,"Мастер на час в Сыктывкаре с выездом на дом. Мелкий ремонт, сборка мебели, навешивание полок. Выезд за 30 минут. Звоните!"
Сыктывкар,Ремонт окон,remont-okon,+7 (984) 333-32-49,https://master-na-dom.online/remont-okon-syktyvkar,remont-okon-syktyvkar,Ремонт окон в Сыктывкаре | ПроМастер,"Ремонт окон в Сыктывкаре с выездом на дом. Регулировка фурнитуры, замена уплотнителя, устранение продувания. Звоните!"
Сыктывкар,Клининг,klining,+7 (984) 333-32-49,https://master-na-dom.online/klining-syktyvkar,klining-syktyvkar,Клининг в Сыктывкаре — вызов мастера на дом | ПроМастер,"Клининг в Сыктывкаре с выездом на дом. Генеральная уборка, уборка после ремонта, мытьё окон. Профессиональная химия и оборудование. Звоните!"
Сыктывкар,Сборка мебели,sborka-mebeli,+7 (984) 333-32-49,https://master-na-dom.online/sborka-mebeli-syktyvkar,sborka-mebeli-syktyvkar,Сборка мебели в Сыктывкаре — вызов мастера на дом | ПроМастер,"Сборка мебели в Сыктывкаре с выездом на дом. Сборка шкафов, кухонь, кроватей и стеллажей. Аккуратно и со своим инструментом. Звоните!"
Таганрог,Ремонт стиральных машин,remont-stiralnyh-mashin,+7 (969) 999-24-97,https://master-na-dom.online/remont-stiralnyh-mashin-taganrog,remont-stiralnyh-mashin-taganrog,Ремонт стиральных машин в Таганроге | ПроМастер,"Ремонт стиральных машин в Таганроге с выездом на дом. Samsung, LG, Bosch, Indesit и другие марки. Диагностика бесплатно. Гарантия на ремонт. Звоните!"
Таганрог,Ремонт холодильников,remont-holodilnikov,+7 (969) 999-24-97,https://master-na-dom.online/remont-holodilnikov-taganrog,remont-holodilnikov-taganrog,Ремонт холодильников в Таганроге | ПроМастер,"Ремонт холодильников в Таганроге с выездом на дом. Samsung, LG, Bosch, Atlant и другие марки. Диагностика бесплатно. Гарантия на ремонт. Звоните!"
Таганрог,Ремонт посудомоечных машин,remont-pmm,+7 (969) 999-24-97,https://master-na-dom.online/remont-pmm-taganrog,remont-pmm-taganrog,Ремонт посудомоечных машин в Таганроге | ПроМастер,"Ремонт посудомоечных машин в Таганроге с выездом на дом. Bosch, Siemens, Electrolux и другие марки. Диагностика бесплатно. Звоните!"
Таганрог,Ремонт кондиционеров,remont-kondicionerov,+7 (969) 999-24-97,https://master-na-dom.online/remont-kondicionerov-taganrog,remont-kondicionerov-taganrog,Ремонт кондиционеров в Таганроге | ПроМастер,"Ремонт кондиционеров в Таганроге с выездом на дом. Обслуживание, заправка фреоном, ремонт сплит-систем. Гарантия на работы. Звоните!"
Таганрог,Компьютерная помощь,kp,+7 (986) 089-07-04,https://master-na-dom.online/kp-taganrog,kp-taganrog,Компьютерная помощь в Таганроге | ПроМастер,"Компьютерная помощь в Таганроге с выездом на дом. Настройка ПК, удаление вирусов, восстановление данных. Выезд мастера на дом. Звоните!"
Таганрог,Ремонт телевизоров,remont-televizorov,+7 (986) 089-07-04,https://master-na-dom.online/remont-televizorov-taganrog,remont-televizorov-taganrog,Ремонт телевизоров в Таганроге | ПроМастер,"Ремонт телевизоров в Таганроге с выездом на дом. Ремонт LED, OLED, Smart TV. Диагностика бесплатно. Гарантия на ремонт. Звоните!"
Таганрог,Ремонт варочных панелей,remont-varochnyh-panelej,+7 (969) 999-24-97,https://master-na-dom.online/remont-varochnyh-panelej-taganrog,remont-varochnyh-panelej-taganrog,Ремонт варочных панелей в Таганроге | ПроМастер,"Ремонт варочных панелей в Таганроге с выездом на дом. Индукционные, электрические и газовые панели. Гарантия на ремонт. Звоните!"
Таганрог,Ремонт духовых шкафов,remont-duhovyh-shkafov,+7 (969) 999-24-97,https://master-na-dom.online/remont-duhovyh-shkafov-taganrog,remont-duhovyh-shkafov-taganrog,Ремонт духовых шкафов в Таганроге | ПроМастер,Ремонт духовых шкафов в Таганроге с выездом на дом. Электрические и газовые духовки. Диагностика бесплатно. Звоните!
Таганрог,Ремонт водонагревателей,remont-vodonagrevatelej,+7 (969) 999-24-97,https://master-na-dom.online/remont-vodonagrevatelej-taganrog,remont-vodonagrevatelej-taganrog,Ремонт водонагревателей в Таганроге | ПроМастер,Ремонт водонагревателей в Таганроге с выездом на дом. Ремонт бойлеров и проточных водонагревателей. Гарантия на работы. Звоните!
Таганрог,Ремонт кофемашин,remont-kofemashin,+7 (969) 999-24-97,https://master-na-dom.online/remont-kofemashin-taganrog,remont-kofemashin-taganrog,Ремонт кофемашин в Таганроге | ПроМастер,"Ремонт кофемашин в Таганроге с выездом на дом. DeLonghi, Saeco, Bosch, Jura и другие марки. Диагностика бесплатно. Звоните!"
Таганрог,Дезинфекция,dezinfekciya,+7 (984) 333-32-49,https://master-na-dom.online/dezinfekciya-taganrog,dezinfekciya-taganrog,Дезинфекция в Таганроге — вызов мастера на дом | ПроМастер,"Дезинфекция в Таганроге с выездом на дом. Уничтожение насекомых, грызунов и плесени. Безопасные препараты, гарантия результата. Звоните!"
Таганрог,Электрик,elektrik,+7 (984) 333-32-49,https://master-na-dom.online/elektrik-taganrog,elektrik-taganrog,Электрик в Таганроге | ПроМастер,"Электрик в Таганроге с выездом на дом. Замена проводки, установка розеток, поиск неисправностей. Гарантия на работы. Звоните!"
Таганрог,Сантехник,santehnik,+7 (984) 333-32-49,https://master-na-dom.online/santehnik-taganrog,santehnik-taganrog,Сантехник в Таганроге | ПроМастер,"Сантехник в Таганроге с выездом на дом. Устранение протечек, замена смесителей, прочистка канализации. Гарантия на работы. Звоните!"
Таганрог,Мастер на час,master-na-chas,+7 (984) 333-32-49,https://master-na-dom.online/master-na-chas-taganrog,master-na-chas-taganrog,Мастер на час в Таганроге | ПроМастер,"Мастер на час в Таганроге с выездом на дом. Мелкий ремонт, сборка мебели, навешивание полок. Выезд за 30 минут. Звоните!"
Таганрог,Ремонт окон,remont-okon,+7 (984) 333-32-49,https://master-na-dom.online/remont-okon-taganrog,remont-okon-taganrog,Ремонт окон в Таганроге | ПроМастер,"Ремонт окон в Таганроге с выездом на дом. Регулировка фурнитуры, замена уплотнителя, устранение продувания. Звоните!"
Таганрог,Клининг,klining,+7 (984) 333-32-49,https://master-na-dom.online/klining-taganrog,klining-taganrog,Клининг в Таганроге — вызов мастера на дом | ПроМастер,"Клининг в Таганроге с выездом на дом. Генеральная уборка, уборка после ремонта, мытьё окон. Профессиональная химия и оборудование. Звоните!"
Таганрог,Сборка мебели,sborka-mebeli,+7 (984) 333-32-49,https://master-na-dom.online/sborka-mebeli-taganrog,sborka-mebeli-taganrog,Сборка мебели в Таганроге — вызов мастера на дом | ПроМастер,"Сборка мебели в Таганроге с выездом на дом. Сборка шкафов, кухонь, кроватей и стеллажей. Аккуратно и со своим инструментом. Звоните!"
Тверь,Ремонт стиральных машин,remont-stiralnyh-mashin,+7 (969) 999-24-97,https://master-na-dom.online/remont-stiralnyh-mashin-tver,remont-stiralnyh-mashin-tver,Ремонт стиральных машин в Твери | ПроМастер,"Ремонт стиральных машин в Твери с выездом на дом. Samsung, LG, Bosch, Indesit и другие марки. Диагностика бесплатно. Гарантия на ремонт. Звоните!"
Тверь,Ремонт холодильников,remont-holodilnikov,+7 (969) 999-24-97,https://master-na-dom.online/remont-holodilnikov-tver,remont-holodilnikov-tver,Ремонт холодильников в Твери | ПроМастер,"Ремонт холодильников в Твери с выездом на дом. Samsung, LG, Bosch, Atlant и другие марки. Диагностика бесплатно. Гарантия на ремонт. Звоните!"
Тверь,Ремонт посудомоечных машин,remont-pmm,+7 (969) 999-24-97,https://master-na-dom.online/remont-pmm-tver,remont-pmm-tver,Ремонт посудомоечных машин в Твери | ПроМастер,"Ремонт посудомоечных машин в Твери с выездом на дом. Bosch, Siemens, Electrolux и другие марки. Диагностика бесплатно. Звоните!"
Тверь,Ремонт кондиционеров,remont-kondicionerov,+7 (969) 999-24-97,https://master-na-dom.online/remont-kondicionerov-tver,remont-kondicionerov-tver,Ремонт кондиционеров в Твери | ПроМастер,"Ремонт кондиционеров в Твери с выездом на дом. Обслуживание, заправка фреоном, ремонт сплит-систем. Гарантия на работы. Звоните!"
Тверь,Компьютерная помощь,kp,+7 (986) 089-07-04,https://master-na-dom.online/kp-tver,kp-tver,Компьютерная помощь в Твери | ПроМастер,"Компьютерная помощь в Твери с выездом на дом. Настройка ПК, удаление вирусов, восстановление данных. Выезд мастера на дом. Звоните!"
Тверь,Ремонт телевизоров,remont-televizorov,+7 (986) 089-07-04,https://master-na-dom.online/remont-televizorov-tver,remont-televizorov-tver,Ремонт телевизоров в Твери | ПроМастер,"Ремонт телевизоров в Твери с выездом на дом. Ремонт LED, OLED, Smart TV. Диагностика бесплатно. Гарантия на ремонт. Звоните!"
Тверь,Ремонт варочных панелей,remont-varochnyh-panelej,+7 (969) 999-24-97,https://master-na-dom.online/remont-varochnyh-panelej-tver,remont-varochnyh-panelej-tver,Ремонт варочных панелей в Твери | ПроМастер,"Ремонт варочных панелей в Твери с выездом на дом. Индукционные, электрические и газовые панели. Гарантия на ремонт. Звоните!"
Тверь,Ремонт духовых шкафов,remont-duhovyh-shkafov,+7 (969) 999-24-97,https://master-na-dom.online/remont-duhovyh-shkafov-tver,remont-duhovyh-shkafov-tver,Ремонт духовых шкафов в Твери | ПроМастер,Ремонт духовых шкафов в Твери с выездом на дом. Электрические и газовые духовки. Диагностика бесплатно. Звоните!
Тверь,Ремонт водонагревателей,remont-vodonagrevatelej,+7 (969) 999-24-97,https://master-na-dom.online/remont-vodonagrevatelej-tver,remont-vodonagrevatelej-tver,Ремонт водонагревателей в Твери | ПроМастер,Ремонт водонагревателей в Твери с выездом на дом. Ремонт бойлеров и проточных водонагревателей. Гарантия на работы. Звоните!
Тверь,Ремонт кофемашин,remont-kofemashin,+7 (969) 999-24-97,https://master-na-dom.online/remont-kofemashin-tver,remont-kofemashin-tver,Ремонт кофемашин в Твери | ПроМастер,"Ремонт кофемашин в Твери с выездом на дом. DeLonghi, Saeco, Bosch, Jura и другие марки. Диагностика бесплатно. Звоните!"
Тверь,Дезинфекция,dezinfekciya,+7 (984) 333-32-49,https://master-na-dom.online/dezinfekciya-tver,dezinfekciya-tver,Дезинфекция в Твери — вызов мастера на дом | ПроМастер,"Дезинфекция в Твери с выездом на дом. Уничтожение насекомых, грызунов и плесени. Безопасные препараты, гарантия результата. Звоните!"
Тверь,Электрик,elektrik,+7 (984) 333-32-49,https://master-na-dom.online/elektrik-tver,elektrik-tver,Электрик в Твери | ПроМастер,"Электрик в Твери с выездом на дом. Замена проводки, установка розеток, поиск неисправностей. Гарантия на работы. Звоните!"
Тверь,Сантехник,santehnik,+7 (984) 333-32-49,https://master-na-dom.online/santehnik-tver,santehnik-tver,Сантехник в Твери | ПроМастер,"Сантехник в Твери с выездом на дом. Устранение протечек, замена смесителей, прочистка канализации. Гарантия на работы. Звоните!"
Тверь,Мастер на час,master-na-chas,+7 (984) 333-32-49,https://master-na-dom.online/master-na-chas-tver,master-na-chas-tver,Мастер на час в Твери | ПроМастер,"Мастер на час в Твери с выездом на дом. Мелкий ремонт, сборка мебели, навешивание полок. Выезд за 30 минут. Звоните!"
Тверь,Ремонт окон,remont-okon,+7 (984) 333-32-49,https://master-na-dom.online/remont-okon-tver,remont-okon-tver,Ремонт окон в Твери | ПроМастер,"Ремонт окон в Твери с выездом на дом. Регулировка фурнитуры, замена уплотнителя, устранение продувания. Звоните!"
Тверь,Клининг,klining,+7 (984) 333-32-49,https://master-na-dom.online/klining-tver,klining-tver,Клининг в Твери — вызов мастера на дом | ПроМастер,"Клининг в Твери с выездом на дом. Генеральная уборка, уборка после ремонта, мытьё окон. Профессиональная химия и оборудование. Звоните!"
Тверь,Сборка мебели,sborka-mebeli,+7 (984) 333-32-49,https://master-na-dom.online/sborka-mebeli-tver,sborka-mebeli-tver,Сборка мебели в Твери — вызов мастера на дом | ПроМастер,"Сборка мебели в Твери с выездом на дом. Сборка шкафов, кухонь, кроватей и стеллажей. Аккуратно и со своим инструментом. Звоните!"
Тольятти,Ремонт стиральных машин,remont-stiralnyh-mashin,+7 (969) 999-24-97,https://master-na-dom.online/remont-stiralnyh-mashin-tolyatti,remont-stiralnyh-mashin-tolyatti,Ремонт стиральных машин в Тольятти | ПроМастер,"Ремонт стиральных машин в Тольятти с выездом на дом. Samsung, LG, Bosch, Indesit и другие марки. Диагностика бесплатно. Гарантия на ремонт. Звоните!"
Тольятти,Ремонт холодильников,remont-holodilnikov,+7 (969) 999-24-97,https://master-na-dom.online/remont-holodilnikov-tolyatti,remont-holodilnikov-tolyatti,Ремонт холодильников в Тольятти | ПроМастер,"Ремонт холодильников в Тольятти с выездом на дом. Samsung, LG, Bosch, Atlant и другие марки. Диагностика бесплатно. Гарантия на ремонт. Звоните!"
Тольятти,Ремонт посудомоечных машин,remont-pmm,+7 (969) 999-24-97,https://master-na-dom.online/remont-pmm-tolyatti,remont-pmm-tolyatti,Ремонт посудомоечных машин в Тольятти | ПроМастер,"Ремонт посудомоечных машин в Тольятти с выездом на дом. Bosch, Siemens, Electrolux и другие марки. Диагностика бесплатно. Звоните!"
Тольятти,Ремонт кондиционеров,remont-kondicionerov,+7 (969) 999-24-97,https://master-na-dom.online/remont-kondicionerov-tolyatti,remont-kondicionerov-tolyatti,Ремонт кондиционеров в Тольятти | ПроМастер,"Ремонт кондиционеров в Тольятти с выездом на дом. Обслуживание, заправка фреоном, ремонт сплит-систем. Гарантия на работы. Звоните!"
Тольятти,Компьютерная помощь,kp,+7 (986) 089-07-04,https://master-na-dom.online/kp-tolyatti,kp-tolyatti,Компьютерная помощь в Тольятти | ПроМастер,"Компьютерная помощь в Тольятти с выездом на дом. Настройка ПК, удаление вирусов, восстановление данных. Выезд мастера на дом. Звоните!"
Тольятти,Ремонт телевизоров,remont-televizorov,+7 (986) 089-07-04,https://master-na-dom.online/remont-televizorov-tolyatti,remont-televizorov-tolyatti,Ремонт телевизоров в Тольятти | ПроМастер,"Ремонт телевизоров в Тольятти с выездом на дом. Ремонт LED, OLED, Smart TV. Диагностика бесплатно. Гарантия на ремонт. Звоните!"
Тольятти,Ремонт варочных панелей,remont-varochnyh-panelej,+7 (969) 999-24-97,https://master-na-dom.online/remont-varochnyh-panelej-tolyatti,remont-varochnyh-panelej-tolyatti,Ремонт варочных панелей в Тольятти | ПроМастер,"Ремонт варочных панелей в Тольятти с выездом на дом. Индукционные, электрические и газовые панели. Гарантия на ремонт. Звоните!"
Тольятти,Ремонт духовых шкафов,remont-duhovyh-shkafov,+7 (969) 999-24-97,https://master-na-dom.online/remont-duhovyh-shkafov-tolyatti,remont-duhovyh-shkafov-tolyatti,Ремонт духовых шкафов в Тольятти | ПроМастер,Ремонт духовых шкафов в Тольятти с выездом на дом. Электрические и газовые духовки. Диагностика бесплатно. Звоните!
Тольятти,Ремонт водонагревателей,remont-vodonagrevatelej,+7 (969) 999-24-97,https://master-na-dom.online/remont-vodonagrevatelej-tolyatti,remont-vodonagrevatelej-tolyatti,Ремонт водонагревателей в Тольятти | ПроМастер,Ремонт водонагревателей в Тольятти с выездом на дом. Ремонт бойлеров и проточных водонагревателей. Гарантия на работы. Звоните!
Тольятти,Ремонт кофемашин,remont-kofemashin,+7 (969) 999-24-97,https://master-na-dom.online/remont-kofemashin-tolyatti,remont-kofemashin-tolyatti,Ремонт кофемашин в Тольятти | ПроМастер,"Ремонт кофемашин в Тольятти с выездом на дом. DeLonghi, Saeco, Bosch, Jura и другие марки. Диагностика бесплатно. Звоните!"
Тольятти,Дезинфекция,dezinfekciya,+7 (984) 333-32-49,https://master-na-dom.online/dezinfekciya-tolyatti,dezinfekciya-tolyatti,Дезинфекция в Тольятти — вызов мастера на дом | ПроМастер,"Дезинфекция в Тольятти с выездом на дом. Уничтожение насекомых, грызунов и плесени. Безопасные препараты, гарантия результата. Звоните!"
Тольятти,Электрик,elektrik,+7 (984) 333-32-49,https://master-na-dom.online/elektrik-tolyatti,elektrik-tolyatti,Электрик в Тольятти | ПроМастер,"Электрик в Тольятти с выездом на дом. Замена проводки, установка розеток, поиск неисправностей. Гарантия на работы. Звоните!"
Тольятти,Сантехник,santehnik,+7 (984) 333-32-49,https://master-na-dom.online/santehnik-tolyatti,santehnik-tolyatti,Сантехник в Тольятти | ПроМастер,"Сантехник в Тольятти с выездом на дом. Устранение протечек, замена смесителей, прочистка канализации. Гарантия на работы. Звоните!"
Тольятти,Мастер на час,master-na-chas,+7 (984) 333-32-49,https://master-na-dom.online/master-na-chas-tolyatti,master-na-chas-tolyatti,Мастер на час в Тольятти | ПроМастер,"Мастер на час в Тольятти с выездом на дом. Мелкий ремонт, сборка мебели, навешивание полок. Выезд за 30 минут. Звоните!"
Тольятти,Ремонт окон,remont-okon,+7 (984) 333-32-49,https://master-na-dom.online/remont-okon-tolyatti,remont-okon-tolyatti,Ремонт окон в Тольятти | ПроМастер,"Ремонт окон в Тольятти с выездом на дом. Регулировка фурнитуры, замена уплотнителя, устранение продувания. Звоните!"
Тольятти,Клининг,klining,+7 (984) 333-32-49,https://master-na-dom.online/klining-tolyatti,klining-tolyatti,Клининг в Тольятти — вызов мастера на дом | ПроМастер,"Клининг в Тольятти с выездом на дом. Генеральная уборка, уборка после ремонта, мытьё окон. Профессиональная химия и оборудование. Звоните!"
Тольятти,Сборка мебели,sborka-mebeli,+7 (984) 333-32-49,https://master-na-dom.online/sborka-mebeli-tolyatti,sborka-mebeli-tolyatti,Сборка мебели в Тольятти — вызов мастера на дом | ПроМастер,"Сборка мебели в Тольятти с выездом на дом. Сборка шкафов, кухонь, кроватей и стеллажей. Аккуратно и со своим инструментом. Звоните!"
Томск,Ремонт стиральных машин,remont-stiralnyh-mashin,+7 (969) 999-24-97,https://master-na-dom.online/remont-stiralnyh-mashin-tomsk,remont-stiralnyh-mashin-tomsk,Ремонт стиральных машин в Томске | ПроМастер,"Ремонт стиральных машин в Томске с выездом на дом. Samsung, LG, Bosch, Indesit и другие марки. Диагностика бесплатно. Гарантия на ремонт. Звоните!"
Томск,Ремонт холодильников,remont-holodilnikov,+7 (969) 999-24-97,https://master-na-dom.online/remont-holodilnikov-tomsk,remont-holodilnikov-tomsk,Ремонт холодильников в Томске | ПроМастер,"Ремонт холодильников в Томске с выездом на дом. Samsung, LG, Bosch, Atlant и другие марки. Диагностика бесплатно. Гарантия на ремонт. Звоните!"
Томск,Ремонт посудомоечных машин,remont-pmm,+7 (969) 999-24-97,https://master-na-dom.online/remont-pmm-tomsk,remont-pmm-tomsk,Ремонт посудомоечных машин в Томске | ПроМастер,"Ремонт посудомоечных машин в Томске с выездом на дом. Bosch, Siemens, Electrolux и другие марки. Диагностика бесплатно. Звоните!"
Томск,Ремонт кондиционеров,remont-kondicionerov,+7 (969) 999-24-97,https://master-na-dom.online/remont-kondicionerov-tomsk,remont-kondicionerov-tomsk,Ремонт кондиционеров в Томске | ПроМастер,"Ремонт кондиционеров в Томске с выездом на дом. Обслуживание, заправка фреоном, ремонт сплит-систем. Гарантия на работы. Звоните!"
Томск,Компьютерная помощь,kp,+7 (986) 089-07-04,https://master-na-dom.online/kp-tomsk,kp-tomsk,Компьютерная помощь в Томске | ПроМастер,"Компьютерная помощь в Томске с выездом на дом. Настройка ПК, удаление вирусов, восстановление данных. Выезд мастера на дом. Звоните!"
Томск,Ремонт телевизоров,remont-televizorov,+7 (986) 089-07-04,https://master-na-dom.online/remont-televizorov-tomsk,remont-televizorov-tomsk,Ремонт телевизоров в Томске | ПроМастер,"Ремонт телевизоров в Томске с выездом на дом. Ремонт LED, OLED, Smart TV. Диагностика бесплатно. Гарантия на ремонт. Звоните!"
Томск,Ремонт варочных панелей,remont-varochnyh-panelej,+7 (969) 999-24-97,https://master-na-dom.online/remont-varochnyh-panelej-tomsk,remont-varochnyh-panelej-tomsk,Ремонт варочных панелей в Томске | ПроМастер,"Ремонт варочных панелей в Томске с выездом на дом. Индукционные, электрические и газовые панели. Гарантия на ремонт. Звоните!"
Томск,Ремонт духовых шкафов,remont-duhovyh-shkafov,+7 (969) 999-24-97,https://master-na-dom.online/remont-duhovyh-shkafov-tomsk,remont-duhovyh-shkafov-tomsk,Ремонт духовых шкафов в Томске | ПроМастер,Ремонт духовых шкафов в Томске с выездом на дом. Электрические и газовые духовки. Диагностика бесплатно. Звоните!
Томск,Ремонт водонагревателей,remont-vodonagrevatelej,+7 (969) 999-24-97,https://master-na-dom.online/remont-vodonagrevatelej-tomsk,remont-vodonagrevatelej-tomsk,Ремонт водонагревателей в Томске | ПроМастер,Ремонт водонагревателей в Томске с выездом на дом. Ремонт бойлеров и проточных водонагревателей. Гарантия на работы. Звоните!
Томск,Ремонт кофемашин,remont-kofemashin,+7 (969) 999-24-97,https://master-na-dom.online/remont-kofemashin-tomsk,remont-kofemashin-tomsk,Ремонт кофемашин в Томске | ПроМастер,"Ремонт кофемашин в Томске с выездом на дом. DeLonghi, Saeco, Bosch, Jura и другие марки. Диагностика бесплатно. Звоните!"
Томск,Дезинфекция,dezinfekciya,+7 (984) 333-32-49,https://master-na-dom.online/dezinfekciya-tomsk,dezinfekciya-tomsk,Дезинфекция в Томске — вызов мастера на дом | ПроМастер,"Дезинфекция в Томске с выездом на дом. Уничтожение насекомых, грызунов и плесени. Безопасные препараты, гарантия результата. Звоните!"
Томск,Электрик,elektrik,+7 (984) 333-32-49,https://master-na-dom.online/elektrik-tomsk,elektrik-tomsk,Электрик в Томске | ПроМастер,"Электрик в Томске с выездом на дом. Замена проводки, установка розеток, поиск неисправностей. Гарантия на работы. Звоните!"
Томск,Сантехник,santehnik,+7 (984) 333-32-49,https://master-na-dom.online/santehnik-tomsk,santehnik-tomsk,Сантехник в Томске | ПроМастер,"Сантехник в Томске с выездом на дом. Устранение протечек, замена смесителей, прочистка канализации. Гарантия на работы. Звоните!"
Томск,Мастер на час,master-na-chas,+7 (984) 333-32-49,https://master-na-dom.online/master-na-chas-tomsk,master-na-chas-tomsk,Мастер на час в Томске | ПроМастер,"Мастер на час в Томске с выездом на дом. Мелкий ремонт, сборка мебели, навешивание полок. Выезд за 30 минут. Звоните!"
Томск,Ремонт окон,remont-okon,+7 (984) 333-32-49,https://master-na-dom.online/remont-okon-tomsk,remont-okon-tomsk,Ремонт окон в Томске | ПроМастер,"Ремонт окон в Томске с выездом на дом. Регулировка фурнитуры, замена уплотнителя, устранение продувания. Звоните!"
Томск,Клининг,klining,+7 (984) 333-32-49,https://master-na-dom.online/klining-tomsk,klining-tomsk,Клининг в Томске — вызов мастера на дом | ПроМастер,"Клининг в Томске с выездом на дом. Генеральная уборка, уборка после ремонта, мытьё окон. Профессиональная химия и оборудование. Звоните!"
Томск,Сборка мебели,sborka-mebeli,+7 (984) 333-32-49,https://master-na-dom.online/sborka-mebeli-tomsk,sborka-mebeli-tomsk,Сборка мебели в Томске — вызов мастера на дом | ПроМастер,"Сборка мебели в Томске с выездом на дом. Сборка шкафов, кухонь, кроватей и стеллажей. Аккуратно и со своим инструментом. Звоните!"
Ульяновск,Ремонт стиральных машин,remont-stiralnyh-mashin,+7 (969) 999-24-97,https://master-na-dom.online/remont-stiralnyh-mashin-ulyanovsk,remont-stiralnyh-mashin-ulyanovsk,Ремонт стиральных машин в Ульяновске | ПроМастер,"Ремонт стиральных машин в Ульяновске с выездом на дом. Samsung, LG, Bosch, Indesit и другие марки. Диагностика бесплатно. Гарантия на ремонт. Звоните!"
Ульяновск,Ремонт холодильников,remont-holodilnikov,+7 (969) 999-24-97,https://master-na-dom.online/remont-holodilnikov-ulyanovsk,remont-holodilnikov-ulyanovsk,Ремонт холодильников в Ульяновске | ПроМастер,"Ремонт холодильников в Ульяновске с выездом на дом. Samsung, LG, Bosch, Atlant и другие марки. Диагностика бесплатно. Гарантия на ремонт. Звоните!"
Ульяновск,Ремонт посудомоечных машин,remont-pmm,+7 (969) 999-24-97,https://master-na-dom.online/remont-pmm-ulyanovsk,remont-pmm-ulyanovsk,Ремонт посудомоечных машин в Ульяновске | ПроМастер,"Ремонт посудомоечных машин в Ульяновске с выездом на дом. Bosch, Siemens, Electrolux и другие марки. Диагностика бесплатно. Звоните!"
Ульяновск,Ремонт кондиционеров,remont-kondicionerov,+7 (969) 999-24-97,https://master-na-dom.online/remont-kondicionerov-ulyanovsk,remont-kondicionerov-ulyanovsk,Ремонт кондиционеров в Ульяновске | ПроМастер,"Ремонт кондиционеров в Ульяновске с выездом на дом. Обслуживание, заправка фреоном, ремонт сплит-систем. Гарантия на работы. Звоните!"
Ульяновск,Компьютерная помощь,kp,+7 (986) 089-07-04,https://master-na-dom.online/kp-ulyanovsk,kp-ulyanovsk,Компьютерная помощь в Ульяновске | ПроМастер,"Компьютерная помощь в Ульяновске с выездом на дом. Настройка ПК, удаление вирусов, восстановление данных. Выезд мастера на дом. Звоните!"
Ульяновск,Ремонт телевизоров,remont-televizorov,+7 (986) 089-07-04,https://master-na-dom.online/remont-televizorov-ulyanovsk,remont-televizorov-ulyanovsk,Ремонт телевизоров в Ульяновске | ПроМастер,"Ремонт телевизоров в Ульяновске с выездом на дом. Ремонт LED, OLED, Smart TV. Диагностика бесплатно. Гарантия на ремонт. Звоните!"
Ульяновск,Ремонт варочных панелей,remont-varochnyh-panelej,+7 (969) 999-24-97,https://master-na-dom.online/remont-varochnyh-panelej-ulyanovsk,remont-varochnyh-panelej-ulyanovsk,Ремонт варочных панелей в Ульяновске | ПроМастер,"Ремонт варочных панелей в Ульяновске с выездом на дом. Индукционные, электрические и газовые панели. Гарантия на ремонт. Звоните!"
Ульяновск,Ремонт духовых шкафов,remont-duhovyh-shkafov,+7 (969) 999-24-97,https://master-na-dom.online/remont-duhovyh-shkafov-ulyanovsk,remont-duhovyh-shkafov-ulyanovsk,Ремонт духовых шкафов в Ульяновске | ПроМастер,Ремонт духовых шкафов в Ульяновске с выездом на дом. Электрические и газовые духовки. Диагностика бесплатно. Звоните!
Ульяновск,Ремонт водонагревателей,remont-vodonagrevatelej,+7 (969) 999-24-97,https://master-na-dom.online/remont-vodonagrevatelej-ulyanovsk,remont-vodonagrevatelej-ulyanovsk,Ремонт водонагревателей в Ульяновске | ПроМастер,Ремонт водонагревателей в Ульяновске с выездом на дом. Ремонт бойлеров и проточных водонагревателей. Гарантия на работы. Звоните!
Ульяновск,Ремонт кофемашин,remont-kofemashin,+7 (969) 999-24-97,https://master-na-dom.online/remont-kofemashin-ulyanovsk,remont-kofemashin-ulyanovsk,Ремонт кофемашин в Ульяновске | ПроМастер,"Ремонт кофемашин в Ульяновске с выездом на дом. DeLonghi, Saeco, Bosch, Jura и другие марки. Диагностика бесплатно. Звоните!"
Ульяновск,Дезинфекция,dezinfekciya,+7 (984) 333-32-49,https://master-na-dom.online/dezinfekciya-ulyanovsk,dezinfekciya-ulyanovsk,Дезинфекция в Ульяновске — вызов мастера на дом | ПроМастер,"Дезинфекция в Ульяновске с выездом на дом. Уничтожение насекомых, грызунов и плесени. Безопасные препараты, гарантия результата. Звоните!"
Ульяновск,Электрик,elektrik,+7 (984) 333-32-49,https://master-na-dom.online/elektrik-ulyanovsk,elektrik-ulyanovsk,Электрик в Ульяновске | ПроМастер,"Электрик в Ульяновске с выездом на дом. Замена проводки, установка розеток, поиск неисправностей. Гарантия на работы. Звоните!"
Ульяновск,Сантехник,santehnik,+7 (984) 333-32-49,https://master-na-dom.online/santehnik-ulyanovsk,santehnik-ulyanovsk,Сантехник в Ульяновске | ПроМастер,"Сантехник в Ульяновске с выездом на дом. Устранение протечек, замена смесителей, прочистка канализации. Гарантия на работы. Звоните!"
Ульяновск,Мастер на час,master-na-chas,+7 (984) 333-32-49,https://master-na-dom.online/master-na-chas-ulyanovsk,master-na-chas-ulyanovsk,Мастер на час в Ульяновске | ПроМастер,"Мастер на час в Ульяновске с выездом на дом. Мелкий ремонт, сборка мебели, навешивание полок. Выезд за 30 минут. Звоните!"
Ульяновск,Ремонт окон,remont-okon,+7 (984) 333-32-49,https://master-na-dom.online/remont-okon-ulyanovsk,remont-okon-ulyanovsk,Ремонт окон в Ульяновске | ПроМастер,"Ремонт окон в Ульяновске с выездом на дом. Регулировка фурнитуры, замена уплотнителя, устранение продувания. Звоните!"
Ульяновск,Клининг,klining,+7 (984) 333-32-49,https://master-na-dom.online/klining-ulyanovsk,klining-ulyanovsk,Клининг в Ульяновске — вызов мастера на дом | ПроМастер,"Клининг в Ульяновске с выездом на дом. Генеральная уборка, уборка после ремонта, мытьё окон. Профессиональная химия и оборудование. Звоните!"
Ульяновск,Сборка мебели,sborka-mebeli,+7 (984) 333-32-49,https://master-na-dom.online/sborka-mebeli-ulyanovsk,sborka-mebeli-ulyanovsk,Сборка мебели в Ульяновске — вызов мастера на дом | ПроМастер,"Сборка мебели в Ульяновске с выездом на дом. Сборка шкафов, кухонь, кроватей и стеллажей. Аккуратно и со своим инструментом. Звоните!"
Уфа,Ремонт стиральных машин,remont-stiralnyh-mashin,+7 (969) 999-24-97,https://master-na-dom.online/remont-stiralnyh-mashin-ufa,remont-stiralnyh-mashin-ufa,Ремонт стиральных машин в Уфе | ПроМастер,"Ремонт стиральных машин в Уфе с выездом на дом. Samsung, LG, Bosch, Indesit и другие марки. Диагностика бесплатно. Гарантия на ремонт. Звоните!"
Уфа,Ремонт холодильников,remont-holodilnikov,+7 (969) 999-24-97,https://master-na-dom.online/remont-holodilnikov-ufa,remont-holodilnikov-ufa,Ремонт холодильников в Уфе | ПроМастер,"Ремонт холодильников в Уфе с выездом на дом. Samsung, LG, Bosch, Atlant и другие марки. Диагностика бесплатно. Гарантия на ремонт. Звоните!"
Уфа,Ремонт посудомоечных машин,remont-pmm,+7 (969) 999-24-97,https://master-na-dom.online/remont-pmm-ufa,remont-pmm-ufa,Ремонт посудомоечных машин в Уфе | ПроМастер,"Ремонт посудомоечных машин в Уфе с выездом на дом. Bosch, Siemens, Electrolux и другие марки. Диагностика бесплатно. Звоните!"
Уфа,Ремонт кондиционеров,remont-kondicionerov,+7 (969) 999-24-97,https://master-na-dom.online/remont-kondicionerov-ufa,remont-kondicionerov-ufa,Ремонт кондиционеров в Уфе | ПроМастер,"Ремонт кондиционеров в Уфе с выездом на дом. Обслуживание, заправка фреоном, ремонт сплит-систем. Гарантия на работы. Звоните!"
Уфа,Компьютерная помощь,kp,+7 (986) 089-07-04,https://master-na-dom.online/kp-ufa,kp-ufa,Компьютерная помощь в Уфе | ПроМастер,"Компьютерная помощь в Уфе с выездом на дом. Настройка ПК, удаление вирусов, восстановление данных. Выезд мастера на дом. Звоните!"
Уфа,Ремонт телевизоров,remont-televizorov,+7 (986) 089-07-04,https://master-na-dom.online/remont-televizorov-ufa,remont-televizorov-ufa,Ремонт телевизоров в Уфе | ПроМастер,"Ремонт телевизоров в Уфе с выездом на дом. Ремонт LED, OLED, Smart TV. Диагностика бесплатно. Гарантия на ремонт. Звоните!"
Уфа,Ремонт варочных панелей,remont-varochnyh-panelej,+7 (969) 999-24-97,https://master-na-dom.online/remont-varochnyh-panelej-ufa,remont-varochnyh-panelej-ufa,Ремонт варочных панелей в Уфе | ПроМастер,"Ремонт варочных панелей в Уфе с выездом на дом. Индукционные, электрические и газовые панели. Гарантия на ремонт. Звоните!"
Уфа,Ремонт духовых шкафов,remont-duhovyh-shkafov,+7 (969) 999-24-97,https://master-na-dom.online/remont-duhovyh-shkafov-ufa,remont-duhovyh-shkafov-ufa,Ремонт духовых шкафов в Уфе | ПроМастер,Ремонт духовых шкафов в Уфе с выездом на дом. Электрические и газовые духовки. Диагностика бесплатно. Звоните!
Уфа,Ремонт водонагревателей,remont-vodonagrevatelej,+7 (969) 999-24-97,https://master-na-dom.online/remont-vodonagrevatelej-ufa,remont-vodonagrevatelej-ufa,Ремонт водонагревателей в Уфе | ПроМастер,Ремонт водонагревателей в Уфе с выездом на дом. Ремонт бойлеров и проточных водонагревателей. Гарантия на работы. Звоните!
Уфа,Ремонт кофемашин,remont-kofemashin,+7 (969) 999-24-97,https://master-na-dom.online/remont-kofemashin-ufa,remont-kofemashin-ufa,Ремонт кофемашин в Уфе | ПроМастер,"Ремонт кофемашин в Уфе с выездом на дом. DeLonghi, Saeco, Bosch, Jura и другие марки. Диагностика бесплатно. Звоните!"
Уфа,Дезинфекция,dezinfekciya,+7 (984) 333-32-49,https://master-na-dom.online/dezinfekciya-ufa,dezinfekciya-ufa,Дезинфекция в Уфе — вызов мастера на дом | ПроМастер,"Дезинфекция в Уфе с выездом на дом. Уничтожение насекомых, грызунов и плесени. Безопасные препараты, гарантия результата. Звоните!"
Уфа,Электрик,elektrik,+7 (984) 333-32-49,https://master-na-dom.online/elektrik-ufa,elektrik-ufa,Электрик в Уфе | ПроМастер,"Электрик в Уфе с выездом на дом. Замена проводки, установка розеток, поиск неисправностей. Гарантия на работы. Звоните!"
Уфа,Сантехник,santehnik,+7 (984) 333-32-49,https://master-na-dom.online/santehnik-ufa,santehnik-ufa,Сантехник в Уфе | ПроМастер,"Сантехник в Уфе с выездом на дом. Устранение протечек, замена смесителей, прочистка канализации. Гарантия на работы. Звоните!"
Уфа,Мастер на час,master-na-chas,+7 (984) 333-32-49,https://master-na-dom.online/master-na-chas-ufa,master-na-chas-ufa,Мастер на час в Уфе | ПроМастер,"Мастер на час в Уфе с выездом на дом. Мелкий ремонт, сборка мебели, навешивание полок. Выезд за 30 минут. Звоните!"
Уфа,Ремонт окон,remont-okon,+7 (984) 333-32-49,https://master-na-dom.online/remont-okon-ufa,remont-okon-ufa,Ремонт окон в Уфе | ПроМастер,"Ремонт окон в Уфе с выездом на дом. Регулировка фурнитуры, замена уплотнителя, устранение продувания. Звоните!"
Уфа,Клининг,klining,+7 (984) 333-32-49,https://master-na-dom.online/klining-ufa,klining-ufa,Клининг в Уфе — вызов мастера на дом | ПроМастер,"Клининг в Уфе с выездом на дом. Генеральная уборка, уборка после ремонта, мытьё окон. Профессиональная химия и оборудование. Звоните!"
Уфа,Сборка мебели,sborka-mebeli,+7 (984) 333-32-49,https://master-na-dom.online/sborka-mebeli-ufa,sborka-mebeli-ufa,Сборка мебели в Уфе — вызов мастера на дом | ПроМастер,"Сборка мебели в Уфе с выездом на дом. Сборка шкафов, кухонь, кроватей и стеллажей. Аккуратно и со своим инструментом. Звоните!"
Цивильск,Ремонт стиральных машин,remont-stiralnyh-mashin,+7 (969) 999-24-97,https://master-na-dom.online/remont-stiralnyh-mashin-tsivilsk,remont-stiralnyh-mashin-tsivilsk,Ремонт стиральных машин в Цивильске | ПроМастер,"Ремонт стиральных машин в Цивильске с выездом на дом. Samsung, LG, Bosch, Indesit и другие марки. Диагностика бесплатно. Гарантия на ремонт. Звоните!"
Цивильск,Ремонт холодильников,remont-holodilnikov,+7 (969) 999-24-97,https://master-na-dom.online/remont-holodilnikov-tsivilsk,remont-holodilnikov-tsivilsk,Ремонт холодильников в Цивильске | ПроМастер,"Ремонт холодильников в Цивильске с выездом на дом. Samsung, LG, Bosch, Atlant и другие марки. Диагностика бесплатно. Гарантия на ремонт. Звоните!"
Цивильск,Ремонт посудомоечных машин,remont-pmm,+7 (969) 999-24-97,https://master-na-dom.online/remont-pmm-tsivilsk,remont-pmm-tsivilsk,Ремонт посудомоечных машин в Цивильске | ПроМастер,"Ремонт посудомоечных машин в Цивильске с выездом на дом. Bosch, Siemens, Electrolux и другие марки. Диагностика бесплатно. Звоните!"
Цивильск,Ремонт кондиционеров,remont-kondicionerov,+7 (969) 999-24-97,https://master-na-dom.online/remont-kondicionerov-tsivilsk,remont-kondicionerov-tsivilsk,Ремонт кондиционеров в Цивильске | ПроМастер,"Ремонт кондиционеров в Цивильске с выездом на дом. Обслуживание, заправка фреоном, ремонт сплит-систем. Гарантия на работы. Звоните!"
Цивильск,Компьютерная помощь,kp,+7 (986) 089-07-04,https://master-na-dom.online/kp-tsivilsk,kp-tsivilsk,Компьютерная помощь в Цивильске | ПроМастер,"Компьютерная помощь в Цивильске с выездом на дом. Настройка ПК, удаление вирусов, восстановление данных. Выезд мастера на дом. Звоните!"
Цивильск,Ремонт телевизоров,remont-televizorov,+7 (986) 089-07-04,https://master-na-dom.online/remont-televizorov-tsivilsk,remont-televizorov-tsivilsk,Ремонт телевизоров в Цивильске | ПроМастер,"Ремонт телевизоров в Цивильске с выездом на дом. Ремонт LED, OLED, Smart TV. Диагностика бесплатно. Гарантия на ремонт. Звоните!"
Цивильск,Ремонт варочных панелей,remont-varochnyh-panelej,+7 (969) 999-24-97,https://master-na-dom.online/remont-varochnyh-panelej-tsivilsk,remont-varochnyh-panelej-tsivilsk,Ремонт варочных панелей в Цивильске | ПроМастер,"Ремонт варочных панелей в Цивильске с выездом на дом. Индукционные, электрические и газовые панели. Гарантия на ремонт. Звоните!"
Цивильск,Ремонт духовых шкафов,remont-duhovyh-shkafov,+7 (969) 999-24-97,https://master-na-dom.online/remont-duhovyh-shkafov-tsivilsk,remont-duhovyh-shkafov-tsivilsk,Ремонт духовых шкафов в Цивильске | ПроМастер,Ремонт духовых шкафов в Цивильске с выездом на дом. Электрические и газовые духовки. Диагностика бесплатно. Звоните!
Цивильск,Ремонт водонагревателей,remont-vodonagrevatelej,+7 (969) 999-24-97,https://master-na-dom.online/remont-vodonagrevatelej-tsivilsk,remont-vodonagrevatelej-tsivilsk,Ремонт водонагревателей в Цивильске | ПроМастер,Ремонт водонагревателей в Цивильске с выездом на дом. Ремонт бойлеров и проточных водонагревателей. Гарантия на работы. Звоните!
Цивильск,Ремонт кофемашин,remont-kofemashin,+7 (969) 999-24-97,https://master-na-dom.online/remont-kofemashin-tsivilsk,remont-kofemashin-tsivilsk,Ремонт кофемашин в Цивильске | ПроМастер,"Ремонт кофемашин в Цивильске с выездом на дом. DeLonghi, Saeco, Bosch, Jura и другие марки. Диагностика бесплатно. Звоните!"
Цивильск,Дезинфекция,dezinfekciya,+7 (984) 333-32-49,https://master-na-dom.online/dezinfekciya-tsivilsk,dezinfekciya-tsivilsk,Дезинфекция в Цивильске — вызов мастера на дом | ПроМастер,"Дезинфекция в Цивильске с выездом на дом. Уничтожение насекомых, грызунов и плесени. Безопасные препараты, гарантия результата. Звоните!"
Цивильск,Электрик,elektrik,+7 (984) 333-32-49,https://master-na-dom.online/elektrik-tsivilsk,elektrik-tsivilsk,Электрик в Цивильске | ПроМастер,"Электрик в Цивильске с выездом на дом. Замена проводки, установка розеток, поиск неисправностей. Гарантия на работы. Звоните!"
Цивильск,Сантехник,santehnik,+7 (984) 333-32-49,https://master-na-dom.online/santehnik-tsivilsk,santehnik-tsivilsk,Сантехник в Цивильске | ПроМастер,"Сантехник в Цивильске с выездом на дом. Устранение протечек, замена смесителей, прочистка канализации. Гарантия на работы. Звоните!"
Цивильск,Мастер на час,master-na-chas,+7 (984) 333-32-49,https://master-na-dom.online/master-na-chas-tsivilsk,master-na-chas-tsivilsk,Мастер на час в Цивильске | ПроМастер,"Мастер на час в Цивильске с выездом на дом. Мелкий ремонт, сборка мебели, навешивание полок. Выезд за 30 минут. Звоните!"
Цивильск,Ремонт окон,remont-okon,+7 (984) 333-32-49,https://master-na-dom.online/remont-okon-tsivilsk,remont-okon-tsivilsk,Ремонт окон в Цивильске | ПроМастер,"Ремонт окон в Цивильске с выездом на дом. Регулировка фурнитуры, замена уплотнителя, устранение продувания. Звоните!"
Цивильск,Клининг,klining,+7 (984) 333-32-49,https://master-na-dom.online/klining-tsivilsk,klining-tsivilsk,Клининг в Цивильске — вызов мастера на дом | ПроМастер,"Клининг в Цивильске с выездом на дом. Генеральная уборка, уборка после ремонта, мытьё окон. Профессиональная химия и оборудование. Звоните!"
Цивильск,Сборка мебели,sborka-mebeli,+7 (984) 333-32-49,https://master-na-dom.online/sborka-mebeli-tsivilsk,sborka-mebeli-tsivilsk,Сборка мебели в Цивильске — вызов мастера на дом | ПроМастер,"Сборка мебели в Цивильске с выездом на дом. Сборка шкафов, кухонь, кроватей и стеллажей. Аккуратно и со своим инструментом. Звоните!"
Чебоксары,Ремонт стиральных машин,remont-stiralnyh-mashin,+7 (969) 999-24-97,https://master-na-dom.online/remont-stiralnyh-mashin-cheboksary,remont-stiralnyh-mashin-cheboksary,Ремонт стиральных машин в Чебоксарах | ПроМастер,"Ремонт стиральных машин в Чебоксарах с выездом на дом. Samsung, LG, Bosch, Indesit и другие марки. Диагностика бесплатно. Гарантия на ремонт. Звоните!"
Чебоксары,Ремонт холодильников,remont-holodilnikov,+7 (969) 999-24-97,https://master-na-dom.online/remont-holodilnikov-cheboksary,remont-holodilnikov-cheboksary,Ремонт холодильников в Чебоксарах | ПроМастер,"Ремонт холодильников в Чебоксарах с выездом на дом. Samsung, LG, Bosch, Atlant и другие марки. Диагностика бесплатно. Гарантия на ремонт. Звоните!"
Чебоксары,Ремонт посудомоечных машин,remont-pmm,+7 (969) 999-24-97,https://master-na-dom.online/remont-pmm-cheboksary,remont-pmm-cheboksary,Ремонт посудомоечных машин в Чебоксарах | ПроМастер,"Ремонт посудомоечных машин в Чебоксарах с выездом на дом. Bosch, Siemens, Electrolux и другие марки. Диагностика бесплатно. Звоните!"
Чебоксары,Ремонт кондиционеров,remont-kondicionerov,+7 (969) 999-24-97,https://master-na-dom.online/remont-kondicionerov-cheboksary,remont-kondicionerov-cheboksary,Ремонт кондиционеров в Чебоксарах | ПроМастер,"Ремонт кондиционеров в Чебоксарах с выездом на дом. Обслуживание, заправка фреоном, ремонт сплит-систем. Гарантия на работы. Звоните!"
Чебоксары,Компьютерная помощь,kp,+7 (986) 089-07-04,https://master-na-dom.online/kp-cheboksary,kp-cheboksary,Компьютерная помощь в Чебоксарах | ПроМастер,"Компьютерная помощь в Чебоксарах с выездом на дом. Настройка ПК, удаление вирусов, восстановление данных. Выезд мастера на дом. Звоните!"
Чебоксары,Ремонт телевизоров,remont-televizorov,+7 (986) 089-07-04,https://master-na-dom.online/remont-televizorov-cheboksary,remont-televizorov-cheboksary,Ремонт телевизоров в Чебоксарах | ПроМастер,"Ремонт телевизоров в Чебоксарах с выездом на дом. Ремонт LED, OLED, Smart TV. Диагностика бесплатно. Гарантия на ремонт. Звоните!"
Чебоксары,Ремонт варочных панелей,remont-varochnyh-panelej,+7 (969) 999-24-97,https://master-na-dom.online/remont-varochnyh-panelej-cheboksary,remont-varochnyh-panelej-cheboksary,Ремонт варочных панелей в Чебоксарах | ПроМастер,"Ремонт варочных панелей в Чебоксарах с выездом на дом. Индукционные, электрические и газовые панели. Гарантия на ремонт. Звоните!"
Чебоксары,Ремонт духовых шкафов,remont-duhovyh-shkafov,+7 (969) 999-24-97,https://master-na-dom.online/remont-duhovyh-shkafov-cheboksary,remont-duhovyh-shkafov-cheboksary,Ремонт духовых шкафов в Чебоксарах | ПроМастер,Ремонт духовых шкафов в Чебоксарах с выездом на дом. Электрические и газовые духовки. Диагностика бесплатно. Звоните!
Чебоксары,Ремонт водонагревателей,remont-vodonagrevatelej,+7 (969) 999-24-97,https://master-na-dom.online/remont-vodonagrevatelej-cheboksary,remont-vodonagrevatelej-cheboksary,Ремонт водонагревателей в Чебоксарах | ПроМастер,Ремонт водонагревателей в Чебоксарах с выездом на дом. Ремонт бойлеров и проточных водонагревателей. Гарантия на работы. Звоните!
Чебоксары,Ремонт кофемашин,remont-kofemashin,+7 (969) 999-24-97,https://master-na-dom.online/remont-kofemashin-cheboksary,remont-kofemashin-cheboksary,Ремонт кофемашин в Чебоксарах | ПроМастер,"Ремонт кофемашин в Чебоксарах с выездом на дом. DeLonghi, Saeco, Bosch, Jura и другие марки. Диагностика бесплатно. Звоните!"
Чебоксары,Дезинфекция,dezinfekciya,+7 (984) 333-32-49,https://master-na-dom.online/dezinfekciya-cheboksary,dezinfekciya-cheboksary,Дезинфекция в Чебоксарах — вызов мастера на дом | ПроМастер,"Дезинфекция в Чебоксарах с выездом на дом. Уничтожение насекомых, грызунов и плесени. Безопасные препараты, гарантия результата. Звоните!"
Чебоксары,Электрик,elektrik,+7 (984) 333-32-49,https://master-na-dom.online/elektrik-cheboksary,elektrik-cheboksary,Электрик в Чебоксарах | ПроМастер,"Электрик в Чебоксарах с выездом на дом. Замена проводки, установка розеток, поиск неисправностей. Гарантия на работы. Звоните!"
Чебоксары,Сантехник,santehnik,+7 (984) 333-32-49,https://master-na-dom.online/santehnik-cheboksary,santehnik-cheboksary,Сантехник в Чебоксарах | ПроМастер,"Сантехник в Чебоксарах с выездом на дом. Устранение протечек, замена смесителей, прочистка канализации. Гарантия на работы. Звоните!"
Чебоксары,Мастер на час,master-na-chas,+7 (984) 333-32-49,https://master-na-dom.online/master-na-chas-cheboksary,master-na-chas-cheboksary,Мастер на час в Чебоксарах | ПроМастер,"Мастер на час в Чебоксарах с выездом на дом. Мелкий ремонт, сборка мебели, навешивание полок. Выезд за 30 минут. Звоните!"
Чебоксары,Ремонт окон,remont-okon,+7 (984) 333-32-49,https://master-na-dom.online/remont-okon-cheboksary,remont-okon-cheboksary,Ремонт окон в Чебоксарах | ПроМастер,"Ремонт окон в Чебоксарах с выездом на дом. Регулировка фурнитуры, замена уплотнителя, устранение продувания. Звоните!"
Чебоксары,Клининг,klining,+7 (984) 333-32-49,https://master-na-dom.online/klining-cheboksary,klining-cheboksary,Клининг в Чебоксарах — вызов мастера на дом | ПроМастер,"Клининг в Чебоксарах с выездом на дом. Генеральная уборка, уборка после ремонта, мытьё окон. Профессиональная химия и оборудование. Звоните!"
Чебоксары,Сборка мебели,sborka-mebeli,+7 (984) 333-32-49,https://master-na-dom.online/sborka-mebeli-cheboksary,sborka-mebeli-cheboksary,Сборка мебели в Чебоксарах — вызов мастера на дом | ПроМастер,"Сборка мебели в Чебоксарах с выездом на дом. Сборка шкафов, кухонь, кроватей и стеллажей. Аккуратно и со своим инструментом. Звоните!"
Челябинск,Ремонт стиральных машин,remont-stiralnyh-mashin,+7 (969) 999-24-97,https://master-na-dom.online/remont-stiralnyh-mashin-chelyabinsk,remont-stiralnyh-mashin-chelyabinsk,Ремонт стиральных машин в Челябинске | ПроМастер,"Ремонт стиральных машин в Челябинске с выездом на дом. Samsung, LG, Bosch, Indesit и другие марки. Диагностика бесплатно. Гарантия на ремонт. Звоните!"
Челябинск,Ремонт холодильников,remont-holodilnikov,+7 (969) 999-24-97,https://master-na-dom.online/remont-holodilnikov-chelyabinsk,remont-holodilnikov-chelyabinsk,Ремонт холодильников в Челябинске | ПроМастер,"Ремонт холодильников в Челябинске с выездом на дом. Samsung, LG, Bosch, Atlant и другие марки. Диагностика бесплатно. Гарантия на ремонт. Звоните!"
Челябинск,Ремонт посудомоечных машин,remont-pmm,+7 (969) 999-24-97,https://master-na-dom.online/remont-pmm-chelyabinsk,remont-pmm-chelyabinsk,Ремонт посудомоечных машин в Челябинске | ПроМастер,"Ремонт посудомоечных машин в Челябинске с выездом на дом. Bosch, Siemens, Electrolux и другие марки. Диагностика бесплатно. Звоните!"
Челябинск,Ремонт кондиционеров,remont-kondicionerov,+7 (969) 999-24-97,https://master-na-dom.online/remont-kondicionerov-chelyabinsk,remont-kondicionerov-chelyabinsk,Ремонт кондиционеров в Челябинске | ПроМастер,"Ремонт кондиционеров в Челябинске с выездом на дом. Обслуживание, заправка фреоном, ремонт сплит-систем. Гарантия на работы. Звоните!"
Челябинск,Компьютерная помощь,kp,+7 (986) 089-07-04,https://master-na-dom.online/kp-chelyabinsk,kp-chelyabinsk,Компьютерная помощь в Челябинске | ПроМастер,"Компьютерная помощь в Челябинске с выездом на дом. Настройка ПК, удаление вирусов, восстановление данных. Выезд мастера на дом. Звоните!"
Челябинск,Ремонт телевизоров,remont-televizorov,+7 (986) 089-07-04,https://master-na-dom.online/remont-televizorov-chelyabinsk,remont-televizorov-chelyabinsk,Ремонт телевизоров в Челябинске | ПроМастер,"Ремонт телевизоров в Челябинске с выездом на дом. Ремонт LED, OLED, Smart TV. Диагностика бесплатно. Гарантия на ремонт. Звоните!"
Челябинск,Ремонт варочных панелей,remont-varochnyh-panelej,+7 (969) 999-24-97,https://master-na-dom.online/remont-varochnyh-panelej-chelyabinsk,remont-varochnyh-panelej-chelyabinsk,Ремонт варочных панелей в Челябинске | ПроМастер,"Ремонт варочных панелей в Челябинске с выездом на дом. Индукционные, электрические и газовые панели. Гарантия на ремонт. Звоните!"
Челябинск,Ремонт духовых шкафов,remont-duhovyh-shkafov,+7 (969) 999-24-97,https://master-na-dom.online/remont-duhovyh-shkafov-chelyabinsk,remont-duhovyh-shkafov-chelyabinsk,Ремонт духовых шкафов в Челябинске | ПроМастер,Ремонт духовых шкафов в Челябинске с выездом на дом. Электрические и газовые духовки. Диагностика бесплатно. Звоните!
Челябинск,Ремонт водонагревателей,remont-vodonagrevatelej,+7 (969) 999-24-97,https://master-na-dom.online/remont-vodonagrevatelej-chelyabinsk,remont-vodonagrevatelej-chelyabinsk,Ремонт водонагревателей в Челябинске | ПроМастер,Ремонт водонагревателей в Челябинске с выездом на дом. Ремонт бойлеров и проточных водонагревателей. Гарантия на работы. Звоните!
Челябинск,Ремонт кофемашин,remont-kofemashin,+7 (969) 999-24-97,https://master-na-dom.online/remont-kofemashin-chelyabinsk,remont-kofemashin-chelyabinsk,Ремонт кофемашин в Челябинске | ПроМастер,"Ремонт кофемашин в Челябинске с выездом на дом. DeLonghi, Saeco, Bosch, Jura и другие марки. Диагностика бесплатно. Звоните!"
Челябинск,Дезинфекция,dezinfekciya,+7 (984) 333-32-49,https://master-na-dom.online/dezinfekciya-chelyabinsk,dezinfekciya-chelyabinsk,Дезинфекция в Челябинске — вызов мастера на дом | ПроМастер,"Дезинфекция в Челябинске с выездом на дом. Уничтожение насекомых, грызунов и плесени. Безопасные препараты, гарантия результата. Звоните!"
Челябинск,Электрик,elektrik,+7 (984) 333-32-49,https://master-na-dom.online/elektrik-chelyabinsk,elektrik-chelyabinsk,Электрик в Челябинске | ПроМастер,"Электрик в Челябинске с выездом на дом. Замена проводки, установка розеток, поиск неисправностей. Гарантия на работы. Звоните!"
Челябинск,Сантехник,santehnik,+7 (984) 333-32-49,https://master-na-dom.online/santehnik-chelyabinsk,santehnik-chelyabinsk,Сантехник в Челябинске | ПроМастер,"Сантехник в Челябинске с выездом на дом. Устранение протечек, замена смесителей, прочистка канализации. Гарантия на работы. Звоните!"
Челябинск,Мастер на час,master-na-chas,+7 (984) 333-32-49,https://master-na-dom.online/master-na-chas-chelyabinsk,master-na-chas-chelyabinsk,Мастер на час в Челябинске | ПроМастер,"Мастер на час в Челябинске с выездом на дом. Мелкий ремонт, сборка мебели, навешивание полок. Выезд за 30 минут. Звоните!"
Челябинск,Ремонт окон,remont-okon,+7 (984) 333-32-49,https://master-na-dom.online/remont-okon-chelyabinsk,remont-okon-chelyabinsk,Ремонт окон в Челябинске | ПроМастер,"Ремонт окон в Челябинске с выездом на дом. Регулировка фурнитуры, замена уплотнителя, устранение продувания. Звоните!"
Челябинск,Клининг,klining,+7 (984) 333-32-49,https://master-na-dom.online/klining-chelyabinsk,klining-chelyabinsk,Клининг в Челябинске — вызов мастера на дом | ПроМастер,"Клининг в Челябинске с выездом на дом. Генеральная уборка, уборка после ремонта, мытьё окон. Профессиональная химия и оборудование. Звоните!"
Челябинск,Сборка мебели,sborka-mebeli,+7 (984) 333-32-49,https://master-na-dom.online/sborka-mebeli-chelyabinsk,sborka-mebeli-chelyabinsk,Сборка мебели в Челябинске — вызов мастера на дом | ПроМастер,"Сборка мебели в Челябинске с выездом на дом. Сборка шкафов, кухонь, кроватей и стеллажей. Аккуратно и со своим инструментом. Звоните!"
Энгельс,Ремонт стиральных машин,remont-stiralnyh-mashin,+7 (969) 999-24-97,https://master-na-dom.online/remont-stiralnyh-mashin-engels,remont-stiralnyh-mashin-engels,Ремонт стиральных машин в Энгельсе | ПроМастер,"Ремонт стиральных машин в Энгельсе с выездом на дом. Samsung, LG, Bosch, Indesit и другие марки. Диагностика бесплатно. Гарантия на ремонт. Звоните!"
Энгельс,Ремонт холодильников,remont-holodilnikov,+7 (969) 999-24-97,https://master-na-dom.online/remont-holodilnikov-engels,remont-holodilnikov-engels,Ремонт холодильников в Энгельсе | ПроМастер,"Ремонт холодильников в Энгельсе с выездом на дом. Samsung, LG, Bosch, Atlant и другие марки. Диагностика бесплатно. Гарантия на ремонт. Звоните!"
Энгельс,Ремонт посудомоечных машин,remont-pmm,+7 (969) 999-24-97,https://master-na-dom.online/remont-pmm-engels,remont-pmm-engels,Ремонт посудомоечных машин в Энгельсе | ПроМастер,"Ремонт посудомоечных машин в Энгельсе с выездом на дом. Bosch, Siemens, Electrolux и другие марки. Диагностика бесплатно. Звоните!"
Энгельс,Ремонт кондиционеров,remont-kondicionerov,+7 (969) 999-24-97,https://master-na-dom.online/remont-kondicionerov-engels,remont-kondicionerov-engels,Ремонт кондиционеров в Энгельсе | ПроМастер,"Ремонт кондиционеров в Энгельсе с выездом на дом. Обслуживание, заправка фреоном, ремонт сплит-систем. Гарантия на работы. Звоните!"
Энгельс,Компьютерная помощь,kp,+7 (986) 089-07-04,https://master-na-dom.online/kp-engels,kp-engels,Компьютерная помощь в Энгельсе | ПроМастер,"Компьютерная помощь в Энгельсе с выездом на дом. Настройка ПК, удаление вирусов, восстановление данных. Выезд мастера на дом. Звоните!"
Энгельс,Ремонт телевизоров,remont-televizorov,+7 (986) 089-07-04,https://master-na-dom.online/remont-televizorov-engels,remont-televizorov-engels,Ремонт телевизоров в Энгельсе | ПроМастер,"Ремонт телевизоров в Энгельсе с выездом на дом. Ремонт LED, OLED, Smart TV. Диагностика бесплатно. Гарантия на ремонт. Звоните!"
Энгельс,Ремонт варочных панелей,remont-varochnyh-panelej,+7 (969) 999-24-97,https://master-na-dom.online/remont-varochnyh-panelej-engels,remont-varochnyh-panelej-engels,Ремонт варочных панелей в Энгельсе | ПроМастер,"Ремонт варочных панелей в Энгельсе с выездом на дом. Индукционные, электрические и газовые панели. Гарантия на ремонт. Звоните!"
Энгельс,Ремонт духовых шкафов,remont-duhovyh-shkafov,+7 (969) 999-24-97,https://master-na-dom.online/remont-duhovyh-shkafov-engels,remont-duhovyh-shkafov-engels,Ремонт духовых шкафов в Энгельсе | ПроМастер,Ремонт духовых шкафов в Энгельсе с выездом на дом. Электрические и газовые духовки. Диагностика бесплатно. Звоните!
Энгельс,Ремонт водонагревателей,remont-vodonagrevatelej,+7 (969) 999-24-97,https://master-na-dom.online/remont-vodonagrevatelej-engels,remont-vodonagrevatelej-engels,Ремонт водонагревателей в Энгельсе | ПроМастер,Ремонт водонагревателей в Энгельсе с выездом на дом. Ремонт бойлеров и проточных водонагревателей. Гарантия на работы. Звоните!
Энгельс,Ремонт кофемашин,remont-kofemashin,+7 (969) 999-24-97,https://master-na-dom.online/remont-kofemashin-engels,remont-kofemashin-engels,Ремонт кофемашин в Энгельсе | ПроМастер,"Ремонт кофемашин в Энгельсе с выездом на дом. DeLonghi, Saeco, Bosch, Jura и другие марки. Диагностика бесплатно. Звоните!"
Энгельс,Дезинфекция,dezinfekciya,+7 (984) 333-32-49,https://master-na-dom.online/dezinfekciya-engels,dezinfekciya-engels,Дезинфекция в Энгельсе — вызов мастера на дом | ПроМастер,"Дезинфекция в Энгельсе с выездом на дом. Уничтожение насекомых, грызунов и плесени. Безопасные препараты, гарантия результата. Звоните!"
Энгельс,Электрик,elektrik,+7 (984) 333-32-49,https://master-na-dom.online/elektrik-engels,elektrik-engels,Электрик в Энгельсе | ПроМастер,"Электрик в Энгельсе с выездом на дом. Замена проводки, установка розеток, поиск неисправностей. Гарантия на работы. Звоните!"
Энгельс,Сантехник,santehnik,+7 (984) 333-32-49,https://master-na-dom.online/santehnik-engels,santehnik-engels,Сантехник в Энгельсе | ПроМастер,"Сантехник в Энгельсе с выездом на дом. Устранение протечек, замена смесителей, прочистка канализации. Гарантия на работы. Звоните!"
Энгельс,Мастер на час,master-na-chas,+7 (984) 333-32-49,https://master-na-dom.online/master-na-chas-engels,master-na-chas-engels,Мастер на час в Энгельсе | ПроМастер,"Мастер на час в Энгельсе с выездом на дом. Мелкий ремонт, сборка мебели, навешивание полок. Выезд за 30 минут. Звоните!"
Энгельс,Ремонт окон,remont-okon,+7 (984) 333-32-49,https://master-na-dom.online/remont-okon-engels,remont-okon-engels,Ремонт окон в Энгельсе | ПроМастер,"Ремонт окон в Энгельсе с выездом на дом. Регулировка фурнитуры, замена уплотнителя, устранение продувания. Звоните!"
Энгельс,Клининг,klining,+7 (984) 333-32-49,https://master-na-dom.online/klining-engels,klining-engels,Клининг в Энгельсе — вызов мастера на дом | ПроМастер,"Клининг в Энгельсе с выездом на дом. Генеральная уборка, уборка после ремонта, мытьё окон. Профессиональная химия и оборудование. Звоните!"
Энгельс,Сборка мебели,sborka-mebeli,+7 (984) 333-32-49,https://master-na-dom.online/sborka-mebeli-engels,sborka-mebeli-engels,Сборка мебели в Энгельсе — вызов мастера на дом | ПроМастер,"Сборка мебели в Энгельсе с выездом на дом. Сборка шкафов, кухонь, кроватей и стеллажей. Аккуратно и со своим инструментом. Звоните!"
Балахна,Ремонт стиральных машин,remont-stiralnyh-mashin,+7 (969) 999-24-97,https://master-na-dom.online/remont-stiralnyh-mashin-balakhna,remont-stiralnyh-mashin-balakhna,Ремонт стиральных машин в Балахне | ПроМастер,"Ремонт стиральных машин в Балахне с выездом на дом. Samsung, LG, Bosch, Indesit и другие марки. Диагностика бесплатно. Гарантия на ремонт. Звоните!"
Балахна,Ремонт холодильников,remont-holodilnikov,+7 (969) 999-24-97,https://master-na-dom.online/remont-holodilnikov-balakhna,remont-holodilnikov-balakhna,Ремонт холодильников в Балахне | ПроМастер,"Ремонт холодильников в Балахне с выездом на дом. Samsung, LG, Bosch, Atlant и другие марки. Диагностика бесплатно. Гарантия на ремонт. Звоните!"
Балахна,Ремонт посудомоечных машин,remont-pmm,+7 (969) 999-24-97,https://master-na-dom.online/remont-pmm-balakhna,remont-pmm-balakhna,Ремонт посудомоечных машин в Балахне | ПроМастер,"Ремонт посудомоечных машин в Балахне с выездом на дом. Bosch, Siemens, Electrolux и другие марки. Диагностика бесплатно. Звоните!"
Балахна,Ремонт кондиционеров,remont-kondicionerov,+7 (969) 999-24-97,https://master-na-dom.online/remont-kondicionerov-balakhna,remont-kondicionerov-balakhna,Ремонт кондиционеров в Балахне | ПроМастер,"Ремонт кондиционеров в Балахне с выездом на дом. Обслуживание, заправка фреоном, ремонт сплит-систем. Гарантия на работы. Звоните!"
Балахна,Компьютерная помощь,kp,+7 (986) 089-07-04,https://master-na-dom.online/kp-balakhna,kp-balakhna,Компьютерная помощь в Балахне | ПроМастер,"Компьютерная помощь в Балахне с выездом на дом. Настройка ПК, удаление вирусов, восстановление данных. Выезд мастера на дом. Звоните!"
Балахна,Ремонт телевизоров,remont-televizorov,+7 (986) 089-07-04,https://master-na-dom.online/remont-televizorov-balakhna,remont-televizorov-balakhna,Ремонт телевизоров в Балахне | ПроМастер,"Ремонт телевизоров в Балахне с выездом на дом. Ремонт LED, OLED, Smart TV. Диагностика бесплатно. Гарантия на ремонт. Звоните!"
Балахна,Ремонт варочных панелей,remont-varochnyh-panelej,+7 (969) 999-24-97,https://master-na-dom.online/remont-varochnyh-panelej-balakhna,remont-varochnyh-panelej-balakhna,Ремонт варочных панелей в Балахне | ПроМастер,"Ремонт варочных панелей в Балахне с выездом на дом. Индукционные, электрические и газовые панели. Гарантия на ремонт. Звоните!"
Балахна,Ремонт духовых шкафов,remont-duhovyh-shkafov,+7 (969) 999-24-97,https://master-na-dom.online/remont-duhovyh-shkafov-balakhna,remont-duhovyh-shkafov-balakhna,Ремонт духовых шкафов в Балахне | ПроМастер,Ремонт духовых шкафов в Балахне с выездом на дом. Электрические и газовые духовки. Диагностика бесплатно. Звоните!
Балахна,Ремонт водонагревателей,remont-vodonagrevatelej,+7 (969) 999-24-97,https://master-na-dom.online/remont-vodonagrevatelej-balakhna,remont-vodonagrevatelej-balakhna,Ремонт водонагревателей в Балахне | ПроМастер,Ремонт водонагревателей в Балахне с выездом на дом. Ремонт бойлеров и проточных водонагревателей. Гарантия на работы. Звоните!
Балахна,Ремонт кофемашин,remont-kofemashin,+7 (969) 999-24-97,https://master-na-dom.online/remont-kofemashin-balakhna,remont-kofemashin-balakhna,Ремонт кофемашин в Балахне | ПроМастер,"Ремонт кофемашин в Балахне с выездом на дом. DeLonghi, Saeco, Bosch, Jura и другие марки. Диагностика бесплатно. Звоните!"
Балахна,Дезинфекция,dezinfekciya,+7 (984) 333-32-49,https://master-na-dom.online/dezinfekciya-balakhna,dezinfekciya-balakhna,Дезинфекция в Балахне — вызов мастера на дом | ПроМастер,"Дезинфекция в Балахне с выездом на дом. Уничтожение насекомых, грызунов и плесени. Безопасные препараты, гарантия результата. Звоните!"
Балахна,Электрик,elektrik,+7 (984) 333-32-49,https://master-na-dom.online/elektrik-balakhna,elektrik-balakhna,Электрик в Балахне | ПроМастер,"Электрик в Балахне с выездом на дом. Замена проводки, установка розеток, поиск неисправностей. Гарантия на работы. Звоните!"
Балахна,Сантехник,santehnik,+7 (984) 333-32-49,https://master-na-dom.online/santehnik-balakhna,santehnik-balakhna,Сантехник в Балахне | ПроМастер,"Сантехник в Балахне с выездом на дом. Устранение протечек, замена смесителей, прочистка канализации. Гарантия на работы. Звоните!"
Балахна,Мастер на час,master-na-chas,+7 (984) 333-32-49,https://master-na-dom.online/master-na-chas-balakhna,master-na-chas-balakhna,Мастер на час в Балахне | ПроМастер,"Мастер на час в Балахне с выездом на дом. Мелкий ремонт, сборка мебели, навешивание полок. Выезд за 30 минут. Звоните!"
Балахна,Ремонт окон,remont-okon,+7 (984) 333-32-49,https://master-na-dom.online/remont-okon-balakhna,remont-okon-balakhna,Ремонт окон в Балахне | ПроМастер,"Ремонт окон в Балахне с выездом на дом. Регулировка фурнитуры, замена уплотнителя, устранение продувания. Звоните!"
Балахна,Клининг,klining,+7 (984) 333-32-49,https://master-na-dom.online/klining-balakhna,klining-balakhna,Клининг в Балахне — вызов мастера на дом | ПроМастер,"Клининг в Балахне с выездом на дом. Генеральная уборка, уборка после ремонта, мытьё окон. Профессиональная химия и оборудование. Звоните!"
Балахна,Сборка мебели,sborka-mebeli,+7 (984) 333-32-49,https://master-na-dom.online/sborka-mebeli-balakhna,sborka-mebeli-balakhna,Сборка мебели в Балахне — вызов мастера на дом | ПроМастер,"Сборка мебели в Балахне с выездом на дом. Сборка шкафов, кухонь, кроватей и стеллажей. Аккуратно и со своим инструментом. Звоните!"
Барнаул,Ремонт стиральных машин,remont-stiralnyh-mashin,+7 (969) 999-24-97,https://master-na-dom.online/remont-stiralnyh-mashin-barnaul,remont-stiralnyh-mashin-barnaul,Ремонт стиральных машин в Барнауле | ПроМастер,"Ремонт стиральных машин в Барнауле с выездом на дом. Samsung, LG, Bosch, Indesit и другие марки. Диагностика бесплатно. Гарантия на ремонт. Звоните!"
Барнаул,Ремонт холодильников,remont-holodilnikov,+7 (969) 999-24-97,https://master-na-dom.online/remont-holodilnikov-barnaul,remont-holodilnikov-barnaul,Ремонт холодильников в Барнауле | ПроМастер,"Ремонт холодильников в Барнауле с выездом на дом. Samsung, LG, Bosch, Atlant и другие марки. Диагностика бесплатно. Гарантия на ремонт. Звоните!"
Барнаул,Ремонт посудомоечных машин,remont-pmm,+7 (969) 999-24-97,https://master-na-dom.online/remont-pmm-barnaul,remont-pmm-barnaul,Ремонт посудомоечных машин в Барнауле | ПроМастер,"Ремонт посудомоечных машин в Барнауле с выездом на дом. Bosch, Siemens, Electrolux и другие марки. Диагностика бесплатно. Звоните!"
Барнаул,Ремонт кондиционеров,remont-kondicionerov,+7 (969) 999-24-97,https://master-na-dom.online/remont-kondicionerov-barnaul,remont-kondicionerov-barnaul,Ремонт кондиционеров в Барнауле | ПроМастер,"Ремонт кондиционеров в Барнауле с выездом на дом. Обслуживание, заправка фреоном, ремонт сплит-систем. Гарантия на работы. Звоните!"
Барнаул,Компьютерная помощь,kp,+7 (986) 089-07-04,https://master-na-dom.online/kp-barnaul,kp-barnaul,Компьютерная помощь в Барнауле | ПроМастер,"Компьютерная помощь в Барнауле с выездом на дом. Настройка ПК, удаление вирусов, восстановление данных. Выезд мастера на дом. Звоните!"
Барнаул,Ремонт телевизоров,remont-televizorov,+7 (986) 089-07-04,https://master-na-dom.online/remont-televizorov-barnaul,remont-televizorov-barnaul,Ремонт телевизоров в Барнауле | ПроМастер,"Ремонт телевизоров в Барнауле с выездом на дом. Ремонт LED, OLED, Smart TV. Диагностика бесплатно. Гарантия на ремонт. Звоните!"
Барнаул,Ремонт варочных панелей,remont-varochnyh-panelej,+7 (969) 999-24-97,https://master-na-dom.online/remont-varochnyh-panelej-barnaul,remont-varochnyh-panelej-barnaul,Ремонт варочных панелей в Барнауле | ПроМастер,"Ремонт варочных панелей в Барнауле с выездом на дом. Индукционные, электрические и газовые панели. Гарантия на ремонт. Звоните!"
Барнаул,Ремонт духовых шкафов,remont-duhovyh-shkafov,+7 (969) 999-24-97,https://master-na-dom.online/remont-duhovyh-shkafov-barnaul,remont-duhovyh-shkafov-barnaul,Ремонт духовых шкафов в Барнауле | ПроМастер,Ремонт духовых шкафов в Барнауле с выездом на дом. Электрические и газовые духовки. Диагностика бесплатно. Звоните!
Барнаул,Ремонт водонагревателей,remont-vodonagrevatelej,+7 (969) 999-24-97,https://master-na-dom.online/remont-vodonagrevatelej-barnaul,remont-vodonagrevatelej-barnaul,Ремонт водонагревателей в Барнауле | ПроМастер,Ремонт водонагревателей в Барнауле с выездом на дом. Ремонт бойлеров и проточных водонагревателей. Гарантия на работы. Звоните!
Барнаул,Ремонт кофемашин,remont-kofemashin,+7 (969) 999-24-97,https://master-na-dom.online/remont-kofemashin-barnaul,remont-kofemashin-barnaul,Ремонт кофемашин в Барнауле | ПроМастер,"Ремонт кофемашин в Барнауле с выездом на дом. DeLonghi, Saeco, Bosch, Jura и другие марки. Диагностика бесплатно. Звоните!"
Барнаул,Дезинфекция,dezinfekciya,+7 (984) 333-32-49,https://master-na-dom.online/dezinfekciya-barnaul,dezinfekciya-barnaul,Дезинфекция в Барнауле — вызов мастера на дом | ПроМастер,"Дезинфекция в Барнауле с выездом на дом. Уничтожение насекомых, грызунов и плесени. Безопасные препараты, гарантия результата. Звоните!"
Барнаул,Электрик,elektrik,+7 (984) 333-32-49,https://master-na-dom.online/elektrik-barnaul,elektrik-barnaul,Электрик в Барнауле | ПроМастер,"Электрик в Барнауле с выездом на дом. Замена проводки, установка розеток, поиск неисправностей. Гарантия на работы. Звоните!"
Барнаул,Сантехник,santehnik,+7 (984) 333-32-49,https://master-na-dom.online/santehnik-barnaul,santehnik-barnaul,Сантехник в Барнауле | ПроМастер,"Сантехник в Барнауле с выездом на дом. Устранение протечек, замена смесителей, прочистка канализации. Гарантия на работы. Звоните!"
Барнаул,Мастер на час,master-na-chas,+7 (984) 333-32-49,https://master-na-dom.online/master-na-chas-barnaul,master-na-chas-barnaul,Мастер на час в Барнауле | ПроМастер,"Мастер на час в Барнауле с выездом на дом. Мелкий ремонт, сборка мебели, навешивание полок. Выезд за 30 минут. Звоните!"
Барнаул,Ремонт окон,remont-okon,+7 (984) 333-32-49,https://master-na-dom.online/remont-okon-barnaul,remont-okon-barnaul,Ремонт окон в Барнауле | ПроМастер,"Ремонт окон в Барнауле с выездом на дом. Регулировка фурнитуры, замена уплотнителя, устранение продувания. Звоните!"
Барнаул,Клининг,klining,+7 (984) 333-32-49,https://master-na-dom.online/klining-barnaul,klining-barnaul,Клининг в Барнауле — вызов мастера на дом | ПроМастер,"Клининг в Барнауле с выездом на дом. Генеральная уборка, уборка после ремонта, мытьё окон. Профессиональная химия и оборудование. Звоните!"
Барнаул,Сборка мебели,sborka-mebeli,+7 (984) 333-32-49,https://master-na-dom.online/sborka-mebeli-barnaul,sborka-mebeli-barnaul,Сборка мебели в Барнауле — вызов мастера на дом | ПроМастер,"Сборка мебели в Барнауле с выездом на дом. Сборка шкафов, кухонь, кроватей и стеллажей. Аккуратно и со своим инструментом. Звоните!"
Белгород,Ремонт стиральных машин,remont-stiralnyh-mashin,+7 (969) 999-24-97,https://master-na-dom.online/remont-stiralnyh-mashin-belgorod,remont-stiralnyh-mashin-belgorod,Ремонт стиральных машин в Белгороде | ПроМастер,"Ремонт стиральных машин в Белгороде с выездом на дом. Samsung, LG, Bosch, Indesit и другие марки. Диагностика бесплатно. Гарантия на ремонт. Звоните!"
Белгород,Ремонт холодильников,remont-holodilnikov,+7 (969) 999-24-97,https://master-na-dom.online/remont-holodilnikov-belgorod,remont-holodilnikov-belgorod,Ремонт холодильников в Белгороде | ПроМастер,"Ремонт холодильников в Белгороде с выездом на дом. Samsung, LG, Bosch, Atlant и другие марки. Диагностика бесплатно. Гарантия на ремонт. Звоните!"
Белгород,Ремонт посудомоечных машин,remont-pmm,+7 (969) 999-24-97,https://master-na-dom.online/remont-pmm-belgorod,remont-pmm-belgorod,Ремонт посудомоечных машин в Белгороде | ПроМастер,"Ремонт посудомоечных машин в Белгороде с выездом на дом. Bosch, Siemens, Electrolux и другие марки. Диагностика бесплатно. Звоните!"
Белгород,Ремонт кондиционеров,remont-kondicionerov,+7 (969) 999-24-97,https://master-na-dom.online/remont-kondicionerov-belgorod,remont-kondicionerov-belgorod,Ремонт кондиционеров в Белгороде | ПроМастер,"Ремонт кондиционеров в Белгороде с выездом на дом. Обслуживание, заправка фреоном, ремонт сплит-систем. Гарантия на работы. Звоните!"
Белгород,Компьютерная помощь,kp,+7 (986) 089-07-04,https://master-na-dom.online/kp-belgorod,kp-belgorod,Компьютерная помощь в Белгороде | ПроМастер,"Компьютерная помощь в Белгороде с выездом на дом. Настройка ПК, удаление вирусов, восстановление данных. Выезд мастера на дом. Звоните!"
Белгород,Ремонт телевизоров,remont-televizorov,+7 (986) 089-07-04,https://master-na-dom.online/remont-televizorov-belgorod,remont-televizorov-belgorod,Ремонт телевизоров в Белгороде | ПроМастер,"Ремонт телевизоров в Белгороде с выездом на дом. Ремонт LED, OLED, Smart TV. Диагностика бесплатно. Гарантия на ремонт. Звоните!"
Белгород,Ремонт варочных панелей,remont-varochnyh-panelej,+7 (969) 999-24-97,https://master-na-dom.online/remont-varochnyh-panelej-belgorod,remont-varochnyh-panelej-belgorod,Ремонт варочных панелей в Белгороде | ПроМастер,"Ремонт варочных панелей в Белгороде с выездом на дом. Индукционные, электрические и газовые панели. Гарантия на ремонт. Звоните!"
Белгород,Ремонт духовых шкафов,remont-duhovyh-shkafov,+7 (969) 999-24-97,https://master-na-dom.online/remont-duhovyh-shkafov-belgorod,remont-duhovyh-shkafov-belgorod,Ремонт духовых шкафов в Белгороде | ПроМастер,Ремонт духовых шкафов в Белгороде с выездом на дом. Электрические и газовые духовки. Диагностика бесплатно. Звоните!
Белгород,Ремонт водонагревателей,remont-vodonagrevatelej,+7 (969) 999-24-97,https://master-na-dom.online/remont-vodonagrevatelej-belgorod,remont-vodonagrevatelej-belgorod,Ремонт водонагревателей в Белгороде | ПроМастер,Ремонт водонагревателей в Белгороде с выездом на дом. Ремонт бойлеров и проточных водонагревателей. Гарантия на работы. Звоните!
Белгород,Ремонт кофемашин,remont-kofemashin,+7 (969) 999-24-97,https://master-na-dom.online/remont-kofemashin-belgorod,remont-kofemashin-belgorod,Ремонт кофемашин в Белгороде | ПроМастер,"Ремонт кофемашин в Белгороде с выездом на дом. DeLonghi, Saeco, Bosch, Jura и другие марки. Диагностика бесплатно. Звоните!"
Белгород,Дезинфекция,dezinfekciya,+7 (984) 333-32-49,https://master-na-dom.online/dezinfekciya-belgorod,dezinfekciya-belgorod,Дезинфекция в Белгороде — вызов мастера на дом | ПроМастер,"Дезинфекция в Белгороде с выездом на дом. Уничтожение насекомых, грызунов и плесени. Безопасные препараты, гарантия результата. Звоните!"
Белгород,Электрик,elektrik,+7 (984) 333-32-49,https://master-na-dom.online/elektrik-belgorod,elektrik-belgorod,Электрик в Белгороде | ПроМастер,"Электрик в Белгороде с выездом на дом. Замена проводки, установка розеток, поиск неисправностей. Гарантия на работы. Звоните!"
Белгород,Сантехник,santehnik,+7 (984) 333-32-49,https://master-na-dom.online/santehnik-belgorod,santehnik-belgorod,Сантехник в Белгороде | ПроМастер,"Сантехник в Белгороде с выездом на дом. Устранение протечек, замена смесителей, прочистка канализации. Гарантия на работы. Звоните!"
Белгород,Мастер на час,master-na-chas,+7 (984) 333-32-49,https://master-na-dom.online/master-na-chas-belgorod,master-na-chas-belgorod,Мастер на час в Белгороде | ПроМастер,"Мастер на час в Белгороде с выездом на дом. Мелкий ремонт, сборка мебели, навешивание полок. Выезд за 30 минут. Звоните!"
Белгород,Ремонт окон,remont-okon,+7 (984) 333-32-49,https://master-na-dom.online/remont-okon-belgorod,remont-okon-belgorod,Ремонт окон в Белгороде | ПроМастер,"Ремонт окон в Белгороде с выездом на дом. Регулировка фурнитуры, замена уплотнителя, устранение продувания. Звоните!"
Белгород,Клининг,klining,+7 (984) 333-32-49,https://master-na-dom.online/klining-belgorod,klining-belgorod,Клининг в Белгороде — вызов мастера на дом | ПроМастер,"Клининг в Белгороде с выездом на дом. Генеральная уборка, уборка после ремонта, мытьё окон. Профессиональная химия и оборудование. Звоните!"
Белгород,Сборка мебели,sborka-mebeli,+7 (984) 333-32-49,https://master-na-dom.online/sborka-mebeli-belgorod,sborka-mebeli-belgorod,Сборка мебели в Белгороде — вызов мастера на дом | ПроМастер,"Сборка мебели в Белгороде с выездом на дом. Сборка шкафов, кухонь, кроватей и стеллажей. Аккуратно и со своим инструментом. Звоните!"
Богородск,Ремонт стиральных машин,remont-stiralnyh-mashin,+7 (969) 999-24-97,https://master-na-dom.online/remont-stiralnyh-mashin-bogorodsk,remont-stiralnyh-mashin-bogorodsk,Ремонт стиральных машин в Богородске | ПроМастер,"Ремонт стиральных машин в Богородске с выездом на дом. Samsung, LG, Bosch, Indesit и другие марки. Диагностика бесплатно. Гарантия на ремонт. Звоните!"
Богородск,Ремонт холодильников,remont-holodilnikov,+7 (969) 999-24-97,https://master-na-dom.online/remont-holodilnikov-bogorodsk,remont-holodilnikov-bogorodsk,Ремонт холодильников в Богородске | ПроМастер,"Ремонт холодильников в Богородске с выездом на дом. Samsung, LG, Bosch, Atlant и другие марки. Диагностика бесплатно. Гарантия на ремонт. Звоните!"
Богородск,Ремонт посудомоечных машин,remont-pmm,+7 (969) 999-24-97,https://master-na-dom.online/remont-pmm-bogorodsk,remont-pmm-bogorodsk,Ремонт посудомоечных машин в Богородске | ПроМастер,"Ремонт посудомоечных машин в Богородске с выездом на дом. Bosch, Siemens, Electrolux и другие марки. Диагностика бесплатно. Звоните!"
Богородск,Ремонт кондиционеров,remont-kondicionerov,+7 (969) 999-24-97,https://master-na-dom.online/remont-kondicionerov-bogorodsk,remont-kondicionerov-bogorodsk,Ремонт кондиционеров в Богородске | ПроМастер,"Ремонт кондиционеров в Богородске с выездом на дом. Обслуживание, заправка фреоном, ремонт сплит-систем. Гарантия на работы. Звоните!"
Богородск,Компьютерная помощь,kp,+7 (986) 089-07-04,https://master-na-dom.online/kp-bogorodsk,kp-bogorodsk,Компьютерная помощь в Богородске | ПроМастер,"Компьютерная помощь в Богородске с выездом на дом. Настройка ПК, удаление вирусов, восстановление данных. Выезд мастера на дом. Звоните!"
Богородск,Ремонт телевизоров,remont-televizorov,+7 (986) 089-07-04,https://master-na-dom.online/remont-televizorov-bogorodsk,remont-televizorov-bogorodsk,Ремонт телевизоров в Богородске | ПроМастер,"Ремонт телевизоров в Богородске с выездом на дом. Ремонт LED, OLED, Smart TV. Диагностика бесплатно. Гарантия на ремонт. Звоните!"
Богородск,Ремонт варочных панелей,remont-varochnyh-panelej,+7 (969) 999-24-97,https://master-na-dom.online/remont-varochnyh-panelej-bogorodsk,remont-varochnyh-panelej-bogorodsk,Ремонт варочных панелей в Богородске | ПроМастер,"Ремонт варочных панелей в Богородске с выездом на дом. Индукционные, электрические и газовые панели. Гарантия на ремонт. Звоните!"
Богородск,Ремонт духовых шкафов,remont-duhovyh-shkafov,+7 (969) 999-24-97,https://master-na-dom.online/remont-duhovyh-shkafov-bogorodsk,remont-duhovyh-shkafov-bogorodsk,Ремонт духовых шкафов в Богородске | ПроМастер,Ремонт духовых шкафов в Богородске с выездом на дом. Электрические и газовые духовки. Диагностика бесплатно. Звоните!
Богородск,Ремонт водонагревателей,remont-vodonagrevatelej,+7 (969) 999-24-97,https://master-na-dom.online/remont-vodonagrevatelej-bogorodsk,remont-vodonagrevatelej-bogorodsk,Ремонт водонагревателей в Богородске | ПроМастер,Ремонт водонагревателей в Богородске с выездом на дом. Ремонт бойлеров и проточных водонагревателей. Гарантия на работы. Звоните!
Богородск,Ремонт кофемашин,remont-kofemashin,+7 (969) 999-24-97,https://master-na-dom.online/remont-kofemashin-bogorodsk,remont-kofemashin-bogorodsk,Ремонт кофемашин в Богородске | ПроМастер,"Ремонт кофемашин в Богородске с выездом на дом. DeLonghi, Saeco, Bosch, Jura и другие марки. Диагностика бесплатно. Звоните!"
Богородск,Дезинфекция,dezinfekciya,+7 (984) 333-32-49,https://master-na-dom.online/dezinfekciya-bogorodsk,dezinfekciya-bogorodsk,Дезинфекция в Богородске — вызов мастера на дом | ПроМастер,"Дезинфекция в Богородске с выездом на дом. Уничтожение насекомых, грызунов и плесени. Безопасные препараты, гарантия результата. Звоните!"
Богородск,Электрик,elektrik,+7 (984) 333-32-49,https://master-na-dom.online/elektrik-bogorodsk,elektrik-bogorodsk,Электрик в Богородске | ПроМастер,"Электрик в Богородске с выездом на дом. Замена проводки, установка розеток, поиск неисправностей. Гарантия на работы. Звоните!"
Богородск,Сантехник,santehnik,+7 (984) 333-32-49,https://master-na-dom.online/santehnik-bogorodsk,santehnik-bogorodsk,Сантехник в Богородске | ПроМастер,"Сантехник в Богородске с выездом на дом. Устранение протечек, замена смесителей, прочистка канализации. Гарантия на работы. Звоните!"
Богородск,Мастер на час,master-na-chas,+7 (984) 333-32-49,https://master-na-dom.online/master-na-chas-bogorodsk,master-na-chas-bogorodsk,Мастер на час в Богородске | ПроМастер,"Мастер на час в Богородске с выездом на дом. Мелкий ремонт, сборка мебели, навешивание полок. Выезд за 30 минут. Звоните!"
Богородск,Ремонт окон,remont-okon,+7 (984) 333-32-49,https://master-na-dom.online/remont-okon-bogorodsk,remont-okon-bogorodsk,Ремонт окон в Богородске | ПроМастер,"Ремонт окон в Богородске с выездом на дом. Регулировка фурнитуры, замена уплотнителя, устранение продувания. Звоните!"
Богородск,Клининг,klining,+7 (984) 333-32-49,https://master-na-dom.online/klining-bogorodsk,klining-bogorodsk,Клининг в Богородске — вызов мастера на дом | ПроМастер,"Клининг в Богородске с выездом на дом. Генеральная уборка, уборка после ремонта, мытьё окон. Профессиональная химия и оборудование. Звоните!"
Богородск,Сборка мебели,sborka-mebeli,+7 (984) 333-32-49,https://master-na-dom.online/sborka-mebeli-bogorodsk,sborka-mebeli-bogorodsk,Сборка мебели в Богородске — вызов мастера на дом | ПроМастер,"Сборка мебели в Богородске с выездом на дом. Сборка шкафов, кухонь, кроватей и стеллажей. Аккуратно и со своим инструментом. Звоните!"
Бор,Ремонт стиральных машин,remont-stiralnyh-mashin,+7 (969) 999-24-97,https://master-na-dom.online/remont-stiralnyh-mashin-bor,remont-stiralnyh-mashin-bor,Ремонт стиральных машин в Бору | ПроМастер,"Ремонт стиральных машин в Бору с выездом на дом. Samsung, LG, Bosch, Indesit и другие марки. Диагностика бесплатно. Гарантия на ремонт. Звоните!"
Бор,Ремонт холодильников,remont-holodilnikov,+7 (969) 999-24-97,https://master-na-dom.online/remont-holodilnikov-bor,remont-holodilnikov-bor,Ремонт холодильников в Бору | ПроМастер,"Ремонт холодильников в Бору с выездом на дом. Samsung, LG, Bosch, Atlant и другие марки. Диагностика бесплатно. Гарантия на ремонт. Звоните!"
Бор,Ремонт посудомоечных машин,remont-pmm,+7 (969) 999-24-97,https://master-na-dom.online/remont-pmm-bor,remont-pmm-bor,Ремонт посудомоечных машин в Бору | ПроМастер,"Ремонт посудомоечных машин в Бору с выездом на дом. Bosch, Siemens, Electrolux и другие марки. Диагностика бесплатно. Звоните!"
Бор,Ремонт кондиционеров,remont-kondicionerov,+7 (969) 999-24-97,https://master-na-dom.online/remont-kondicionerov-bor,remont-kondicionerov-bor,Ремонт кондиционеров в Бору | ПроМастер,"Ремонт кондиционеров в Бору с выездом на дом. Обслуживание, заправка фреоном, ремонт сплит-систем. Гарантия на работы. Звоните!"
Бор,Компьютерная помощь,kp,+7 (986) 089-07-04,https://master-na-dom.online/kp-bor,kp-bor,Компьютерная помощь в Бору | ПроМастер,"Компьютерная помощь в Бору с выездом на дом. Настройка ПК, удаление вирусов, восстановление данных. Выезд мастера на дом. Звоните!"
Бор,Ремонт телевизоров,remont-televizorov,+7 (986) 089-07-04,https://master-na-dom.online/remont-televizorov-bor,remont-televizorov-bor,Ремонт телевизоров в Бору | ПроМастер,"Ремонт телевизоров в Бору с выездом на дом. Ремонт LED, OLED, Smart TV. Диагностика бесплатно. Гарантия на ремонт. Звоните!"
Бор,Ремонт варочных панелей,remont-varochnyh-panelej,+7 (969) 999-24-97,https://master-na-dom.online/remont-varochnyh-panelej-bor,remont-varochnyh-panelej-bor,Ремонт варочных панелей в Бору | ПроМастер,"Ремонт варочных панелей в Бору с выездом на дом. Индукционные, электрические и газовые панели. Гарантия на ремонт. Звоните!"
Бор,Ремонт духовых шкафов,remont-duhovyh-shkafov,+7 (969) 999-24-97,https://master-na-dom.online/remont-duhovyh-shkafov-bor,remont-duhovyh-shkafov-bor,Ремонт духовых шкафов в Бору | ПроМастер,Ремонт духовых шкафов в Бору с выездом на дом. Электрические и газовые духовки. Диагностика бесплатно. Звоните!
Бор,Ремонт водонагревателей,remont-vodonagrevatelej,+7 (969) 999-24-97,https://master-na-dom.online/remont-vodonagrevatelej-bor,remont-vodonagrevatelej-bor,Ремонт водонагревателей в Бору | ПроМастер,Ремонт водонагревателей в Бору с выездом на дом. Ремонт бойлеров и проточных водонагревателей. Гарантия на работы. Звоните!
Бор,Ремонт кофемашин,remont-kofemashin,+7 (969) 999-24-97,https://master-na-dom.online/remont-kofemashin-bor,remont-kofemashin-bor,Ремонт кофемашин в Бору | ПроМастер,"Ремонт кофемашин в Бору с выездом на дом. DeLonghi, Saeco, Bosch, Jura и другие марки. Диагностика бесплатно. Звоните!"
Бор,Дезинфекция,dezinfekciya,+7 (984) 333-32-49,https://master-na-dom.online/dezinfekciya-bor,dezinfekciya-bor,Дезинфекция в Бору — вызов мастера на дом | ПроМастер,"Дезинфекция в Бору с выездом на дом. Уничтожение насекомых, грызунов и плесени. Безопасные препараты, гарантия результата. Звоните!"
Бор,Электрик,elektrik,+7 (984) 333-32-49,https://master-na-dom.online/elektrik-bor,elektrik-bor,Электрик в Бору | ПроМастер,"Электрик в Бору с выездом на дом. Замена проводки, установка розеток, поиск неисправностей. Гарантия на работы. Звоните!"
Бор,Сантехник,santehnik,+7 (984) 333-32-49,https://master-na-dom.online/santehnik-bor,santehnik-bor,Сантехник в Бору | ПроМастер,"Сантехник в Бору с выездом на дом. Устранение протечек, замена смесителей, прочистка канализации. Гарантия на работы. Звоните!"
Бор,Мастер на час,master-na-chas,+7 (984) 333-32-49,https://master-na-dom.online/master-na-chas-bor,master-na-chas-bor,Мастер на час в Бору | ПроМастер,"Мастер на час в Бору с выездом на дом. Мелкий ремонт, сборка мебели, навешивание полок. Выезд за 30 минут. Звоните!"
Бор,Ремонт окон,remont-okon,+7 (984) 333-32-49,https://master-na-dom.online/remont-okon-bor,remont-okon-bor,Ремонт окон в Бору | ПроМастер,"Ремонт окон в Бору с выездом на дом. Регулировка фурнитуры, замена уплотнителя, устранение продувания. Звоните!"
Бор,Клининг,klining,+7 (984) 333-32-49,https://master-na-dom.online/klining-bor,klining-bor,Клининг в Бору — вызов мастера на дом | ПроМастер,"Клининг в Бору с выездом на дом. Генеральная уборка, уборка после ремонта, мытьё окон. Профессиональная химия и оборудование. Звоните!"
Бор,Сборка мебели,sborka-mebeli,+7 (984) 333-32-49,https://master-na-dom.online/sborka-mebeli-bor,sborka-mebeli-bor,Сборка мебели в Бору — вызов мастера на дом | ПроМастер,"Сборка мебели в Бору с выездом на дом. Сборка шкафов, кухонь, кроватей и стеллажей. Аккуратно и со своим инструментом. Звоните!"
Дзержинск,Ремонт стиральных машин,remont-stiralnyh-mashin,+7 (969) 999-24-97,https://master-na-dom.online/remont-stiralnyh-mashin-dzerzhinsk,remont-stiralnyh-mashin-dzerzhinsk,Ремонт стиральных машин в Дзержинске | ПроМастер,"Ремонт стиральных машин в Дзержинске с выездом на дом. Samsung, LG, Bosch, Indesit и другие марки. Диагностика бесплатно. Гарантия на ремонт. Звоните!"
Дзержинск,Ремонт холодильников,remont-holodilnikov,+7 (969) 999-24-97,https://master-na-dom.online/remont-holodilnikov-dzerzhinsk,remont-holodilnikov-dzerzhinsk,Ремонт холодильников в Дзержинске | ПроМастер,"Ремонт холодильников в Дзержинске с выездом на дом. Samsung, LG, Bosch, Atlant и другие марки. Диагностика бесплатно. Гарантия на ремонт. Звоните!"
Дзержинск,Ремонт посудомоечных машин,remont-pmm,+7 (969) 999-24-97,https://master-na-dom.online/remont-pmm-dzerzhinsk,remont-pmm-dzerzhinsk,Ремонт посудомоечных машин в Дзержинске | ПроМастер,"Ремонт посудомоечных машин в Дзержинске с выездом на дом. Bosch, Siemens, Electrolux и другие марки. Диагностика бесплатно. Звоните!"
Дзержинск,Ремонт кондиционеров,remont-kondicionerov,+7 (969) 999-24-97,https://master-na-dom.online/remont-kondicionerov-dzerzhinsk,remont-kondicionerov-dzerzhinsk,Ремонт кондиционеров в Дзержинске | ПроМастер,"Ремонт кондиционеров в Дзержинске с выездом на дом. Обслуживание, заправка фреоном, ремонт сплит-систем. Гарантия на работы. Звоните!"
Дзержинск,Компьютерная помощь,kp,+7 (986) 089-07-04,https://master-na-dom.online/kp-dzerzhinsk,kp-dzerzhinsk,Компьютерная помощь в Дзержинске | ПроМастер,"Компьютерная помощь в Дзержинске с выездом на дом. Настройка ПК, удаление вирусов, восстановление данных. Выезд мастера на дом. Звоните!"
Дзержинск,Ремонт телевизоров,remont-televizorov,+7 (986) 089-07-04,https://master-na-dom.online/remont-televizorov-dzerzhinsk,remont-televizorov-dzerzhinsk,Ремонт телевизоров в Дзержинске | ПроМастер,"Ремонт телевизоров в Дзержинске с выездом на дом. Ремонт LED, OLED, Smart TV. Диагностика бесплатно. Гарантия на ремонт. Звоните!"
Дзержинск,Ремонт варочных панелей,remont-varochnyh-panelej,+7 (969) 999-24-97,https://master-na-dom.online/remont-varochnyh-panelej-dzerzhinsk,remont-varochnyh-panelej-dzerzhinsk,Ремонт варочных панелей в Дзержинске | ПроМастер,"Ремонт варочных панелей в Дзержинске с выездом на дом. Индукционные, электрические и газовые панели. Гарантия на ремонт. Звоните!"
Дзержинск,Ремонт духовых шкафов,remont-duhovyh-shkafov,+7 (969) 999-24-97,https://master-na-dom.online/remont-duhovyh-shkafov-dzerzhinsk,remont-duhovyh-shkafov-dzerzhinsk,Ремонт духовых шкафов в Дзержинске | ПроМастер,Ремонт духовых шкафов в Дзержинске с выездом на дом. Электрические и газовые духовки. Диагностика бесплатно. Звоните!
Дзержинск,Ремонт водонагревателей,remont-vodonagrevatelej,+7 (969) 999-24-97,https://master-na-dom.online/remont-vodonagrevatelej-dzerzhinsk,remont-vodonagrevatelej-dzerzhinsk,Ремонт водонагревателей в Дзержинске | ПроМастер,Ремонт водонагревателей в Дзержинске с выездом на дом. Ремонт бойлеров и проточных водонагревателей. Гарантия на работы. Звоните!
Дзержинск,Ремонт кофемашин,remont-kofemashin,+7 (969) 999-24-97,https://master-na-dom.online/remont-kofemashin-dzerzhinsk,remont-kofemashin-dzerzhinsk,Ремонт кофемашин в Дзержинске | ПроМастер,"Ремонт кофемашин в Дзержинске с выездом на дом. DeLonghi, Saeco, Bosch, Jura и другие марки. Диагностика бесплатно. Звоните!"
Дзержинск,Дезинфекция,dezinfekciya,+7 (984) 333-32-49,https://master-na-dom.online/dezinfekciya-dzerzhinsk,dezinfekciya-dzerzhinsk,Дезинфекция в Дзержинске — вызов мастера на дом | ПроМастер,"Дезинфекция в Дзержинске с выездом на дом. Уничтожение насекомых, грызунов и плесени. Безопасные препараты, гарантия результата. Звоните!"
Дзержинск,Электрик,elektrik,+7 (984) 333-32-49,https://master-na-dom.online/elektrik-dzerzhinsk,elektrik-dzerzhinsk,Электрик в Дзержинске | ПроМастер,"Электрик в Дзержинске с выездом на дом. Замена проводки, установка розеток, поиск неисправностей. Гарантия на работы. Звоните!"
Дзержинск,Сантехник,santehnik,+7 (984) 333-32-49,https://master-na-dom.online/santehnik-dzerzhinsk,santehnik-dzerzhinsk,Сантехник в Дзержинске | ПроМастер,"Сантехник в Дзержинске с выездом на дом. Устранение протечек, замена смесителей, прочистка канализации. Гарантия на работы. Звоните!"
Дзержинск,Мастер на час,master-na-chas,+7 (984) 333-32-49,https://master-na-dom.online/master-na-chas-dzerzhinsk,master-na-chas-dzerzhinsk,Мастер на час в Дзержинске | ПроМастер,"Мастер на час в Дзержинске с выездом на дом. Мелкий ремонт, сборка мебели, навешивание полок. Выезд за 30 минут. Звоните!"
Дзержинск,Ремонт окон,remont-okon,+7 (984) 333-32-49,https://master-na-dom.online/remont-okon-dzerzhinsk,remont-okon-dzerzhinsk,Ремонт окон в Дзержинске | ПроМастер,"Ремонт окон в Дзержинске с выездом на дом. Регулировка фурнитуры, замена уплотнителя, устранение продувания. Звоните!"
Дзержинск,Клининг,klining,+7 (984) 333-32-49,https://master-na-dom.online/klining-dzerzhinsk,klining-dzerzhinsk,Клининг в Дзержинске — вызов мастера на дом | ПроМастер,"Клининг в Дзержинске с выездом на дом. Генеральная уборка, уборка после ремонта, мытьё окон. Профессиональная химия и оборудование. Звоните!"
Дзержинск,Сборка мебели,sborka-mebeli,+7 (984) 333-32-49,https://master-na-dom.online/sborka-mebeli-dzerzhinsk,sborka-mebeli-dzerzhinsk,Сборка мебели в Дзержинске — вызов мастера на дом | ПроМастер,"Сборка мебели в Дзержинске с выездом на дом. Сборка шкафов, кухонь, кроватей и стеллажей. Аккуратно и со своим инструментом. Звоните!"
Зеленодольск,Ремонт стиральных машин,remont-stiralnyh-mashin,+7 (969) 999-24-97,https://master-na-dom.online/remont-stiralnyh-mashin-zelenodolsk,remont-stiralnyh-mashin-zelenodolsk,Ремонт стиральных машин в Зеленодольске | ПроМастер,"Ремонт стиральных машин в Зеленодольске с выездом на дом. Samsung, LG, Bosch, Indesit и другие марки. Диагностика бесплатно. Гарантия на ремонт. Звоните!"
Зеленодольск,Ремонт холодильников,remont-holodilnikov,+7 (969) 999-24-97,https://master-na-dom.online/remont-holodilnikov-zelenodolsk,remont-holodilnikov-zelenodolsk,Ремонт холодильников в Зеленодольске | ПроМастер,"Ремонт холодильников в Зеленодольске с выездом на дом. Samsung, LG, Bosch, Atlant и другие марки. Диагностика бесплатно. Гарантия на ремонт. Звоните!"
Зеленодольск,Ремонт посудомоечных машин,remont-pmm,+7 (969) 999-24-97,https://master-na-dom.online/remont-pmm-zelenodolsk,remont-pmm-zelenodolsk,Ремонт посудомоечных машин в Зеленодольске | ПроМастер,"Ремонт посудомоечных машин в Зеленодольске с выездом на дом. Bosch, Siemens, Electrolux и другие марки. Диагностика бесплатно. Звоните!"
Зеленодольск,Ремонт кондиционеров,remont-kondicionerov,+7 (969) 999-24-97,https://master-na-dom.online/remont-kondicionerov-zelenodolsk,remont-kondicionerov-zelenodolsk,Ремонт кондиционеров в Зеленодольске | ПроМастер,"Ремонт кондиционеров в Зеленодольске с выездом на дом. Обслуживание, заправка фреоном, ремонт сплит-систем. Гарантия на работы. Звоните!"
Зеленодольск,Компьютерная помощь,kp,+7 (986) 089-07-04,https://master-na-dom.online/kp-zelenodolsk,kp-zelenodolsk,Компьютерная помощь в Зеленодольске | ПроМастер,"Компьютерная помощь в Зеленодольске с выездом на дом. Настройка ПК, удаление вирусов, восстановление данных. Выезд мастера на дом. Звоните!"
Зеленодольск,Ремонт телевизоров,remont-televizorov,+7 (986) 089-07-04,https://master-na-dom.online/remont-televizorov-zelenodolsk,remont-televizorov-zelenodolsk,Ремонт телевизоров в Зеленодольске | ПроМастер,"Ремонт телевизоров в Зеленодольске с выездом на дом. Ремонт LED, OLED, Smart TV. Диагностика бесплатно. Гарантия на ремонт. Звоните!"
Зеленодольск,Ремонт варочных панелей,remont-varochnyh-panelej,+7 (969) 999-24-97,https://master-na-dom.online/remont-varochnyh-panelej-zelenodolsk,remont-varochnyh-panelej-zelenodolsk,Ремонт варочных панелей в Зеленодольске | ПроМастер,"Ремонт варочных панелей в Зеленодольске с выездом на дом. Индукционные, электрические и газовые панели. Гарантия на ремонт. Звоните!"
Зеленодольск,Ремонт духовых шкафов,remont-duhovyh-shkafov,+7 (969) 999-24-97,https://master-na-dom.online/remont-duhovyh-shkafov-zelenodolsk,remont-duhovyh-shkafov-zelenodolsk,Ремонт духовых шкафов в Зеленодольске | ПроМастер,Ремонт духовых шкафов в Зеленодольске с выездом на дом. Электрические и газовые духовки. Диагностика бесплатно. Звоните!
Зеленодольск,Ремонт водонагревателей,remont-vodonagrevatelej,+7 (969) 999-24-97,https://master-na-dom.online/remont-vodonagrevatelej-zelenodolsk,remont-vodonagrevatelej-zelenodolsk,Ремонт водонагревателей в Зеленодольске | ПроМастер,Ремонт водонагревателей в Зеленодольске с выездом на дом. Ремонт бойлеров и проточных водонагревателей. Гарантия на работы. Звоните!
Зеленодольск,Ремонт кофемашин,remont-kofemashin,+7 (969) 999-24-97,https://master-na-dom.online/remont-kofemashin-zelenodolsk,remont-kofemashin-zelenodolsk,Ремонт кофемашин в Зеленодольске | ПроМастер,"Ремонт кофемашин в Зеленодольске с выездом на дом. DeLonghi, Saeco, Bosch, Jura и другие марки. Диагностика бесплатно. Звоните!"
Зеленодольск,Дезинфекция,dezinfekciya,+7 (984) 333-32-49,https://master-na-dom.online/dezinfekciya-zelenodolsk,dezinfekciya-zelenodolsk,Дезинфекция в Зеленодольске — вызов мастера на дом | ПроМастер,"Дезинфекция в Зеленодольске с выездом на дом. Уничтожение насекомых, грызунов и плесени. Безопасные препараты, гарантия результата. Звоните!"
Зеленодольск,Электрик,elektrik,+7 (984) 333-32-49,https://master-na-dom.online/elektrik-zelenodolsk,elektrik-zelenodolsk,Электрик в Зеленодольске | ПроМастер,"Электрик в Зеленодольске с выездом на дом. Замена проводки, установка розеток, поиск неисправностей. Гарантия на работы. Звоните!"
Зеленодольск,Сантехник,santehnik,+7 (984) 333-32-49,https://master-na-dom.online/santehnik-zelenodolsk,santehnik-zelenodolsk,Сантехник в Зеленодольске | ПроМастер,"Сантехник в Зеленодольске с выездом на дом. Устранение протечек, замена смесителей, прочистка канализации. Гарантия на работы. Звоните!"
Зеленодольск,Мастер на час,master-na-chas,+7 (984) 333-32-49,https://master-na-dom.online/master-na-chas-zelenodolsk,master-na-chas-zelenodolsk,Мастер на час в Зеленодольске | ПроМастер,"Мастер на час в Зеленодольске с выездом на дом. Мелкий ремонт, сборка мебели, навешивание полок. Выезд за 30 минут. Звоните!"
Зеленодольск,Ремонт окон,remont-okon,+7 (984) 333-32-49,https://master-na-dom.online/remont-okon-zelenodolsk,remont-okon-zelenodolsk,Ремонт окон в Зеленодольске | ПроМастер,"Ремонт окон в Зеленодольске с выездом на дом. Регулировка фурнитуры, замена уплотнителя, устранение продувания. Звоните!"
Зеленодольск,Клининг,klining,+7 (984) 333-32-49,https://master-na-dom.online/klining-zelenodolsk,klining-zelenodolsk,Клининг в Зеленодольске — вызов мастера на дом | ПроМастер,"Клининг в Зеленодольске с выездом на дом. Генеральная уборка, уборка после ремонта, мытьё окон. Профессиональная химия и оборудование. Звоните!"
Зеленодольск,Сборка мебели,sborka-mebeli,+7 (984) 333-32-49,https://master-na-dom.online/sborka-mebeli-zelenodolsk,sborka-mebeli-zelenodolsk,Сборка мебели в Зеленодольске — вызов мастера на дом | ПроМастер,"Сборка мебели в Зеленодольске с выездом на дом. Сборка шкафов, кухонь, кроватей и стеллажей. Аккуратно и со своим инструментом. Звоните!"
Кирово-Чепецк,Ремонт стиральных машин,remont-stiralnyh-mashin,+7 (969) 999-24-97,https://master-na-dom.online/remont-stiralnyh-mashin-kirovo-chepetsk,remont-stiralnyh-mashin-kirovo-chepetsk,Ремонт стиральных машин в Кирово-Чепецке | ПроМастер,"Ремонт стиральных машин в Кирово-Чепецке с выездом на дом. Samsung, LG, Bosch, Indesit и другие марки. Диагностика бесплатно. Гарантия на ремонт. Звоните!"
Кирово-Чепецк,Ремонт холодильников,remont-holodilnikov,+7 (969) 999-24-97,https://master-na-dom.online/remont-holodilnikov-kirovo-chepetsk,remont-holodilnikov-kirovo-chepetsk,Ремонт холодильников в Кирово-Чепецке | ПроМастер,"Ремонт холодильников в Кирово-Чепецке с выездом на дом. Samsung, LG, Bosch, Atlant и другие марки. Диагностика бесплатно. Гарантия на ремонт. Звоните!"
Кирово-Чепецк,Ремонт посудомоечных машин,remont-pmm,+7 (969) 999-24-97,https://master-na-dom.online/remont-pmm-kirovo-chepetsk,remont-pmm-kirovo-chepetsk,Ремонт посудомоечных машин в Кирово-Чепецке | ПроМастер,"Ремонт посудомоечных машин в Кирово-Чепецке с выездом на дом. Bosch, Siemens, Electrolux и другие марки. Диагностика бесплатно. Звоните!"
Кирово-Чепецк,Ремонт кондиционеров,remont-kondicionerov,+7 (969) 999-24-97,https://master-na-dom.online/remont-kondicionerov-kirovo-chepetsk,remont-kondicionerov-kirovo-chepetsk,Ремонт кондиционеров в Кирово-Чепецке | ПроМастер,"Ремонт кондиционеров в Кирово-Чепецке с выездом на дом. Обслуживание, заправка фреоном, ремонт сплит-систем. Гарантия на работы. Звоните!"
Кирово-Чепецк,Компьютерная помощь,kp,+7 (986) 089-07-04,https://master-na-dom.online/kp-kirovo-chepetsk,kp-kirovo-chepetsk,Компьютерная помощь в Кирово-Чепецке | ПроМастер,"Компьютерная помощь в Кирово-Чепецке с выездом на дом. Настройка ПК, удаление вирусов, восстановление данных. Выезд мастера на дом. Звоните!"
Кирово-Чепецк,Ремонт телевизоров,remont-televizorov,+7 (986) 089-07-04,https://master-na-dom.online/remont-televizorov-kirovo-chepetsk,remont-televizorov-kirovo-chepetsk,Ремонт телевизоров в Кирово-Чепецке | ПроМастер,"Ремонт телевизоров в Кирово-Чепецке с выездом на дом. Ремонт LED, OLED, Smart TV. Диагностика бесплатно. Гарантия на ремонт. Звоните!"
Кирово-Чепецк,Ремонт варочных панелей,remont-varochnyh-panelej,+7 (969) 999-24-97,https://master-na-dom.online/remont-varochnyh-panelej-kirovo-chepetsk,remont-varochnyh-panelej-kirovo-chepetsk,Ремонт варочных панелей в Кирово-Чепецке | ПроМастер,"Ремонт варочных панелей в Кирово-Чепецке с выездом на дом. Индукционные, электрические и газовые панели. Гарантия на ремонт. Звоните!"
Кирово-Чепецк,Ремонт духовых шкафов,remont-duhovyh-shkafov,+7 (969) 999-24-97,https://master-na-dom.online/remont-duhovyh-shkafov-kirovo-chepetsk,remont-duhovyh-shkafov-kirovo-chepetsk,Ремонт духовых шкафов в Кирово-Чепецке | ПроМастер,Ремонт духовых шкафов в Кирово-Чепецке с выездом на дом. Электрические и газовые духовки. Диагностика бесплатно. Звоните!
Кирово-Чепецк,Ремонт водонагревателей,remont-vodonagrevatelej,+7 (969) 999-24-97,https://master-na-dom.online/remont-vodonagrevatelej-kirovo-chepetsk,remont-vodonagrevatelej-kirovo-chepetsk,Ремонт водонагревателей в Кирово-Чепецке | ПроМастер,Ремонт водонагревателей в Кирово-Чепецке с выездом на дом. Ремонт бойлеров и проточных водонагревателей. Гарантия на работы. Звоните!
Кирово-Чепецк,Ремонт кофемашин,remont-kofemashin,+7 (969) 999-24-97,https://master-na-dom.online/remont-kofemashin-kirovo-chepetsk,remont-kofemashin-kirovo-chepetsk,Ремонт кофемашин в Кирово-Чепецке | ПроМастер,"Ремонт кофемашин в Кирово-Чепецке с выездом на дом. DeLonghi, Saeco, Bosch, Jura и другие марки. Диагностика бесплатно. Звоните!"
Кирово-Чепецк,Дезинфекция,dezinfekciya,+7 (984) 333-32-49,https://master-na-dom.online/dezinfekciya-kirovo-chepetsk,dezinfekciya-kirovo-chepetsk,Дезинфекция в Кирово-Чепецке — вызов мастера на дом | ПроМастер,"Дезинфекция в Кирово-Чепецке с выездом на дом. Уничтожение насекомых, грызунов и плесени. Безопасные препараты, гарантия результата. Звоните!"
Кирово-Чепецк,Электрик,elektrik,+7 (984) 333-32-49,https://master-na-dom.online/elektrik-kirovo-chepetsk,elektrik-kirovo-chepetsk,Электрик в Кирово-Чепецке | ПроМастер,"Электрик в Кирово-Чепецке с выездом на дом. Замена проводки, установка розеток, поиск неисправностей. Гарантия на работы. Звоните!"
Кирово-Чепецк,Сантехник,santehnik,+7 (984) 333-32-49,https://master-na-dom.online/santehnik-kirovo-chepetsk,santehnik-kirovo-chepetsk,Сантехник в Кирово-Чепецке | ПроМастер,"Сантехник в Кирово-Чепецке с выездом на дом. Устранение протечек, замена смесителей, прочистка канализации. Гарантия на работы. Звоните!"
Кирово-Чепецк,Мастер на час,master-na-chas,+7 (984) 333-32-49,https://master-na-dom.online/master-na-chas-kirovo-chepetsk,master-na-chas-kirovo-chepetsk,Мастер на час в Кирово-Чепецке | ПроМастер,"Мастер на час в Кирово-Чепецке с выездом на дом. Мелкий ремонт, сборка мебели, навешивание полок. Выезд за 30 минут. Звоните!"
Кирово-Чепецк,Ремонт окон,remont-okon,+7 (984) 333-32-49,https://master-na-dom.online/remont-okon-kirovo-chepetsk,remont-okon-kirovo-chepetsk,Ремонт окон в Кирово-Чепецке | ПроМастер,"Ремонт окон в Кирово-Чепецке с выездом на дом. Регулировка фурнитуры, замена уплотнителя, устранение продувания. Звоните!"
Кирово-Чепецк,Клининг,klining,+7 (984) 333-32-49,https://master-na-dom.online/klining-kirovo-chepetsk,klining-kirovo-chepetsk,Клининг в Кирово-Чепецке — вызов мастера на дом | ПроМастер,"Клининг в Кирово-Чепецке с выездом на дом. Генеральная уборка, уборка после ремонта, мытьё окон. Профессиональная химия и оборудование. Звоните!"
Кирово-Чепецк,Сборка мебели,sborka-mebeli,+7 (984) 333-32-49,https://master-na-dom.online/sborka-mebeli-kirovo-chepetsk,sborka-mebeli-kirovo-chepetsk,Сборка мебели в Кирово-Чепецке — вызов мастера на дом | ПроМастер,"Сборка мебели в Кирово-Чепецке с выездом на дом. Сборка шкафов, кухонь, кроватей и стеллажей. Аккуратно и со своим инструментом. Звоните!"
Краснокамск,Ремонт стиральных машин,remont-stiralnyh-mashin,+7 (969) 999-24-97,https://master-na-dom.online/remont-stiralnyh-mashin-krasnokamsk,remont-stiralnyh-mashin-krasnokamsk,Ремонт стиральных машин в Краснокамске | ПроМастер,"Ремонт стиральных машин в Краснокамске с выездом на дом. Samsung, LG, Bosch, Indesit и другие марки. Диагностика бесплатно. Гарантия на ремонт. Звоните!"
Краснокамск,Ремонт холодильников,remont-holodilnikov,+7 (969) 999-24-97,https://master-na-dom.online/remont-holodilnikov-krasnokamsk,remont-holodilnikov-krasnokamsk,Ремонт холодильников в Краснокамске | ПроМастер,"Ремонт холодильников в Краснокамске с выездом на дом. Samsung, LG, Bosch, Atlant и другие марки. Диагностика бесплатно. Гарантия на ремонт. Звоните!"
Краснокамск,Ремонт посудомоечных машин,remont-pmm,+7 (969) 999-24-97,https://master-na-dom.online/remont-pmm-krasnokamsk,remont-pmm-krasnokamsk,Ремонт посудомоечных машин в Краснокамске | ПроМастер,"Ремонт посудомоечных машин в Краснокамске с выездом на дом. Bosch, Siemens, Electrolux и другие марки. Диагностика бесплатно. Звоните!"
Краснокамск,Ремонт кондиционеров,remont-kondicionerov,+7 (969) 999-24-97,https://master-na-dom.online/remont-kondicionerov-krasnokamsk,remont-kondicionerov-krasnokamsk,Ремонт кондиционеров в Краснокамске | ПроМастер,"Ремонт кондиционеров в Краснокамске с выездом на дом. Обслуживание, заправка фреоном, ремонт сплит-систем. Гарантия на работы. Звоните!"
Краснокамск,Компьютерная помощь,kp,+7 (986) 089-07-04,https://master-na-dom.online/kp-krasnokamsk,kp-krasnokamsk,Компьютерная помощь в Краснокамске | ПроМастер,"Компьютерная помощь в Краснокамске с выездом на дом. Настройка ПК, удаление вирусов, восстановление данных. Выезд мастера на дом. Звоните!"
Краснокамск,Ремонт телевизоров,remont-televizorov,+7 (986) 089-07-04,https://master-na-dom.online/remont-televizorov-krasnokamsk,remont-televizorov-krasnokamsk,Ремонт телевизоров в Краснокамске | ПроМастер,"Ремонт телевизоров в Краснокамске с выездом на дом. Ремонт LED, OLED, Smart TV. Диагностика бесплатно. Гарантия на ремонт. Звоните!"
Краснокамск,Ремонт варочных панелей,remont-varochnyh-panelej,+7 (969) 999-24-97,https://master-na-dom.online/remont-varochnyh-panelej-krasnokamsk,remont-varochnyh-panelej-krasnokamsk,Ремонт варочных панелей в Краснокамске | ПроМастер,"Ремонт варочных панелей в Краснокамске с выездом на дом. Индукционные, электрические и газовые панели. Гарантия на ремонт. Звоните!"
Краснокамск,Ремонт духовых шкафов,remont-duhovyh-shkafov,+7 (969) 999-24-97,https://master-na-dom.online/remont-duhovyh-shkafov-krasnokamsk,remont-duhovyh-shkafov-krasnokamsk,Ремонт духовых шкафов в Краснокамске | ПроМастер,Ремонт духовых шкафов в Краснокамске с выездом на дом. Электрические и газовые духовки. Диагностика бесплатно. Звоните!
Краснокамск,Ремонт водонагревателей,remont-vodonagrevatelej,+7 (969) 999-24-97,https://master-na-dom.online/remont-vodonagrevatelej-krasnokamsk,remont-vodonagrevatelej-krasnokamsk,Ремонт водонагревателей в Краснокамске | ПроМастер,Ремонт водонагревателей в Краснокамске с выездом на дом. Ремонт бойлеров и проточных водонагревателей. Гарантия на работы. Звоните!
Краснокамск,Ремонт кофемашин,remont-kofemashin,+7 (969) 999-24-97,https://master-na-dom.online/remont-kofemashin-krasnokamsk,remont-kofemashin-krasnokamsk,Ремонт кофемашин в Краснокамске | ПроМастер,"Ремонт кофемашин в Краснокамске с выездом на дом. DeLonghi, Saeco, Bosch, Jura и другие марки. Диагностика бесплатно. Звоните!"
Краснокамск,Дезинфекция,dezinfekciya,+7 (984) 333-32-49,https://master-na-dom.online/dezinfekciya-krasnokamsk,dezinfekciya-krasnokamsk,Дезинфекция в Краснокамске — вызов мастера на дом | ПроМастер,"Дезинфекция в Краснокамске с выездом на дом. Уничтожение насекомых, грызунов и плесени. Безопасные препараты, гарантия результата. Звоните!"
Краснокамск,Электрик,elektrik,+7 (984) 333-32-49,https://master-na-dom.online/elektrik-krasnokamsk,elektrik-krasnokamsk,Электрик в Краснокамске | ПроМастер,"Электрик в Краснокамске с выездом на дом. Замена проводки, установка розеток, поиск неисправностей. Гарантия на работы. Звоните!"
Краснокамск,Сантехник,santehnik,+7 (984) 333-32-49,https://master-na-dom.online/santehnik-krasnokamsk,santehnik-krasnokamsk,Сантехник в Краснокамске | ПроМастер,"Сантехник в Краснокамске с выездом на дом. Устранение протечек, замена смесителей, прочистка канализации. Гарантия на работы. Звоните!"
Краснокамск,Мастер на час,master-na-chas,+7 (984) 333-32-49,https://master-na-dom.online/master-na-chas-krasnokamsk,master-na-chas-krasnokamsk,Мастер на час в Краснокамске | ПроМастер,"Мастер на час в Краснокамске с выездом на дом. Мелкий ремонт, сборка мебели, навешивание полок. Выезд за 30 минут. Звоните!"
Краснокамск,Ремонт окон,remont-okon,+7 (984) 333-32-49,https://master-na-dom.online/remont-okon-krasnokamsk,remont-okon-krasnokamsk,Ремонт окон в Краснокамске | ПроМастер,"Ремонт окон в Краснокамске с выездом на дом. Регулировка фурнитуры, замена уплотнителя, устранение продувания. Звоните!"
Краснокамск,Клининг,klining,+7 (984) 333-32-49,https://master-na-dom.online/klining-krasnokamsk,klining-krasnokamsk,Клининг в Краснокамске — вызов мастера на дом | ПроМастер,"Клининг в Краснокамске с выездом на дом. Генеральная уборка, уборка после ремонта, мытьё окон. Профессиональная химия и оборудование. Звоните!"
Краснокамск,Сборка мебели,sborka-mebeli,+7 (984) 333-32-49,https://master-na-dom.online/sborka-mebeli-krasnokamsk,sborka-mebeli-krasnokamsk,Сборка мебели в Краснокамске — вызов мастера на дом | ПроМастер,"Сборка мебели в Краснокамске с выездом на дом. Сборка шкафов, кухонь, кроватей и стеллажей. Аккуратно и со своим инструментом. Звоните!"
Красноярск,Ремонт стиральных машин,remont-stiralnyh-mashin,+7 (969) 999-24-97,https://master-na-dom.online/remont-stiralnyh-mashin-krasnoyarsk,remont-stiralnyh-mashin-krasnoyarsk,Ремонт стиральных машин в Красноярске | ПроМастер,"Ремонт стиральных машин в Красноярске с выездом на дом. Samsung, LG, Bosch, Indesit и другие марки. Диагностика бесплатно. Гарантия на ремонт. Звоните!"
Красноярск,Ремонт холодильников,remont-holodilnikov,+7 (969) 999-24-97,https://master-na-dom.online/remont-holodilnikov-krasnoyarsk,remont-holodilnikov-krasnoyarsk,Ремонт холодильников в Красноярске | ПроМастер,"Ремонт холодильников в Красноярске с выездом на дом. Samsung, LG, Bosch, Atlant и другие марки. Диагностика бесплатно. Гарантия на ремонт. Звоните!"
Красноярск,Ремонт посудомоечных машин,remont-pmm,+7 (969) 999-24-97,https://master-na-dom.online/remont-pmm-krasnoyarsk,remont-pmm-krasnoyarsk,Ремонт посудомоечных машин в Красноярске | ПроМастер,"Ремонт посудомоечных машин в Красноярске с выездом на дом. Bosch, Siemens, Electrolux и другие марки. Диагностика бесплатно. Звоните!"
Красноярск,Ремонт кондиционеров,remont-kondicionerov,+7 (969) 999-24-97,https://master-na-dom.online/remont-kondicionerov-krasnoyarsk,remont-kondicionerov-krasnoyarsk,Ремонт кондиционеров в Красноярске | ПроМастер,"Ремонт кондиционеров в Красноярске с выездом на дом. Обслуживание, заправка фреоном, ремонт сплит-систем. Гарантия на работы. Звоните!"
Красноярск,Компьютерная помощь,kp,+7 (986) 089-07-04,https://master-na-dom.online/kp-krasnoyarsk,kp-krasnoyarsk,Компьютерная помощь в Красноярске | ПроМастер,"Компьютерная помощь в Красноярске с выездом на дом. Настройка ПК, удаление вирусов, восстановление данных. Выезд мастера на дом. Звоните!"
Красноярск,Ремонт телевизоров,remont-televizorov,+7 (986) 089-07-04,https://master-na-dom.online/remont-televizorov-krasnoyarsk,remont-televizorov-krasnoyarsk,Ремонт телевизоров в Красноярске | ПроМастер,"Ремонт телевизоров в Красноярске с выездом на дом. Ремонт LED, OLED, Smart TV. Диагностика бесплатно. Гарантия на ремонт. Звоните!"
Красноярск,Ремонт варочных панелей,remont-varochnyh-panelej,+7 (969) 999-24-97,https://master-na-dom.online/remont-varochnyh-panelej-krasnoyarsk,remont-varochnyh-panelej-krasnoyarsk,Ремонт варочных панелей в Красноярске | ПроМастер,"Ремонт варочных панелей в Красноярске с выездом на дом. Индукционные, электрические и газовые панели. Гарантия на ремонт. Звоните!"
Красноярск,Ремонт духовых шкафов,remont-duhovyh-shkafov,+7 (969) 999-24-97,https://master-na-dom.online/remont-duhovyh-shkafov-krasnoyarsk,remont-duhovyh-shkafov-krasnoyarsk,Ремонт духовых шкафов в Красноярске | ПроМастер,Ремонт духовых шкафов в Красноярске с выездом на дом. Электрические и газовые духовки. Диагностика бесплатно. Звоните!
Красноярск,Ремонт водонагревателей,remont-vodonagrevatelej,+7 (969) 999-24-97,https://master-na-dom.online/remont-vodonagrevatelej-krasnoyarsk,remont-vodonagrevatelej-krasnoyarsk,Ремонт водонагревателей в Красноярске | ПроМастер,Ремонт водонагревателей в Красноярске с выездом на дом. Ремонт бойлеров и проточных водонагревателей. Гарантия на работы. Звоните!
Красноярск,Ремонт кофемашин,remont-kofemashin,+7 (969) 999-24-97,https://master-na-dom.online/remont-kofemashin-krasnoyarsk,remont-kofemashin-krasnoyarsk,Ремонт кофемашин в Красноярске | ПроМастер,"Ремонт кофемашин в Красноярске с выездом на дом. DeLonghi, Saeco, Bosch, Jura и другие марки. Диагностика бесплатно. Звоните!"
Красноярск,Дезинфекция,dezinfekciya,+7 (984) 333-32-49,https://master-na-dom.online/dezinfekciya-krasnoyarsk,dezinfekciya-krasnoyarsk,Дезинфекция в Красноярске — вызов мастера на дом | ПроМастер,"Дезинфекция в Красноярске с выездом на дом. Уничтожение насекомых, грызунов и плесени. Безопасные препараты, гарантия результата. Звоните!"
Красноярск,Электрик,elektrik,+7 (984) 333-32-49,https://master-na-dom.online/elektrik-krasnoyarsk,elektrik-krasnoyarsk,Электрик в Красноярске | ПроМастер,"Электрик в Красноярске с выездом на дом. Замена проводки, установка розеток, поиск неисправностей. Гарантия на работы. Звоните!"
Красноярск,Сантехник,santehnik,+7 (984) 333-32-49,https://master-na-dom.online/santehnik-krasnoyarsk,santehnik-krasnoyarsk,Сантехник в Красноярске | ПроМастер,"Сантехник в Красноярске с выездом на дом. Устранение протечек, замена смесителей, прочистка канализации. Гарантия на работы. Звоните!"
Красноярск,Мастер на час,master-na-chas,+7 (984) 333-32-49,https://master-na-dom.online/master-na-chas-krasnoyarsk,master-na-chas-krasnoyarsk,Мастер на час в Красноярске | ПроМастер,"Мастер на час в Красноярске с выездом на дом. Мелкий ремонт, сборка мебели, навешивание полок. Выезд за 30 минут. Звоните!"
Красноярск,Ремонт окон,remont-okon,+7 (984) 333-32-49,https://master-na-dom.online/remont-okon-krasnoyarsk,remont-okon-krasnoyarsk,Ремонт окон в Красноярске | ПроМастер,"Ремонт окон в Красноярске с выездом на дом. Регулировка фурнитуры, замена уплотнителя, устранение продувания. Звоните!"
Красноярск,Клининг,klining,+7 (984) 333-32-49,https://master-na-dom.online/klining-krasnoyarsk,klining-krasnoyarsk,Клининг в Красноярске — вызов мастера на дом | ПроМастер,"Клининг в Красноярске с выездом на дом. Генеральная уборка, уборка после ремонта, мытьё окон. Профессиональная химия и оборудование. Звоните!"
Красноярск,Сборка мебели,sborka-mebeli,+7 (984) 333-32-49,https://master-na-dom.online/sborka-mebeli-krasnoyarsk,sborka-mebeli-krasnoyarsk,Сборка мебели в Красноярске — вызов мастера на дом | ПроМастер,"Сборка мебели в Красноярске с выездом на дом. Сборка шкафов, кухонь, кроватей и стеллажей. Аккуратно и со своим инструментом. Звоните!"
Кстово,Ремонт стиральных машин,remont-stiralnyh-mashin,+7 (969) 999-24-97,https://master-na-dom.online/remont-stiralnyh-mashin-kstovo,remont-stiralnyh-mashin-kstovo,Ремонт стиральных машин в Кстово | ПроМастер,"Ремонт стиральных машин в Кстово с выездом на дом. Samsung, LG, Bosch, Indesit и другие марки. Диагностика бесплатно. Гарантия на ремонт. Звоните!"
Кстово,Ремонт холодильников,remont-holodilnikov,+7 (969) 999-24-97,https://master-na-dom.online/remont-holodilnikov-kstovo,remont-holodilnikov-kstovo,Ремонт холодильников в Кстово | ПроМастер,"Ремонт холодильников в Кстово с выездом на дом. Samsung, LG, Bosch, Atlant и другие марки. Диагностика бесплатно. Гарантия на ремонт. Звоните!"
Кстово,Ремонт посудомоечных машин,remont-pmm,+7 (969) 999-24-97,https://master-na-dom.online/remont-pmm-kstovo,remont-pmm-kstovo,Ремонт посудомоечных машин в Кстово | ПроМастер,"Ремонт посудомоечных машин в Кстово с выездом на дом. Bosch, Siemens, Electrolux и другие марки. Диагностика бесплатно. Звоните!"
Кстово,Ремонт кондиционеров,remont-kondicionerov,+7 (969) 999-24-97,https://master-na-dom.online/remont-kondicionerov-kstovo,remont-kondicionerov-kstovo,Ремонт кондиционеров в Кстово | ПроМастер,"Ремонт кондиционеров в Кстово с выездом на дом. Обслуживание, заправка фреоном, ремонт сплит-систем. Гарантия на работы. Звоните!"
Кстово,Компьютерная помощь,kp,+7 (986) 089-07-04,https://master-na-dom.online/kp-kstovo,kp-kstovo,Компьютерная помощь в Кстово | ПроМастер,"Компьютерная помощь в Кстово с выездом на дом. Настройка ПК, удаление вирусов, восстановление данных. Выезд мастера на дом. Звоните!"
Кстово,Ремонт телевизоров,remont-televizorov,+7 (986) 089-07-04,https://master-na-dom.online/remont-televizorov-kstovo,remont-televizorov-kstovo,Ремонт телевизоров в Кстово | ПроМастер,"Ремонт телевизоров в Кстово с выездом на дом. Ремонт LED, OLED, Smart TV. Диагностика бесплатно. Гарантия на ремонт. Звоните!"
Кстово,Ремонт варочных панелей,remont-varochnyh-panelej,+7 (969) 999-24-97,https://master-na-dom.online/remont-varochnyh-panelej-kstovo,remont-varochnyh-panelej-kstovo,Ремонт варочных панелей в Кстово | ПроМастер,"Ремонт варочных панелей в Кстово с выездом на дом. Индукционные, электрические и газовые панели. Гарантия на ремонт. Звоните!"
Кстово,Ремонт духовых шкафов,remont-duhovyh-shkafov,+7 (969) 999-24-97,https://master-na-dom.online/remont-duhovyh-shkafov-kstovo,remont-duhovyh-shkafov-kstovo,Ремонт духовых шкафов в Кстово | ПроМастер,Ремонт духовых шкафов в Кстово с выездом на дом. Электрические и газовые духовки. Диагностика бесплатно. Звоните!
Кстово,Ремонт водонагревателей,remont-vodonagrevatelej,+7 (969) 999-24-97,https://master-na-dom.online/remont-vodonagrevatelej-kstovo,remont-vodonagrevatelej-kstovo,Ремонт водонагревателей в Кстово | ПроМастер,Ремонт водонагревателей в Кстово с выездом на дом. Ремонт бойлеров и проточных водонагревателей. Гарантия на работы. Звоните!
Кстово,Ремонт кофемашин,remont-kofemashin,+7 (969) 999-24-97,https://master-na-dom.online/remont-kofemashin-kstovo,remont-kofemashin-kstovo,Ремонт кофемашин в Кстово | ПроМастер,"Ремонт кофемашин в Кстово с выездом на дом. DeLonghi, Saeco, Bosch, Jura и другие марки. Диагностика бесплатно. Звоните!"
Кстово,Дезинфекция,dezinfekciya,+7 (984) 333-32-49,https://master-na-dom.online/dezinfekciya-kstovo,dezinfekciya-kstovo,Дезинфекция в Кстово — вызов мастера на дом | ПроМастер,"Дезинфекция в Кстово с выездом на дом. Уничтожение насекомых, грызунов и плесени. Безопасные препараты, гарантия результата. Звоните!"
Кстово,Электрик,elektrik,+7 (984) 333-32-49,https://master-na-dom.online/elektrik-kstovo,elektrik-kstovo,Электрик в Кстово | ПроМастер,"Электрик в Кстово с выездом на дом. Замена проводки, установка розеток, поиск неисправностей. Гарантия на работы. Звоните!"
Кстово,Сантехник,santehnik,+7 (984) 333-32-49,https://master-na-dom.online/santehnik-kstovo,santehnik-kstovo,Сантехник в Кстово | ПроМастер,"Сантехник в Кстово с выездом на дом. Устранение протечек, замена смесителей, прочистка канализации. Гарантия на работы. Звоните!"
Кстово,Мастер на час,master-na-chas,+7 (984) 333-32-49,https://master-na-dom.online/master-na-chas-kstovo,master-na-chas-kstovo,Мастер на час в Кстово | ПроМастер,"Мастер на час в Кстово с выездом на дом. Мелкий ремонт, сборка мебели, навешивание полок. Выезд за 30 минут. Звоните!"
Кстово,Ремонт окон,remont-okon,+7 (984) 333-32-49,https://master-na-dom.online/remont-okon-kstovo,remont-okon-kstovo,Ремонт окон в Кстово | ПроМастер,"Ремонт окон в Кстово с выездом на дом. Регулировка фурнитуры, замена уплотнителя, устранение продувания. Звоните!"
Кстово,Клининг,klining,+7 (984) 333-32-49,https://master-na-dom.online/klining-kstovo,klining-kstovo,Клининг в Кстово — вызов мастера на дом | ПроМастер,"Клининг в Кстово с выездом на дом. Генеральная уборка, уборка после ремонта, мытьё окон. Профессиональная химия и оборудование. Звоните!"
Кстово,Сборка мебели,sborka-mebeli,+7 (984) 333-32-49,https://master-na-dom.online/sborka-mebeli-kstovo,sborka-mebeli-kstovo,Сборка мебели в Кстово — вызов мастера на дом | ПроМастер,"Сборка мебели в Кстово с выездом на дом. Сборка шкафов, кухонь, кроватей и стеллажей. Аккуратно и со своим инструментом. Звоните!"
Москва,Ремонт стиральных машин,remont-stiralnyh-mashin,+7 (969) 999-24-97,https://master-na-dom.online/remont-stiralnyh-mashin-moskva,remont-stiralnyh-mashin-moskva,Ремонт стиральных машин в Москве | ПроМастер,"Ремонт стиральных машин в Москве с выездом на дом. Samsung, LG, Bosch, Indesit и другие марки. Диагностика бесплатно. Гарантия на ремонт. Звоните!"
Москва,Ремонт холодильников,remont-holodilnikov,+7 (969) 999-24-97,https://master-na-dom.online/remont-holodilnikov-moskva,remont-holodilnikov-moskva,Ремонт холодильников в Москве | ПроМастер,"Ремонт холодильников в Москве с выездом на дом. Samsung, LG, Bosch, Atlant и другие марки. Диагностика бесплатно. Гарантия на ремонт. Звоните!"
Москва,Ремонт посудомоечных машин,remont-pmm,+7 (969) 999-24-97,https://master-na-dom.online/remont-pmm-moskva,remont-pmm-moskva,Ремонт посудомоечных машин в Москве | ПроМастер,"Ремонт посудомоечных машин в Москве с выездом на дом. Bosch, Siemens, Electrolux и другие марки. Диагностика бесплатно. Звоните!"
Москва,Ремонт кондиционеров,remont-kondicionerov,+7 (969) 999-24-97,https://master-na-dom.online/remont-kondicionerov-moskva,remont-kondicionerov-moskva,Ремонт кондиционеров в Москве | ПроМастер,"Ремонт кондиционеров в Москве с выездом на дом. Обслуживание, заправка фреоном, ремонт сплит-систем. Гарантия на работы. Звоните!"
Москва,Компьютерная помощь,kp,+7 (986) 089-07-04,https://master-na-dom.online/kp-moskva,kp-moskva,Компьютерная помощь в Москве | ПроМастер,"Компьютерная помощь в Москве с выездом на дом. Настройка ПК, удаление вирусов, восстановление данных. Выезд мастера на дом. Звоните!"
Москва,Ремонт телевизоров,remont-televizorov,+7 (986) 089-07-04,https://master-na-dom.online/remont-televizorov-moskva,remont-televizorov-moskva,Ремонт телевизоров в Москве | ПроМастер,"Ремонт телевизоров в Москве с выездом на дом. Ремонт LED, OLED, Smart TV. Диагностика бесплатно. Гарантия на ремонт. Звоните!"
Москва,Ремонт варочных панелей,remont-varochnyh-panelej,+7 (969) 999-24-97,https://master-na-dom.online/remont-varochnyh-panelej-moskva,remont-varochnyh-panelej-moskva,Ремонт варочных панелей в Москве | ПроМастер,"Ремонт варочных панелей в Москве с выездом на дом. Индукционные, электрические и газовые панели. Гарантия на ремонт. Звоните!"
Москва,Ремонт духовых шкафов,remont-duhovyh-shkafov,+7 (969) 999-24-97,https://master-na-dom.online/remont-duhovyh-shkafov-moskva,remont-duhovyh-shkafov-moskva,Ремонт духовых шкафов в Москве | ПроМастер,Ремонт духовых шкафов в Москве с выездом на дом. Электрические и газовые духовки. Диагностика бесплатно. Звоните!
Москва,Ремонт водонагревателей,remont-vodonagrevatelej,+7 (969) 999-24-97,https://master-na-dom.online/remont-vodonagrevatelej-moskva,remont-vodonagrevatelej-moskva,Ремонт водонагревателей в Москве | ПроМастер,Ремонт водонагревателей в Москве с выездом на дом. Ремонт бойлеров и проточных водонагревателей. Гарантия на работы. Звоните!
Москва,Ремонт кофемашин,remont-kofemashin,+7 (969) 999-24-97,https://master-na-dom.online/remont-kofemashin-moskva,remont-kofemashin-moskva,Ремонт кофемашин в Москве | ПроМастер,"Ремонт кофемашин в Москве с выездом на дом. DeLonghi, Saeco, Bosch, Jura и другие марки. Диагностика бесплатно. Звоните!"
Москва,Дезинфекция,dezinfekciya,+7 (984) 333-32-49,https://master-na-dom.online/dezinfekciya-moskva,dezinfekciya-moskva,Дезинфекция в Москве — вызов мастера на дом | ПроМастер,"Дезинфекция в Москве с выездом на дом. Уничтожение насекомых, грызунов и плесени. Безопасные препараты, гарантия результата. Звоните!"
Москва,Электрик,elektrik,+7 (984) 333-32-49,https://master-na-dom.online/elektrik-moskva,elektrik-moskva,Электрик в Москве | ПроМастер,"Электрик в Москве с выездом на дом. Замена проводки, установка розеток, поиск неисправностей. Гарантия на работы. Звоните!"
Москва,Сантехник,santehnik,+7 (984) 333-32-49,https://master-na-dom.online/santehnik-moskva,santehnik-moskva,Сантехник в Москве | ПроМастер,"Сантехник в Москве с выездом на дом. Устранение протечек, замена смесителей, прочистка канализации. Гарантия на работы. Звоните!"
Москва,Мастер на час,master-na-chas,+7 (984) 333-32-49,https://master-na-dom.online/master-na-chas-moskva,master-na-chas-moskva,Мастер на час в Москве | ПроМастер,"Мастер на час в Москве с выездом на дом. Мелкий ремонт, сборка мебели, навешивание полок. Выезд за 30 минут. Звоните!"
Москва,Ремонт окон,remont-okon,+7 (984) 333-32-49,https://master-na-dom.online/remont-okon-moskva,remont-okon-moskva,Ремонт окон в Москве | ПроМастер,"Ремонт окон в Москве с выездом на дом. Регулировка фурнитуры, замена уплотнителя, устранение продувания. Звоните!"
Москва,Клининг,klining,+7 (984) 333-32-49,https://master-na-dom.online/klining-moskva,klining-moskva,Клининг в Москве — вызов мастера на дом | ПроМастер,"Клининг в Москве с выездом на дом. Генеральная уборка, уборка после ремонта, мытьё окон. Профессиональная химия и оборудование. Звоните!"
Москва,Сборка мебели,sborka-mebeli,+7 (984) 333-32-49,https://master-na-dom.online/sborka-mebeli-moskva,sborka-mebeli-moskva,Сборка мебели в Москве — вызов мастера на дом | ПроМастер,"Сборка мебели в Москве с выездом на дом. Сборка шкафов, кухонь, кроватей и стеллажей. Аккуратно и со своим инструментом. Звоните!"
Новокуйбышевск,Ремонт стиральных машин,remont-stiralnyh-mashin,+7 (969) 999-24-97,https://master-na-dom.online/remont-stiralnyh-mashin-novokuybyshevsk,remont-stiralnyh-mashin-novokuybyshevsk,Ремонт стиральных машин в Новокуйбышевске | ПроМастер,"Ремонт стиральных машин в Новокуйбышевске с выездом на дом. Samsung, LG, Bosch, Indesit и другие марки. Диагностика бесплатно. Гарантия на ремонт. Звоните!"
Новокуйбышевск,Ремонт холодильников,remont-holodilnikov,+7 (969) 999-24-97,https://master-na-dom.online/remont-holodilnikov-novokuybyshevsk,remont-holodilnikov-novokuybyshevsk,Ремонт холодильников в Новокуйбышевске | ПроМастер,"Ремонт холодильников в Новокуйбышевске с выездом на дом. Samsung, LG, Bosch, Atlant и другие марки. Диагностика бесплатно. Гарантия на ремонт. Звоните!"
Новокуйбышевск,Ремонт посудомоечных машин,remont-pmm,+7 (969) 999-24-97,https://master-na-dom.online/remont-pmm-novokuybyshevsk,remont-pmm-novokuybyshevsk,Ремонт посудомоечных машин в Новокуйбышевске | ПроМастер,"Ремонт посудомоечных машин в Новокуйбышевске с выездом на дом. Bosch, Siemens, Electrolux и другие марки. Диагностика бесплатно. Звоните!"
Новокуйбышевск,Ремонт кондиционеров,remont-kondicionerov,+7 (969) 999-24-97,https://master-na-dom.online/remont-kondicionerov-novokuybyshevsk,remont-kondicionerov-novokuybyshevsk,Ремонт кондиционеров в Новокуйбышевске | ПроМастер,"Ремонт кондиционеров в Новокуйбышевске с выездом на дом. Обслуживание, заправка фреоном, ремонт сплит-систем. Гарантия на работы. Звоните!"
Новокуйбышевск,Компьютерная помощь,kp,+7 (986) 089-07-04,https://master-na-dom.online/kp-novokuybyshevsk,kp-novokuybyshevsk,Компьютерная помощь в Новокуйбышевске | ПроМастер,"Компьютерная помощь в Новокуйбышевске с выездом на дом. Настройка ПК, удаление вирусов, восстановление данных. Выезд мастера на дом. Звоните!"
Новокуйбышевск,Ремонт телевизоров,remont-televizorov,+7 (986) 089-07-04,https://master-na-dom.online/remont-televizorov-novokuybyshevsk,remont-televizorov-novokuybyshevsk,Ремонт телевизоров в Новокуйбышевске | ПроМастер,"Ремонт телевизоров в Новокуйбышевске с выездом на дом. Ремонт LED, OLED, Smart TV. Диагностика бесплатно. Гарантия на ремонт. Звоните!"
Новокуйбышевск,Ремонт варочных панелей,remont-varochnyh-panelej,+7 (969) 999-24-97,https://master-na-dom.online/remont-varochnyh-panelej-novokuybyshevsk,remont-varochnyh-panelej-novokuybyshevsk,Ремонт варочных панелей в Новокуйбышевске | ПроМастер,"Ремонт варочных панелей в Новокуйбышевске с выездом на дом. Индукционные, электрические и газовые панели. Гарантия на ремонт. Звоните!"
Новокуйбышевск,Ремонт духовых шкафов,remont-duhovyh-shkafov,+7 (969) 999-24-97,https://master-na-dom.online/remont-duhovyh-shkafov-novokuybyshevsk,remont-duhovyh-shkafov-novokuybyshevsk,Ремонт духовых шкафов в Новокуйбышевске | ПроМастер,Ремонт духовых шкафов в Новокуйбышевске с выездом на дом. Электрические и газовые духовки. Диагностика бесплатно. Звоните!
Новокуйбышевск,Ремонт водонагревателей,remont-vodonagrevatelej,+7 (969) 999-24-97,https://master-na-dom.online/remont-vodonagrevatelej-novokuybyshevsk,remont-vodonagrevatelej-novokuybyshevsk,Ремонт водонагревателей в Новокуйбышевске | ПроМастер,Ремонт водонагревателей в Новокуйбышевске с выездом на дом. Ремонт бойлеров и проточных водонагревателей. Гарантия на работы. Звоните!
Новокуйбышевск,Ремонт кофемашин,remont-kofemashin,+7 (969) 999-24-97,https://master-na-dom.online/remont-kofemashin-novokuybyshevsk,remont-kofemashin-novokuybyshevsk,Ремонт кофемашин в Новокуйбышевске | ПроМастер,"Ремонт кофемашин в Новокуйбышевске с выездом на дом. DeLonghi, Saeco, Bosch, Jura и другие марки. Диагностика бесплатно. Звоните!"
Новокуйбышевск,Дезинфекция,dezinfekciya,+7 (984) 333-32-49,https://master-na-dom.online/dezinfekciya-novokuybyshevsk,dezinfekciya-novokuybyshevsk,Дезинфекция в Новокуйбышевске — вызов мастера на дом | ПроМастер,"Дезинфекция в Новокуйбышевске с выездом на дом. Уничтожение насекомых, грызунов и плесени. Безопасные препараты, гарантия результата. Звоните!"
Новокуйбышевск,Электрик,elektrik,+7 (984) 333-32-49,https://master-na-dom.online/elektrik-novokuybyshevsk,elektrik-novokuybyshevsk,Электрик в Новокуйбышевске | ПроМастер,"Электрик в Новокуйбышевске с выездом на дом. Замена проводки, установка розеток, поиск неисправностей. Гарантия на работы. Звоните!"
Новокуйбышевск,Сантехник,santehnik,+7 (984) 333-32-49,https://master-na-dom.online/santehnik-novokuybyshevsk,santehnik-novokuybyshevsk,Сантехник в Новокуйбышевске | ПроМастер,"Сантехник в Новокуйбышевске с выездом на дом. Устранение протечек, замена смесителей, прочистка канализации. Гарантия на работы. Звоните!"
Новокуйбышевск,Мастер на час,master-na-chas,+7 (984) 333-32-49,https://master-na-dom.online/master-na-chas-novokuybyshevsk,master-na-chas-novokuybyshevsk,Мастер на час в Новокуйбышевске | ПроМастер,"Мастер на час в Новокуйбышевске с выездом на дом. Мелкий ремонт, сборка мебели, навешивание полок. Выезд за 30 минут. Звоните!"
Новокуйбышевск,Ремонт окон,remont-okon,+7 (984) 333-32-49,https://master-na-dom.online/remont-okon-novokuybyshevsk,remont-okon-novokuybyshevsk,Ремонт окон в Новокуйбышевске | ПроМастер,"Ремонт окон в Новокуйбышевске с выездом на дом. Регулировка фурнитуры, замена уплотнителя, устранение продувания. Звоните!"
Новокуйбышевск,Клининг,klining,+7 (984) 333-32-49,https://master-na-dom.online/klining-novokuybyshevsk,klining-novokuybyshevsk,Клининг в Новокуйбышевске — вызов мастера на дом | ПроМастер,"Клининг в Новокуйбышевске с выездом на дом. Генеральная уборка, уборка после ремонта, мытьё окон. Профессиональная химия и оборудование. Звоните!"
Новокуйбышевск,Сборка мебели,sborka-mebeli,+7 (984) 333-32-49,https://master-na-dom.online/sborka-mebeli-novokuybyshevsk,sborka-mebeli-novokuybyshevsk,Сборка мебели в Новокуйбышевске — вызов мастера на дом | ПроМастер,"Сборка мебели в Новокуйбышевске с выездом на дом. Сборка шкафов, кухонь, кроватей и стеллажей. Аккуратно и со своим инструментом. Звоните!"
Новосибирск,Ремонт стиральных машин,remont-stiralnyh-mashin,+7 (969) 999-24-97,https://master-na-dom.online/remont-stiralnyh-mashin-novosibirsk,remont-stiralnyh-mashin-novosibirsk,Ремонт стиральных машин в Новосибирске | ПроМастер,"Ремонт стиральных машин в Новосибирске с выездом на дом. Samsung, LG, Bosch, Indesit и другие марки. Диагностика бесплатно. Гарантия на ремонт. Звоните!"
Новосибирск,Ремонт холодильников,remont-holodilnikov,+7 (969) 999-24-97,https://master-na-dom.online/remont-holodilnikov-novosibirsk,remont-holodilnikov-novosibirsk,Ремонт холодильников в Новосибирске | ПроМастер,"Ремонт холодильников в Новосибирске с выездом на дом. Samsung, LG, Bosch, Atlant и другие марки. Диагностика бесплатно. Гарантия на ремонт. Звоните!"
Новосибирск,Ремонт посудомоечных машин,remont-pmm,+7 (969) 999-24-97,https://master-na-dom.online/remont-pmm-novosibirsk,remont-pmm-novosibirsk,Ремонт посудомоечных машин в Новосибирске | ПроМастер,"Ремонт посудомоечных машин в Новосибирске с выездом на дом. Bosch, Siemens, Electrolux и другие марки. Диагностика бесплатно. Звоните!"
Новосибирск,Ремонт кондиционеров,remont-kondicionerov,+7 (969) 999-24-97,https://master-na-dom.online/remont-kondicionerov-novosibirsk,remont-kondicionerov-novosibirsk,Ремонт кондиционеров в Новосибирске | ПроМастер,"Ремонт кондиционеров в Новосибирске с выездом на дом. Обслуживание, заправка фреоном, ремонт сплит-систем. Гарантия на работы. Звоните!"
Новосибирск,Компьютерная помощь,kp,+7 (986) 089-07-04,https://master-na-dom.online/kp-novosibirsk,kp-novosibirsk,Компьютерная помощь в Новосибирске | ПроМастер,"Компьютерная помощь в Новосибирске с выездом на дом. Настройка ПК, удаление вирусов, восстановление данных. Выезд мастера на дом. Звоните!"
Новосибирск,Ремонт телевизоров,remont-televizorov,+7 (986) 089-07-04,https://master-na-dom.online/remont-televizorov-novosibirsk,remont-televizorov-novosibirsk,Ремонт телевизоров в Новосибирске | ПроМастер,"Ремонт телевизоров в Новосибирске с выездом на дом. Ремонт LED, OLED, Smart TV. Диагностика бесплатно. Гарантия на ремонт. Звоните!"
Новосибирск,Ремонт варочных панелей,remont-varochnyh-panelej,+7 (969) 999-24-97,https://master-na-dom.online/remont-varochnyh-panelej-novosibirsk,remont-varochnyh-panelej-novosibirsk,Ремонт варочных панелей в Новосибирске | ПроМастер,"Ремонт варочных панелей в Новосибирске с выездом на дом. Индукционные, электрические и газовые панели. Гарантия на ремонт. Звоните!"
Новосибирск,Ремонт духовых шкафов,remont-duhovyh-shkafov,+7 (969) 999-24-97,https://master-na-dom.online/remont-duhovyh-shkafov-novosibirsk,remont-duhovyh-shkafov-novosibirsk,Ремонт духовых шкафов в Новосибирске | ПроМастер,Ремонт духовых шкафов в Новосибирске с выездом на дом. Электрические и газовые духовки. Диагностика бесплатно. Звоните!
Новосибирск,Ремонт водонагревателей,remont-vodonagrevatelej,+7 (969) 999-24-97,https://master-na-dom.online/remont-vodonagrevatelej-novosibirsk,remont-vodonagrevatelej-novosibirsk,Ремонт водонагревателей в Новосибирске | ПроМастер,Ремонт водонагревателей в Новосибирске с выездом на дом. Ремонт бойлеров и проточных водонагревателей. Гарантия на работы. Звоните!
Новосибирск,Ремонт кофемашин,remont-kofemashin,+7 (969) 999-24-97,https://master-na-dom.online/remont-kofemashin-novosibirsk,remont-kofemashin-novosibirsk,Ремонт кофемашин в Новосибирске | ПроМастер,"Ремонт кофемашин в Новосибирске с выездом на дом. DeLonghi, Saeco, Bosch, Jura и другие марки. Диагностика бесплатно. Звоните!"
Новосибирск,Дезинфекция,dezinfekciya,+7 (984) 333-32-49,https://master-na-dom.online/dezinfekciya-novosibirsk,dezinfekciya-novosibirsk,Дезинфекция в Новосибирске — вызов мастера на дом | ПроМастер,"Дезинфекция в Новосибирске с выездом на дом. Уничтожение насекомых, грызунов и плесени. Безопасные препараты, гарантия результата. Звоните!"
Новосибирск,Электрик,elektrik,+7 (984) 333-32-49,https://master-na-dom.online/elektrik-novosibirsk,elektrik-novosibirsk,Электрик в Новосибирске | ПроМастер,"Электрик в Новосибирске с выездом на дом. Замена проводки, установка розеток, поиск неисправностей. Гарантия на работы. Звоните!"
Новосибирск,Сантехник,santehnik,+7 (984) 333-32-49,https://master-na-dom.online/santehnik-novosibirsk,santehnik-novosibirsk,Сантехник в Новосибирске | ПроМастер,"Сантехник в Новосибирске с выездом на дом. Устранение протечек, замена смесителей, прочистка канализации. Гарантия на работы. Звоните!"
Новосибирск,Мастер на час,master-na-chas,+7 (984) 333-32-49,https://master-na-dom.online/master-na-chas-novosibirsk,master-na-chas-novosibirsk,Мастер на час в Новосибирске | ПроМастер,"Мастер на час в Новосибирске с выездом на дом. Мелкий ремонт, сборка мебели, навешивание полок. Выезд за 30 минут. Звоните!"
Новосибирск,Ремонт окон,remont-okon,+7 (984) 333-32-49,https://master-na-dom.online/remont-okon-novosibirsk,remont-okon-novosibirsk,Ремонт окон в Новосибирске | ПроМастер,"Ремонт окон в Новосибирске с выездом на дом. Регулировка фурнитуры, замена уплотнителя, устранение продувания. Звоните!"
Новосибирск,Клининг,klining,+7 (984) 333-32-49,https://master-na-dom.online/klining-novosibirsk,klining-novosibirsk,Клининг в Новосибирске — вызов мастера на дом | ПроМастер,"Клининг в Новосибирске с выездом на дом. Генеральная уборка, уборка после ремонта, мытьё окон. Профессиональная химия и оборудование. Звоните!"
Новосибирск,Сборка мебели,sborka-mebeli,+7 (984) 333-32-49,https://master-na-dom.online/sborka-mebeli-novosibirsk,sborka-mebeli-novosibirsk,Сборка мебели в Новосибирске — вызов мастера на дом | ПроМастер,"Сборка мебели в Новосибирске с выездом на дом. Сборка шкафов, кухонь, кроватей и стеллажей. Аккуратно и со своим инструментом. Звоните!"
Омск,Ремонт стиральных машин,remont-stiralnyh-mashin,+7 (969) 999-24-97,https://master-na-dom.online/remont-stiralnyh-mashin-omsk,remont-stiralnyh-mashin-omsk,Ремонт стиральных машин в Омске | ПроМастер,"Ремонт стиральных машин в Омске с выездом на дом. Samsung, LG, Bosch, Indesit и другие марки. Диагностика бесплатно. Гарантия на ремонт. Звоните!"
Омск,Ремонт холодильников,remont-holodilnikov,+7 (969) 999-24-97,https://master-na-dom.online/remont-holodilnikov-omsk,remont-holodilnikov-omsk,Ремонт холодильников в Омске | ПроМастер,"Ремонт холодильников в Омске с выездом на дом. Samsung, LG, Bosch, Atlant и другие марки. Диагностика бесплатно. Гарантия на ремонт. Звоните!"
Омск,Ремонт посудомоечных машин,remont-pmm,+7 (969) 999-24-97,https://master-na-dom.online/remont-pmm-omsk,remont-pmm-omsk,Ремонт посудомоечных машин в Омске | ПроМастер,"Ремонт посудомоечных машин в Омске с выездом на дом. Bosch, Siemens, Electrolux и другие марки. Диагностика бесплатно. Звоните!"
Омск,Ремонт кондиционеров,remont-kondicionerov,+7 (969) 999-24-97,https://master-na-dom.online/remont-kondicionerov-omsk,remont-kondicionerov-omsk,Ремонт кондиционеров в Омске | ПроМастер,"Ремонт кондиционеров в Омске с выездом на дом. Обслуживание, заправка фреоном, ремонт сплит-систем. Гарантия на работы. Звоните!"
Омск,Компьютерная помощь,kp,+7 (986) 089-07-04,https://master-na-dom.online/kp-omsk,kp-omsk,Компьютерная помощь в Омске | ПроМастер,"Компьютерная помощь в Омске с выездом на дом. Настройка ПК, удаление вирусов, восстановление данных. Выезд мастера на дом. Звоните!"
Омск,Ремонт телевизоров,remont-televizorov,+7 (986) 089-07-04,https://master-na-dom.online/remont-televizorov-omsk,remont-televizorov-omsk,Ремонт телевизоров в Омске | ПроМастер,"Ремонт телевизоров в Омске с выездом на дом. Ремонт LED, OLED, Smart TV. Диагностика бесплатно. Гарантия на ремонт. Звоните!"
Омск,Ремонт варочных панелей,remont-varochnyh-panelej,+7 (969) 999-24-97,https://master-na-dom.online/remont-varochnyh-panelej-omsk,remont-varochnyh-panelej-omsk,Ремонт варочных панелей в Омске | ПроМастер,"Ремонт варочных панелей в Омске с выездом на дом. Индукционные, электрические и газовые панели. Гарантия на ремонт. Звоните!"
Омск,Ремонт духовых шкафов,remont-duhovyh-shkafov,+7 (969) 999-24-97,https://master-na-dom.online/remont-duhovyh-shkafov-omsk,remont-duhovyh-shkafov-omsk,Ремонт духовых шкафов в Омске | ПроМастер,Ремонт духовых шкафов в Омске с выездом на дом. Электрические и газовые духовки. Диагностика бесплатно. Звоните!
Омск,Ремонт водонагревателей,remont-vodonagrevatelej,+7 (969) 999-24-97,https://master-na-dom.online/remont-vodonagrevatelej-omsk,remont-vodonagrevatelej-omsk,Ремонт водонагревателей в Омске | ПроМастер,Ремонт водонагревателей в Омске с выездом на дом. Ремонт бойлеров и проточных водонагревателей. Гарантия на работы. Звоните!
Омск,Ремонт кофемашин,remont-kofemashin,+7 (969) 999-24-97,https://master-na-dom.online/remont-kofemashin-omsk,remont-kofemashin-omsk,Ремонт кофемашин в Омске | ПроМастер,"Ремонт кофемашин в Омске с выездом на дом. DeLonghi, Saeco, Bosch, Jura и другие марки. Диагностика бесплатно. Звоните!"
Омск,Дезинфекция,dezinfekciya,+7 (984) 333-32-49,https://master-na-dom.online/dezinfekciya-omsk,dezinfekciya-omsk,Дезинфекция в Омске — вызов мастера на дом | ПроМастер,"Дезинфекция в Омске с выездом на дом. Уничтожение насекомых, грызунов и плесени. Безопасные препараты, гарантия результата. Звоните!"
Омск,Электрик,elektrik,+7 (984) 333-32-49,https://master-na-dom.online/elektrik-omsk,elektrik-omsk,Электрик в Омске | ПроМастер,"Электрик в Омске с выездом на дом. Замена проводки, установка розеток, поиск неисправностей. Гарантия на работы. Звоните!"
Омск,Сантехник,santehnik,+7 (984) 333-32-49,https://master-na-dom.online/santehnik-omsk,santehnik-omsk,Сантехник в Омске | ПроМастер,"Сантехник в Омске с выездом на дом. Устранение протечек, замена смесителей, прочистка канализации. Гарантия на работы. Звоните!"
Омск,Мастер на час,master-na-chas,+7 (984) 333-32-49,https://master-na-dom.online/master-na-chas-omsk,master-na-chas-omsk,Мастер на час в Омске | ПроМастер,"Мастер на час в Омске с выездом на дом. Мелкий ремонт, сборка мебели, навешивание полок. Выезд за 30 минут. Звоните!"
Омск,Ремонт окон,remont-okon,+7 (984) 333-32-49,https://master-na-dom.online/remont-okon-omsk,remont-okon-omsk,Ремонт окон в Омске | ПроМастер,"Ремонт окон в Омске с выездом на дом. Регулировка фурнитуры, замена уплотнителя, устранение продувания. Звоните!"
Омск,Клининг,klining,+7 (984) 333-32-49,https://master-na-dom.online/klining-omsk,klining-omsk,Клининг в Омске — вызов мастера на дом | ПроМастер,"Клининг в Омске с выездом на дом. Генеральная уборка, уборка после ремонта, мытьё окон. Профессиональная химия и оборудование. Звоните!"
Омск,Сборка мебели,sborka-mebeli,+7 (984) 333-32-49,https://master-na-dom.online/sborka-mebeli-omsk,sborka-mebeli-omsk,Сборка мебели в Омске — вызов мастера на дом | ПроМастер,"Сборка мебели в Омске с выездом на дом. Сборка шкафов, кухонь, кроватей и стеллажей. Аккуратно и со своим инструментом. Звоните!"
Пермь,Ремонт стиральных машин,remont-stiralnyh-mashin,+7 (969) 999-24-97,https://master-na-dom.online/remont-stiralnyh-mashin-perm,remont-stiralnyh-mashin-perm,Ремонт стиральных машин в Перми | ПроМастер,"Ремонт стиральных машин в Перми с выездом на дом. Samsung, LG, Bosch, Indesit и другие марки. Диагностика бесплатно. Гарантия на ремонт. Звоните!"
Пермь,Ремонт холодильников,remont-holodilnikov,+7 (969) 999-24-97,https://master-na-dom.online/remont-holodilnikov-perm,remont-holodilnikov-perm,Ремонт холодильников в Перми | ПроМастер,"Ремонт холодильников в Перми с выездом на дом. Samsung, LG, Bosch, Atlant и другие марки. Диагностика бесплатно. Гарантия на ремонт. Звоните!"
Пермь,Ремонт посудомоечных машин,remont-pmm,+7 (969) 999-24-97,https://master-na-dom.online/remont-pmm-perm,remont-pmm-perm,Ремонт посудомоечных машин в Перми | ПроМастер,"Ремонт посудомоечных машин в Перми с выездом на дом. Bosch, Siemens, Electrolux и другие марки. Диагностика бесплатно. Звоните!"
Пермь,Ремонт кондиционеров,remont-kondicionerov,+7 (969) 999-24-97,https://master-na-dom.online/remont-kondicionerov-perm,remont-kondicionerov-perm,Ремонт кондиционеров в Перми | ПроМастер,"Ремонт кондиционеров в Перми с выездом на дом. Обслуживание, заправка фреоном, ремонт сплит-систем. Гарантия на работы. Звоните!"
Пермь,Компьютерная помощь,kp,+7 (986) 089-07-04,https://master-na-dom.online/kp-perm,kp-perm,Компьютерная помощь в Перми | ПроМастер,"Компьютерная помощь в Перми с выездом на дом. Настройка ПК, удаление вирусов, восстановление данных. Выезд мастера на дом. Звоните!"
Пермь,Ремонт телевизоров,remont-televizorov,+7 (986) 089-07-04,https://master-na-dom.online/remont-televizorov-perm,remont-televizorov-perm,Ремонт телевизоров в Перми | ПроМастер,"Ремонт телевизоров в Перми с выездом на дом. Ремонт LED, OLED, Smart TV. Диагностика бесплатно. Гарантия на ремонт. Звоните!"
Пермь,Ремонт варочных панелей,remont-varochnyh-panelej,+7 (969) 999-24-97,https://master-na-dom.online/remont-varochnyh-panelej-perm,remont-varochnyh-panelej-perm,Ремонт варочных панелей в Перми | ПроМастер,"Ремонт варочных панелей в Перми с выездом на дом. Индукционные, электрические и газовые панели. Гарантия на ремонт. Звоните!"
Пермь,Ремонт духовых шкафов,remont-duhovyh-shkafov,+7 (969) 999-24-97,https://master-na-dom.online/remont-duhovyh-shkafov-perm,remont-duhovyh-shkafov-perm,Ремонт духовых шкафов в Перми | ПроМастер,Ремонт духовых шкафов в Перми с выездом на дом. Электрические и газовые духовки. Диагностика бесплатно. Звоните!
Пермь,Ремонт водонагревателей,remont-vodonagrevatelej,+7 (969) 999-24-97,https://master-na-dom.online/remont-vodonagrevatelej-perm,remont-vodonagrevatelej-perm,Ремонт водонагревателей в Перми | ПроМастер,Ремонт водонагревателей в Перми с выездом на дом. Ремонт бойлеров и проточных водонагревателей. Гарантия на работы. Звоните!
Пермь,Ремонт кофемашин,remont-kofemashin,+7 (969) 999-24-97,https://master-na-dom.online/remont-kofemashin-perm,remont-kofemashin-perm,Ремонт кофемашин в Перми | ПроМастер,"Ремонт кофемашин в Перми с выездом на дом. DeLonghi, Saeco, Bosch, Jura и другие марки. Диагностика бесплатно. Звоните!"
Пермь,Дезинфекция,dezinfekciya,+7 (984) 333-32-49,https://master-na-dom.online/dezinfekciya-perm,dezinfekciya-perm,Дезинфекция в Перми — вызов мастера на дом | ПроМастер,"Дезинфекция в Перми с выездом на дом. Уничтожение насекомых, грызунов и плесени. Безопасные препараты, гарантия результата. Звоните!"
Пермь,Электрик,elektrik,+7 (984) 333-32-49,https://master-na-dom.online/elektrik-perm,elektrik-perm,Электрик в Перми | ПроМастер,"Электрик в Перми с выездом на дом. Замена проводки, установка розеток, поиск неисправностей. Гарантия на работы. Звоните!"
Пермь,Сантехник,santehnik,+7 (984) 333-32-49,https://master-na-dom.online/santehnik-perm,santehnik-perm,Сантехник в Перми | ПроМастер,"Сантехник в Перми с выездом на дом. Устранение протечек, замена смесителей, прочистка канализации. Гарантия на работы. Звоните!"
Пермь,Мастер на час,master-na-chas,+7 (984) 333-32-49,https://master-na-dom.online/master-na-chas-perm,master-na-chas-perm,Мастер на час в Перми | ПроМастер,"Мастер на час в Перми с выездом на дом. Мелкий ремонт, сборка мебели, навешивание полок. Выезд за 30 минут. Звоните!"
Пермь,Ремонт окон,remont-okon,+7 (984) 333-32-49,https://master-na-dom.online/remont-okon-perm,remont-okon-perm,Ремонт окон в Перми | ПроМастер,"Ремонт окон в Перми с выездом на дом. Регулировка фурнитуры, замена уплотнителя, устранение продувания. Звоните!"
Пермь,Клининг,klining,+7 (984) 333-32-49,https://master-na-dom.online/klining-perm,klining-perm,Клининг в Перми — вызов мастера на дом | ПроМастер,"Клининг в Перми с выездом на дом. Генеральная уборка, уборка после ремонта, мытьё окон. Профессиональная химия и оборудование. Звоните!"
Пермь,Сборка мебели,sborka-mebeli,+7 (984) 333-32-49,https://master-na-dom.online/sborka-mebeli-perm,sborka-mebeli-perm,Сборка мебели в Перми — вызов мастера на дом | ПроМастер,"Сборка мебели в Перми с выездом на дом. Сборка шкафов, кухонь, кроватей и стеллажей. Аккуратно и со своим инструментом. Звоните!"
Петрозаводск,Ремонт стиральных машин,remont-stiralnyh-mashin,+7 (969) 999-24-97,https://master-na-dom.online/remont-stiralnyh-mashin-petrozavodsk,remont-stiralnyh-mashin-petrozavodsk,Ремонт стиральных машин в Петрозаводске | ПроМастер,"Ремонт стиральных машин в Петрозаводске с выездом на дом. Samsung, LG, Bosch, Indesit и другие марки. Диагностика бесплатно. Гарантия на ремонт. Звоните!"
Петрозаводск,Ремонт холодильников,remont-holodilnikov,+7 (969) 999-24-97,https://master-na-dom.online/remont-holodilnikov-petrozavodsk,remont-holodilnikov-petrozavodsk,Ремонт холодильников в Петрозаводске | ПроМастер,"Ремонт холодильников в Петрозаводске с выездом на дом. Samsung, LG, Bosch, Atlant и другие марки. Диагностика бесплатно. Гарантия на ремонт. Звоните!"
Петрозаводск,Ремонт посудомоечных машин,remont-pmm,+7 (969) 999-24-97,https://master-na-dom.online/remont-pmm-petrozavodsk,remont-pmm-petrozavodsk,Ремонт посудомоечных машин в Петрозаводске | ПроМастер,"Ремонт посудомоечных машин в Петрозаводске с выездом на дом. Bosch, Siemens, Electrolux и другие марки. Диагностика бесплатно. Звоните!"
Петрозаводск,Ремонт кондиционеров,remont-kondicionerov,+7 (969) 999-24-97,https://master-na-dom.online/remont-kondicionerov-petrozavodsk,remont-kondicionerov-petrozavodsk,Ремонт кондиционеров в Петрозаводске | ПроМастер,"Ремонт кондиционеров в Петрозаводске с выездом на дом. Обслуживание, заправка фреоном, ремонт сплит-систем. Гарантия на работы. Звоните!"
Петрозаводск,Компьютерная помощь,kp,+7 (986) 089-07-04,https://master-na-dom.online/kp-petrozavodsk,kp-petrozavodsk,Компьютерная помощь в Петрозаводске | ПроМастер,"Компьютерная помощь в Петрозаводске с выездом на дом. Настройка ПК, удаление вирусов, восстановление данных. Выезд мастера на дом. Звоните!"
Петрозаводск,Ремонт телевизоров,remont-televizorov,+7 (986) 089-07-04,https://master-na-dom.online/remont-televizorov-petrozavodsk,remont-televizorov-petrozavodsk,Ремонт телевизоров в Петрозаводске | ПроМастер,"Ремонт телевизоров в Петрозаводске с выездом на дом. Ремонт LED, OLED, Smart TV. Диагностика бесплатно. Гарантия на ремонт. Звоните!"
Петрозаводск,Ремонт варочных панелей,remont-varochnyh-panelej,+7 (969) 999-24-97,https://master-na-dom.online/remont-varochnyh-panelej-petrozavodsk,remont-varochnyh-panelej-petrozavodsk,Ремонт варочных панелей в Петрозаводске | ПроМастер,"Ремонт варочных панелей в Петрозаводске с выездом на дом. Индукционные, электрические и газовые панели. Гарантия на ремонт. Звоните!"
Петрозаводск,Ремонт духовых шкафов,remont-duhovyh-shkafov,+7 (969) 999-24-97,https://master-na-dom.online/remont-duhovyh-shkafov-petrozavodsk,remont-duhovyh-shkafov-petrozavodsk,Ремонт духовых шкафов в Петрозаводске | ПроМастер,Ремонт духовых шкафов в Петрозаводске с выездом на дом. Электрические и газовые духовки. Диагностика бесплатно. Звоните!
Петрозаводск,Ремонт водонагревателей,remont-vodonagrevatelej,+7 (969) 999-24-97,https://master-na-dom.online/remont-vodonagrevatelej-petrozavodsk,remont-vodonagrevatelej-petrozavodsk,Ремонт водонагревателей в Петрозаводске | ПроМастер,Ремонт водонагревателей в Петрозаводске с выездом на дом. Ремонт бойлеров и проточных водонагревателей. Гарантия на работы. Звоните!
Петрозаводск,Ремонт кофемашин,remont-kofemashin,+7 (969) 999-24-97,https://master-na-dom.online/remont-kofemashin-petrozavodsk,remont-kofemashin-petrozavodsk,Ремонт кофемашин в Петрозаводске | ПроМастер,"Ремонт кофемашин в Петрозаводске с выездом на дом. DeLonghi, Saeco, Bosch, Jura и другие марки. Диагностика бесплатно. Звоните!"
Петрозаводск,Дезинфекция,dezinfekciya,+7 (984) 333-32-49,https://master-na-dom.online/dezinfekciya-petrozavodsk,dezinfekciya-petrozavodsk,Дезинфекция в Петрозаводске — вызов мастера на дом | ПроМастер,"Дезинфекция в Петрозаводске с выездом на дом. Уничтожение насекомых, грызунов и плесени. Безопасные препараты, гарантия результата. Звоните!"
Петрозаводск,Электрик,elektrik,+7 (984) 333-32-49,https://master-na-dom.online/elektrik-petrozavodsk,elektrik-petrozavodsk,Электрик в Петрозаводске | ПроМастер,"Электрик в Петрозаводске с выездом на дом. Замена проводки, установка розеток, поиск неисправностей. Гарантия на работы. Звоните!"
Петрозаводск,Сантехник,santehnik,+7 (984) 333-32-49,https://master-na-dom.online/santehnik-petrozavodsk,santehnik-petrozavodsk,Сантехник в Петрозаводске | ПроМастер,"Сантехник в Петрозаводске с выездом на дом. Устранение протечек, замена смесителей, прочистка канализации. Гарантия на работы. Звоните!"
Петрозаводск,Мастер на час,master-na-chas,+7 (984) 333-32-49,https://master-na-dom.online/master-na-chas-petrozavodsk,master-na-chas-petrozavodsk,Мастер на час в Петрозаводске | ПроМастер,"Мастер на час в Петрозаводске с выездом на дом. Мелкий ремонт, сборка мебели, навешивание полок. Выезд за 30 минут. Звоните!"
Петрозаводск,Ремонт окон,remont-okon,+7 (984) 333-32-49,https://master-na-dom.online/remont-okon-petrozavodsk,remont-okon-petrozavodsk,Ремонт окон в Петрозаводске | ПроМастер,"Ремонт окон в Петрозаводске с выездом на дом. Регулировка фурнитуры, замена уплотнителя, устранение продувания. Звоните!"
Петрозаводск,Клининг,klining,+7 (984) 333-32-49,https://master-na-dom.online/klining-petrozavodsk,klining-petrozavodsk,Клининг в Петрозаводске — вызов мастера на дом | ПроМастер,"Клининг в Петрозаводске с выездом на дом. Генеральная уборка, уборка после ремонта, мытьё окон. Профессиональная химия и оборудование. Звоните!"
Петрозаводск,Сборка мебели,sborka-mebeli,+7 (984) 333-32-49,https://master-na-dom.online/sborka-mebeli-petrozavodsk,sborka-mebeli-petrozavodsk,Сборка мебели в Петрозаводске — вызов мастера на дом | ПроМастер,"Сборка мебели в Петрозаводске с выездом на дом. Сборка шкафов, кухонь, кроватей и стеллажей. Аккуратно и со своим инструментом. Звоните!"
Рыбное,Ремонт стиральных машин,remont-stiralnyh-mashin,+7 (969) 999-24-97,https://master-na-dom.online/remont-stiralnyh-mashin-rybnoe,remont-stiralnyh-mashin-rybnoe,Ремонт стиральных машин в Рыбном | ПроМастер,"Ремонт стиральных машин в Рыбном с выездом на дом. Samsung, LG, Bosch, Indesit и другие марки. Диагностика бесплатно. Гарантия на ремонт. Звоните!"
Рыбное,Ремонт холодильников,remont-holodilnikov,+7 (969) 999-24-97,https://master-na-dom.online/remont-holodilnikov-rybnoe,remont-holodilnikov-rybnoe,Ремонт холодильников в Рыбном | ПроМастер,"Ремонт холодильников в Рыбном с выездом на дом. Samsung, LG, Bosch, Atlant и другие марки. Диагностика бесплатно. Гарантия на ремонт. Звоните!"
Рыбное,Ремонт посудомоечных машин,remont-pmm,+7 (969) 999-24-97,https://master-na-dom.online/remont-pmm-rybnoe,remont-pmm-rybnoe,Ремонт посудомоечных машин в Рыбном | ПроМастер,"Ремонт посудомоечных машин в Рыбном с выездом на дом. Bosch, Siemens, Electrolux и другие марки. Диагностика бесплатно. Звоните!"
Рыбное,Ремонт кондиционеров,remont-kondicionerov,+7 (969) 999-24-97,https://master-na-dom.online/remont-kondicionerov-rybnoe,remont-kondicionerov-rybnoe,Ремонт кондиционеров в Рыбном | ПроМастер,"Ремонт кондиционеров в Рыбном с выездом на дом. Обслуживание, заправка фреоном, ремонт сплит-систем. Гарантия на работы. Звоните!"
Рыбное,Компьютерная помощь,kp,+7 (986) 089-07-04,https://master-na-dom.online/kp-rybnoe,kp-rybnoe,Компьютерная помощь в Рыбном | ПроМастер,"Компьютерная помощь в Рыбном с выездом на дом. Настройка ПК, удаление вирусов, восстановление данных. Выезд мастера на дом. Звоните!"
Рыбное,Ремонт телевизоров,remont-televizorov,+7 (986) 089-07-04,https://master-na-dom.online/remont-televizorov-rybnoe,remont-televizorov-rybnoe,Ремонт телевизоров в Рыбном | ПроМастер,"Ремонт телевизоров в Рыбном с выездом на дом. Ремонт LED, OLED, Smart TV. Диагностика бесплатно. Гарантия на ремонт. Звоните!"
Рыбное,Ремонт варочных панелей,remont-varochnyh-panelej,+7 (969) 999-24-97,https://master-na-dom.online/remont-varochnyh-panelej-rybnoe,remont-varochnyh-panelej-rybnoe,Ремонт варочных панелей в Рыбном | ПроМастер,"Ремонт варочных панелей в Рыбном с выездом на дом. Индукционные, электрические и газовые панели. Гарантия на ремонт. Звоните!"
Рыбное,Ремонт духовых шкафов,remont-duhovyh-shkafov,+7 (969) 999-24-97,https://master-na-dom.online/remont-duhovyh-shkafov-rybnoe,remont-duhovyh-shkafov-rybnoe,Ремонт духовых шкафов в Рыбном | ПроМастер,Ремонт духовых шкафов в Рыбном с выездом на дом. Электрические и газовые духовки. Диагностика бесплатно. Звоните!
Рыбное,Ремонт водонагревателей,remont-vodonagrevatelej,+7 (969) 999-24-97,https://master-na-dom.online/remont-vodonagrevatelej-rybnoe,remont-vodonagrevatelej-rybnoe,Ремонт водонагревателей в Рыбном | ПроМастер,Ремонт водонагревателей в Рыбном с выездом на дом. Ремонт бойлеров и проточных водонагревателей. Гарантия на работы. Звоните!
Рыбное,Ремонт кофемашин,remont-kofemashin,+7 (969) 999-24-97,https://master-na-dom.online/remont-kofemashin-rybnoe,remont-kofemashin-rybnoe,Ремонт кофемашин в Рыбном | ПроМастер,"Ремонт кофемашин в Рыбном с выездом на дом. DeLonghi, Saeco, Bosch, Jura и другие марки. Диагностика бесплатно. Звоните!"
Рыбное,Дезинфекция,dezinfekciya,+7 (984) 333-32-49,https://master-na-dom.online/dezinfekciya-rybnoe,dezinfekciya-rybnoe,Дезинфекция в Рыбном — вызов мастера на дом | ПроМастер,"Дезинфекция в Рыбном с выездом на дом. Уничтожение насекомых, грызунов и плесени. Безопасные препараты, гарантия результата. Звоните!"
Рыбное,Электрик,elektrik,+7 (984) 333-32-49,https://master-na-dom.online/elektrik-rybnoe,elektrik-rybnoe,Электрик в Рыбном | ПроМастер,"Электрик в Рыбном с выездом на дом. Замена проводки, установка розеток, поиск неисправностей. Гарантия на работы. Звоните!"
Рыбное,Сантехник,santehnik,+7 (984) 333-32-49,https://master-na-dom.online/santehnik-rybnoe,santehnik-rybnoe,Сантехник в Рыбном | ПроМастер,"Сантехник в Рыбном с выездом на дом. Устранение протечек, замена смесителей, прочистка канализации. Гарантия на работы. Звоните!"
Рыбное,Мастер на час,master-na-chas,+7 (984) 333-32-49,https://master-na-dom.online/master-na-chas-rybnoe,master-na-chas-rybnoe,Мастер на час в Рыбном | ПроМастер,"Мастер на час в Рыбном с выездом на дом. Мелкий ремонт, сборка мебели, навешивание полок. Выезд за 30 минут. Звоните!"
Рыбное,Ремонт окон,remont-okon,+7 (984) 333-32-49,https://master-na-dom.online/remont-okon-rybnoe,remont-okon-rybnoe,Ремонт окон в Рыбном | ПроМастер,"Ремонт окон в Рыбном с выездом на дом. Регулировка фурнитуры, замена уплотнителя, устранение продувания. Звоните!"
Рыбное,Клининг,klining,+7 (984) 333-32-49,https://master-na-dom.online/klining-rybnoe,klining-rybnoe,Клининг в Рыбном — вызов мастера на дом | ПроМастер,"Клининг в Рыбном с выездом на дом. Генеральная уборка, уборка после ремонта, мытьё окон. Профессиональная химия и оборудование. Звоните!"
Рыбное,Сборка мебели,sborka-mebeli,+7 (984) 333-32-49,https://master-na-dom.online/sborka-mebeli-rybnoe,sborka-mebeli-rybnoe,Сборка мебели в Рыбном — вызов мастера на дом | ПроМастер,"Сборка мебели в Рыбном с выездом на дом. Сборка шкафов, кухонь, кроватей и стеллажей. Аккуратно и со своим инструментом. Звоните!"
Рязань,Ремонт стиральных машин,remont-stiralnyh-mashin,+7 (969) 999-24-97,https://master-na-dom.online/remont-stiralnyh-mashin-ryazan,remont-stiralnyh-mashin-ryazan,Ремонт стиральных машин в Рязани | ПроМастер,"Ремонт стиральных машин в Рязани с выездом на дом. Samsung, LG, Bosch, Indesit и другие марки. Диагностика бесплатно. Гарантия на ремонт. Звоните!"
Рязань,Ремонт холодильников,remont-holodilnikov,+7 (969) 999-24-97,https://master-na-dom.online/remont-holodilnikov-ryazan,remont-holodilnikov-ryazan,Ремонт холодильников в Рязани | ПроМастер,"Ремонт холодильников в Рязани с выездом на дом. Samsung, LG, Bosch, Atlant и другие марки. Диагностика бесплатно. Гарантия на ремонт. Звоните!"
Рязань,Ремонт посудомоечных машин,remont-pmm,+7 (969) 999-24-97,https://master-na-dom.online/remont-pmm-ryazan,remont-pmm-ryazan,Ремонт посудомоечных машин в Рязани | ПроМастер,"Ремонт посудомоечных машин в Рязани с выездом на дом. Bosch, Siemens, Electrolux и другие марки. Диагностика бесплатно. Звоните!"
Рязань,Ремонт кондиционеров,remont-kondicionerov,+7 (969) 999-24-97,https://master-na-dom.online/remont-kondicionerov-ryazan,remont-kondicionerov-ryazan,Ремонт кондиционеров в Рязани | ПроМастер,"Ремонт кондиционеров в Рязани с выездом на дом. Обслуживание, заправка фреоном, ремонт сплит-систем. Гарантия на работы. Звоните!"
Рязань,Компьютерная помощь,kp,+7 (986) 089-07-04,https://master-na-dom.online/kp-ryazan,kp-ryazan,Компьютерная помощь в Рязани | ПроМастер,"Компьютерная помощь в Рязани с выездом на дом. Настройка ПК, удаление вирусов, восстановление данных. Выезд мастера на дом. Звоните!"
Рязань,Ремонт телевизоров,remont-televizorov,+7 (986) 089-07-04,https://master-na-dom.online/remont-televizorov-ryazan,remont-televizorov-ryazan,Ремонт телевизоров в Рязани | ПроМастер,"Ремонт телевизоров в Рязани с выездом на дом. Ремонт LED, OLED, Smart TV. Диагностика бесплатно. Гарантия на ремонт. Звоните!"
Рязань,Ремонт варочных панелей,remont-varochnyh-panelej,+7 (969) 999-24-97,https://master-na-dom.online/remont-varochnyh-panelej-ryazan,remont-varochnyh-panelej-ryazan,Ремонт варочных панелей в Рязани | ПроМастер,"Ремонт варочных панелей в Рязани с выездом на дом. Индукционные, электрические и газовые панели. Гарантия на ремонт. Звоните!"
Рязань,Ремонт духовых шкафов,remont-duhovyh-shkafov,+7 (969) 999-24-97,https://master-na-dom.online/remont-duhovyh-shkafov-ryazan,remont-duhovyh-shkafov-ryazan,Ремонт духовых шкафов в Рязани | ПроМастер,Ремонт духовых шкафов в Рязани с выездом на дом. Электрические и газовые духовки. Диагностика бесплатно. Звоните!
Рязань,Ремонт водонагревателей,remont-vodonagrevatelej,+7 (969) 999-24-97,https://master-na-dom.online/remont-vodonagrevatelej-ryazan,remont-vodonagrevatelej-ryazan,Ремонт водонагревателей в Рязани | ПроМастер,Ремонт водонагревателей в Рязани с выездом на дом. Ремонт бойлеров и проточных водонагревателей. Гарантия на работы. Звоните!
Рязань,Ремонт кофемашин,remont-kofemashin,+7 (969) 999-24-97,https://master-na-dom.online/remont-kofemashin-ryazan,remont-kofemashin-ryazan,Ремонт кофемашин в Рязани | ПроМастер,"Ремонт кофемашин в Рязани с выездом на дом. DeLonghi, Saeco, Bosch, Jura и другие марки. Диагностика бесплатно. Звоните!"
Рязань,Дезинфекция,dezinfekciya,+7 (984) 333-32-49,https://master-na-dom.online/dezinfekciya-ryazan,dezinfekciya-ryazan,Дезинфекция в Рязани — вызов мастера на дом | ПроМастер,"Дезинфекция в Рязани с выездом на дом. Уничтожение насекомых, грызунов и плесени. Безопасные препараты, гарантия результата. Звоните!"
Рязань,Электрик,elektrik,+7 (984) 333-32-49,https://master-na-dom.online/elektrik-ryazan,elektrik-ryazan,Электрик в Рязани | ПроМастер,"Электрик в Рязани с выездом на дом. Замена проводки, установка розеток, поиск неисправностей. Гарантия на работы. Звоните!"
Рязань,Сантехник,santehnik,+7 (984) 333-32-49,https://master-na-dom.online/santehnik-ryazan,santehnik-ryazan,Сантехник в Рязани | ПроМастер,"Сантехник в Рязани с выездом на дом. Устранение протечек, замена смесителей, прочистка канализации. Гарантия на работы. Звоните!"
Рязань,Мастер на час,master-na-chas,+7 (984) 333-32-49,https://master-na-dom.online/master-na-chas-ryazan,master-na-chas-ryazan,Мастер на час в Рязани | ПроМастер,"Мастер на час в Рязани с выездом на дом. Мелкий ремонт, сборка мебели, навешивание полок. Выезд за 30 минут. Звоните!"
Рязань,Ремонт окон,remont-okon,+7 (984) 333-32-49,https://master-na-dom.online/remont-okon-ryazan,remont-okon-ryazan,Ремонт окон в Рязани | ПроМастер,"Ремонт окон в Рязани с выездом на дом. Регулировка фурнитуры, замена уплотнителя, устранение продувания. Звоните!"
Рязань,Клининг,klining,+7 (984) 333-32-49,https://master-na-dom.online/klining-ryazan,klining-ryazan,Клининг в Рязани — вызов мастера на дом | ПроМастер,"Клининг в Рязани с выездом на дом. Генеральная уборка, уборка после ремонта, мытьё окон. Профессиональная химия и оборудование. Звоните!"
Рязань,Сборка мебели,sborka-mebeli,+7 (984) 333-32-49,https://master-na-dom.online/sborka-mebeli-ryazan,sborka-mebeli-ryazan,Сборка мебели в Рязани — вызов мастера на дом | ПроМастер,"Сборка мебели в Рязани с выездом на дом. Сборка шкафов, кухонь, кроватей и стеллажей. Аккуратно и со своим инструментом. Звоните!"
Чапаевск,Ремонт стиральных машин,remont-stiralnyh-mashin,+7 (969) 999-24-97,https://master-na-dom.online/remont-stiralnyh-mashin-chapaevsk,remont-stiralnyh-mashin-chapaevsk,Ремонт стиральных машин в Чапаевске | ПроМастер,"Ремонт стиральных машин в Чапаевске с выездом на дом. Samsung, LG, Bosch, Indesit и другие марки. Диагностика бесплатно. Гарантия на ремонт. Звоните!"
Чапаевск,Ремонт холодильников,remont-holodilnikov,+7 (969) 999-24-97,https://master-na-dom.online/remont-holodilnikov-chapaevsk,remont-holodilnikov-chapaevsk,Ремонт холодильников в Чапаевске | ПроМастер,"Ремонт холодильников в Чапаевске с выездом на дом. Samsung, LG, Bosch, Atlant и другие марки. Диагностика бесплатно. Гарантия на ремонт. Звоните!"
Чапаевск,Ремонт посудомоечных машин,remont-pmm,+7 (969) 999-24-97,https://master-na-dom.online/remont-pmm-chapaevsk,remont-pmm-chapaevsk,Ремонт посудомоечных машин в Чапаевске | ПроМастер,"Ремонт посудомоечных машин в Чапаевске с выездом на дом. Bosch, Siemens, Electrolux и другие марки. Диагностика бесплатно. Звоните!"
Чапаевск,Ремонт кондиционеров,remont-kondicionerov,+7 (969) 999-24-97,https://master-na-dom.online/remont-kondicionerov-chapaevsk,remont-kondicionerov-chapaevsk,Ремонт кондиционеров в Чапаевске | ПроМастер,"Ремонт кондиционеров в Чапаевске с выездом на дом. Обслуживание, заправка фреоном, ремонт сплит-систем. Гарантия на работы. Звоните!"
Чапаевск,Компьютерная помощь,kp,+7 (986) 089-07-04,https://master-na-dom.online/kp-chapaevsk,kp-chapaevsk,Компьютерная помощь в Чапаевске | ПроМастер,"Компьютерная помощь в Чапаевске с выездом на дом. Настройка ПК, удаление вирусов, восстановление данных. Выезд мастера на дом. Звоните!"
Чапаевск,Ремонт телевизоров,remont-televizorov,+7 (986) 089-07-04,https://master-na-dom.online/remont-televizorov-chapaevsk,remont-televizorov-chapaevsk,Ремонт телевизоров в Чапаевске | ПроМастер,"Ремонт телевизоров в Чапаевске с выездом на дом. Ремонт LED, OLED, Smart TV. Диагностика бесплатно. Гарантия на ремонт. Звоните!"
Чапаевск,Ремонт варочных панелей,remont-varochnyh-panelej,+7 (969) 999-24-97,https://master-na-dom.online/remont-varochnyh-panelej-chapaevsk,remont-varochnyh-panelej-chapaevsk,Ремонт варочных панелей в Чапаевске | ПроМастер,"Ремонт варочных панелей в Чапаевске с выездом на дом. Индукционные, электрические и газовые панели. Гарантия на ремонт. Звоните!"
Чапаевск,Ремонт духовых шкафов,remont-duhovyh-shkafov,+7 (969) 999-24-97,https://master-na-dom.online/remont-duhovyh-shkafov-chapaevsk,remont-duhovyh-shkafov-chapaevsk,Ремонт духовых шкафов в Чапаевске | ПроМастер,Ремонт духовых шкафов в Чапаевске с выездом на дом. Электрические и газовые духовки. Диагностика бесплатно. Звоните!
Чапаевск,Ремонт водонагревателей,remont-vodonagrevatelej,+7 (969) 999-24-97,https://master-na-dom.online/remont-vodonagrevatelej-chapaevsk,remont-vodonagrevatelej-chapaevsk,Ремонт водонагревателей в Чапаевске | ПроМастер,Ремонт водонагревателей в Чапаевске с выездом на дом. Ремонт бойлеров и проточных водонагревателей. Гарантия на работы. Звоните!
Чапаевск,Ремонт кофемашин,remont-kofemashin,+7 (969) 999-24-97,https://master-na-dom.online/remont-kofemashin-chapaevsk,remont-kofemashin-chapaevsk,Ремонт кофемашин в Чапаевске | ПроМастер,"Ремонт кофемашин в Чапаевске с выездом на дом. DeLonghi, Saeco, Bosch, Jura и другие марки. Диагностика бесплатно. Звоните!"
Чапаевск,Дезинфекция,dezinfekciya,+7 (984) 333-32-49,https://master-na-dom.online/dezinfekciya-chapaevsk,dezinfekciya-chapaevsk,Дезинфекция в Чапаевске — вызов мастера на дом | ПроМастер,"Дезинфекция в Чапаевске с выездом на дом. Уничтожение насекомых, грызунов и плесени. Безопасные препараты, гарантия результата. Звоните!"
Чапаевск,Электрик,elektrik,+7 (984) 333-32-49,https://master-na-dom.online/elektrik-chapaevsk,elektrik-chapaevsk,Электрик в Чапаевске | ПроМастер,"Электрик в Чапаевске с выездом на дом. Замена проводки, установка розеток, поиск неисправностей. Гарантия на работы. Звоните!"
Чапаевск,Сантехник,santehnik,+7 (984) 333-32-49,https://master-na-dom.online/santehnik-chapaevsk,santehnik-chapaevsk,Сантехник в Чапаевске | ПроМастер,"Сантехник в Чапаевске с выездом на дом. Устранение протечек, замена смесителей, прочистка канализации. Гарантия на работы. Звоните!"
Чапаевск,Мастер на час,master-na-chas,+7 (984) 333-32-49,https://master-na-dom.online/master-na-chas-chapaevsk,master-na-chas-chapaevsk,Мастер на час в Чапаевске | ПроМастер,"Мастер на час в Чапаевске с выездом на дом. Мелкий ремонт, сборка мебели, навешивание полок. Выезд за 30 минут. Звоните!"
Чапаевск,Ремонт окон,remont-okon,+7 (984) 333-32-49,https://master-na-dom.online/remont-okon-chapaevsk,remont-okon-chapaevsk,Ремонт окон в Чапаевске | ПроМастер,"Ремонт окон в Чапаевске с выездом на дом. Регулировка фурнитуры, замена уплотнителя, устранение продувания. Звоните!"
Чапаевск,Клининг,klining,+7 (984) 333-32-49,https://master-na-dom.online/klining-chapaevsk,klining-chapaevsk,Клининг в Чапаевске — вызов мастера на дом | ПроМастер,"Клининг в Чапаевске с выездом на дом. Генеральная уборка, уборка после ремонта, мытьё окон. Профессиональная химия и оборудование. Звоните!"
Чапаевск,Сборка мебели,sborka-mebeli,+7 (984) 333-32-49,https://master-na-dom.online/sborka-mebeli-chapaevsk,sborka-mebeli-chapaevsk,Сборка мебели в Чапаевске — вызов мастера на дом | ПроМастер,"Сборка мебели в Чапаевске с выездом на дом. Сборка шкафов, кухонь, кроватей и стеллажей. Аккуратно и со своим инструментом. Звоните!"
Щёкино,Ремонт стиральных машин,remont-stiralnyh-mashin,+7 (969) 999-24-97,https://master-na-dom.online/remont-stiralnyh-mashin-shchyokino,remont-stiralnyh-mashin-shchyokino,Ремонт стиральных машин в Щёкино | ПроМастер,"Ремонт стиральных машин в Щёкино с выездом на дом. Samsung, LG, Bosch, Indesit и другие марки. Диагностика бесплатно. Гарантия на ремонт. Звоните!"
Щёкино,Ремонт холодильников,remont-holodilnikov,+7 (969) 999-24-97,https://master-na-dom.online/remont-holodilnikov-shchyokino,remont-holodilnikov-shchyokino,Ремонт холодильников в Щёкино | ПроМастер,"Ремонт холодильников в Щёкино с выездом на дом. Samsung, LG, Bosch, Atlant и другие марки. Диагностика бесплатно. Гарантия на ремонт. Звоните!"
Щёкино,Ремонт посудомоечных машин,remont-pmm,+7 (969) 999-24-97,https://master-na-dom.online/remont-pmm-shchyokino,remont-pmm-shchyokino,Ремонт посудомоечных машин в Щёкино | ПроМастер,"Ремонт посудомоечных машин в Щёкино с выездом на дом. Bosch, Siemens, Electrolux и другие марки. Диагностика бесплатно. Звоните!"
Щёкино,Ремонт кондиционеров,remont-kondicionerov,+7 (969) 999-24-97,https://master-na-dom.online/remont-kondicionerov-shchyokino,remont-kondicionerov-shchyokino,Ремонт кондиционеров в Щёкино | ПроМастер,"Ремонт кондиционеров в Щёкино с выездом на дом. Обслуживание, заправка фреоном, ремонт сплит-систем. Гарантия на работы. Звоните!"
Щёкино,Компьютерная помощь,kp,+7 (986) 089-07-04,https://master-na-dom.online/kp-shchyokino,kp-shchyokino,Компьютерная помощь в Щёкино | ПроМастер,"Компьютерная помощь в Щёкино с выездом на дом. Настройка ПК, удаление вирусов, восстановление данных. Выезд мастера на дом. Звоните!"
Щёкино,Ремонт телевизоров,remont-televizorov,+7 (986) 089-07-04,https://master-na-dom.online/remont-televizorov-shchyokino,remont-televizorov-shchyokino,Ремонт телевизоров в Щёкино | ПроМастер,"Ремонт телевизоров в Щёкино с выездом на дом. Ремонт LED, OLED, Smart TV. Диагностика бесплатно. Гарантия на ремонт. Звоните!"
Щёкино,Ремонт варочных панелей,remont-varochnyh-panelej,+7 (969) 999-24-97,https://master-na-dom.online/remont-varochnyh-panelej-shchyokino,remont-varochnyh-panelej-shchyokino,Ремонт варочных панелей в Щёкино | ПроМастер,"Ремонт варочных панелей в Щёкино с выездом на дом. Индукционные, электрические и газовые панели. Гарантия на ремонт. Звоните!"
Щёкино,Ремонт духовых шкафов,remont-duhovyh-shkafov,+7 (969) 999-24-97,https://master-na-dom.online/remont-duhovyh-shkafov-shchyokino,remont-duhovyh-shkafov-shchyokino,Ремонт духовых шкафов в Щёкино | ПроМастер,Ремонт духовых шкафов в Щёкино с выездом на дом. Электрические и газовые духовки. Диагностика бесплатно. Звоните!
Щёкино,Ремонт водонагревателей,remont-vodonagrevatelej,+7 (969) 999-24-97,https://master-na-dom.online/remont-vodonagrevatelej-shchyokino,remont-vodonagrevatelej-shchyokino,Ремонт водонагревателей в Щёкино | ПроМастер,Ремонт водонагревателей в Щёкино с выездом на дом. Ремонт бойлеров и проточных водонагревателей. Гарантия на работы. Звоните!
Щёкино,Ремонт кофемашин,remont-kofemashin,+7 (969) 999-24-97,https://master-na-dom.online/remont-kofemashin-shchyokino,remont-kofemashin-shchyokino,Ремонт кофемашин в Щёкино | ПроМастер,"Ремонт кофемашин в Щёкино с выездом на дом. DeLonghi, Saeco, Bosch, Jura и другие марки. Диагностика бесплатно. Звоните!"
Щёкино,Дезинфекция,dezinfekciya,+7 (984) 333-32-49,https://master-na-dom.online/dezinfekciya-shchyokino,dezinfekciya-shchyokino,Дезинфекция в Щёкино — вызов мастера на дом | ПроМастер,"Дезинфекция в Щёкино с выездом на дом. Уничтожение насекомых, грызунов и плесени. Безопасные препараты, гарантия результата. Звоните!"
Щёкино,Электрик,elektrik,+7 (984) 333-32-49,https://master-na-dom.online/elektrik-shchyokino,elektrik-shchyokino,Электрик в Щёкино | ПроМастер,"Электрик в Щёкино с выездом на дом. Замена проводки, установка розеток, поиск неисправностей. Гарантия на работы. Звоните!"
Щёкино,Сантехник,santehnik,+7 (984) 333-32-49,https://master-na-dom.online/santehnik-shchyokino,santehnik-shchyokino,Сантехник в Щёкино | ПроМастер,"Сантехник в Щёкино с выездом на дом. Устранение протечек, замена смесителей, прочистка канализации. Гарантия на работы. Звоните!"
Щёкино,Мастер на час,master-na-chas,+7 (984) 333-32-49,https://master-na-dom.online/master-na-chas-shchyokino,master-na-chas-shchyokino,Мастер на час в Щёкино | ПроМастер,"Мастер на час в Щёкино с выездом на дом. Мелкий ремонт, сборка мебели, навешивание полок. Выезд за 30 минут. Звоните!"
Щёкино,Ремонт окон,remont-okon,+7 (984) 333-32-49,https://master-na-dom.online/remont-okon-shchyokino,remont-okon-shchyokino,Ремонт окон в Щёкино | ПроМастер,"Ремонт окон в Щёкино с выездом на дом. Регулировка фурнитуры, замена уплотнителя, устранение продувания. Звоните!"
Щёкино,Клининг,klining,+7 (984) 333-32-49,https://master-na-dom.online/klining-shchyokino,klining-shchyokino,Клининг в Щёкино — вызов мастера на дом | ПроМастер,"Клининг в Щёкино с выездом на дом. Генеральная уборка, уборка после ремонта, мытьё окон. Профессиональная химия и оборудование. Звоните!"
Щёкино,Сборка мебели,sborka-mebeli,+7 (984) 333-32-49,https://master-na-dom.online/sborka-mebeli-shchyokino,sborka-mebeli-shchyokino,Сборка мебели в Щёкино — вызов мастера на дом | ПроМастер,"Сборка мебели в Щёкино с выездом на дом. Сборка шкафов, кухонь, кроватей и стеллажей. Аккуратно и со своим инструментом. Звоните!"
Адыгейск,Ремонт стиральных машин,remont-stiralnyh-mashin,+7 (969) 999-24-97,https://master-na-dom.online/remont-stiralnyh-mashin-adygeysk,remont-stiralnyh-mashin-adygeysk,Ремонт стиральных машин в Адыгейске | ПроМастер,"Ремонт стиральных машин в Адыгейске с выездом на дом. Samsung, LG, Bosch, Indesit и другие марки. Диагностика бесплатно. Гарантия на ремонт. Звоните!"
Адыгейск,Ремонт холодильников,remont-holodilnikov,+7 (969) 999-24-97,https://master-na-dom.online/remont-holodilnikov-adygeysk,remont-holodilnikov-adygeysk,Ремонт холодильников в Адыгейске | ПроМастер,"Ремонт холодильников в Адыгейске с выездом на дом. Samsung, LG, Bosch, Atlant и другие марки. Диагностика бесплатно. Гарантия на ремонт. Звоните!"
Адыгейск,Ремонт посудомоечных машин,remont-pmm,+7 (969) 999-24-97,https://master-na-dom.online/remont-pmm-adygeysk,remont-pmm-adygeysk,Ремонт посудомоечных машин в Адыгейске | ПроМастер,"Ремонт посудомоечных машин в Адыгейске с выездом на дом. Bosch, Siemens, Electrolux и другие марки. Диагностика бесплатно. Звоните!"
Адыгейск,Ремонт кондиционеров,remont-kondicionerov,+7 (969) 999-24-97,https://master-na-dom.online/remont-kondicionerov-adygeysk,remont-kondicionerov-adygeysk,Ремонт кондиционеров в Адыгейске | ПроМастер,"Ремонт кондиционеров в Адыгейске с выездом на дом. Обслуживание, заправка фреоном, ремонт сплит-систем. Гарантия на работы. Звоните!"
Адыгейск,Компьютерная помощь,kp,+7 (986) 089-07-04,https://master-na-dom.online/kp-adygeysk,kp-adygeysk,Компьютерная помощь в Адыгейске | ПроМастер,"Компьютерная помощь в Адыгейске с выездом на дом. Настройка ПК, удаление вирусов, восстановление данных. Выезд мастера на дом. Звоните!"
Адыгейск,Ремонт телевизоров,remont-televizorov,+7 (986) 089-07-04,https://master-na-dom.online/remont-televizorov-adygeysk,remont-televizorov-adygeysk,Ремонт телевизоров в Адыгейске | ПроМастер,"Ремонт телевизоров в Адыгейске с выездом на дом. Ремонт LED, OLED, Smart TV. Диагностика бесплатно. Гарантия на ремонт. Звоните!"
Адыгейск,Ремонт варочных панелей,remont-varochnyh-panelej,+7 (969) 999-24-97,https://master-na-dom.online/remont-varochnyh-panelej-adygeysk,remont-varochnyh-panelej-adygeysk,Ремонт варочных панелей в Адыгейске | ПроМастер,"Ремонт варочных панелей в Адыгейске с выездом на дом. Индукционные, электрические и газовые панели. Гарантия на ремонт. Звоните!"
Адыгейск,Ремонт духовых шкафов,remont-duhovyh-shkafov,+7 (969) 999-24-97,https://master-na-dom.online/remont-duhovyh-shkafov-adygeysk,remont-duhovyh-shkafov-adygeysk,Ремонт духовых шкафов в Адыгейске | ПроМастер,Ремонт духовых шкафов в Адыгейске с выездом на дом. Электрические и газовые духовки. Диагностика бесплатно. Звоните!
Адыгейск,Ремонт водонагревателей,remont-vodonagrevatelej,+7 (969) 999-24-97,https://master-na-dom.online/remont-vodonagrevatelej-adygeysk,remont-vodonagrevatelej-adygeysk,Ремонт водонагревателей в Адыгейске | ПроМастер,Ремонт водонагревателей в Адыгейске с выездом на дом. Ремонт бойлеров и проточных водонагревателей. Гарантия на работы. Звоните!
Адыгейск,Ремонт кофемашин,remont-kofemashin,+7 (969) 999-24-97,https://master-na-dom.online/remont-kofemashin-adygeysk,remont-kofemashin-adygeysk,Ремонт кофемашин в Адыгейске | ПроМастер,"Ремонт кофемашин в Адыгейске с выездом на дом. DeLonghi, Saeco, Bosch, Jura и другие марки. Диагностика бесплатно. Звоните!"
Адыгейск,Дезинфекция,dezinfekciya,+7 (984) 333-32-49,https://master-na-dom.online/dezinfekciya-adygeysk,dezinfekciya-adygeysk,Дезинфекция в Адыгейске — вызов мастера на дом | ПроМастер,"Дезинфекция в Адыгейске с выездом на дом. Уничтожение насекомых, грызунов и плесени. Безопасные препараты, гарантия результата. Звоните!"
Адыгейск,Электрик,elektrik,+7 (984) 333-32-49,https://master-na-dom.online/elektrik-adygeysk,elektrik-adygeysk,Электрик в Адыгейске | ПроМастер,"Электрик в Адыгейске с выездом на дом. Замена проводки, установка розеток, поиск неисправностей. Гарантия на работы. Звоните!"
Адыгейск,Сантехник,santehnik,+7 (984) 333-32-49,https://master-na-dom.online/santehnik-adygeysk,santehnik-adygeysk,Сантехник в Адыгейске | ПроМастер,"Сантехник в Адыгейске с выездом на дом. Устранение протечек, замена смесителей, прочистка канализации. Гарантия на работы. Звоните!"
Адыгейск,Мастер на час,master-na-chas,+7 (984) 333-32-49,https://master-na-dom.online/master-na-chas-adygeysk,master-na-chas-adygeysk,Мастер на час в Адыгейске | ПроМастер,"Мастер на час в Адыгейске с выездом на дом. Мелкий ремонт, сборка мебели, навешивание полок. Выезд за 30 минут. Звоните!"
Адыгейск,Ремонт окон,remont-okon,+7 (984) 333-32-49,https://master-na-dom.online/remont-okon-adygeysk,remont-okon-adygeysk,Ремонт окон в Адыгейске | ПроМастер,"Ремонт окон в Адыгейске с выездом на дом. Регулировка фурнитуры, замена уплотнителя, устранение продувания. Звоните!"
Адыгейск,Клининг,klining,+7 (984) 333-32-49,https://master-na-dom.online/klining-adygeysk,klining-adygeysk,Клининг в Адыгейске — вызов мастера на дом | ПроМастер,"Клининг в Адыгейске с выездом на дом. Генеральная уборка, уборка после ремонта, мытьё окон. Профессиональная химия и оборудование. Звоните!"
Адыгейск,Сборка мебели,sborka-mebeli,+7 (984) 333-32-49,https://master-na-dom.online/sborka-mebeli-adygeysk,sborka-mebeli-adygeysk,Сборка мебели в Адыгейске — вызов мастера на дом | ПроМастер,"Сборка мебели в Адыгейске с выездом на дом. Сборка шкафов, кухонь, кроватей и стеллажей. Аккуратно и со своим инструментом. Звоните!"
Азов,Ремонт стиральных машин,remont-stiralnyh-mashin,+7 (969) 999-24-97,https://master-na-dom.online/remont-stiralnyh-mashin-azov,remont-stiralnyh-mashin-azov,Ремонт стиральных машин в Азове | ПроМастер,"Ремонт стиральных машин в Азове с выездом на дом. Samsung, LG, Bosch, Indesit и другие марки. Диагностика бесплатно. Гарантия на ремонт. Звоните!"
Азов,Ремонт холодильников,remont-holodilnikov,+7 (969) 999-24-97,https://master-na-dom.online/remont-holodilnikov-azov,remont-holodilnikov-azov,Ремонт холодильников в Азове | ПроМастер,"Ремонт холодильников в Азове с выездом на дом. Samsung, LG, Bosch, Atlant и другие марки. Диагностика бесплатно. Гарантия на ремонт. Звоните!"
Азов,Ремонт посудомоечных машин,remont-pmm,+7 (969) 999-24-97,https://master-na-dom.online/remont-pmm-azov,remont-pmm-azov,Ремонт посудомоечных машин в Азове | ПроМастер,"Ремонт посудомоечных машин в Азове с выездом на дом. Bosch, Siemens, Electrolux и другие марки. Диагностика бесплатно. Звоните!"
Азов,Ремонт кондиционеров,remont-kondicionerov,+7 (969) 999-24-97,https://master-na-dom.online/remont-kondicionerov-azov,remont-kondicionerov-azov,Ремонт кондиционеров в Азове | ПроМастер,"Ремонт кондиционеров в Азове с выездом на дом. Обслуживание, заправка фреоном, ремонт сплит-систем. Гарантия на работы. Звоните!"
Азов,Компьютерная помощь,kp,+7 (986) 089-07-04,https://master-na-dom.online/kp-azov,kp-azov,Компьютерная помощь в Азове | ПроМастер,"Компьютерная помощь в Азове с выездом на дом. Настройка ПК, удаление вирусов, восстановление данных. Выезд мастера на дом. Звоните!"
Азов,Ремонт телевизоров,remont-televizorov,+7 (986) 089-07-04,https://master-na-dom.online/remont-televizorov-azov,remont-televizorov-azov,Ремонт телевизоров в Азове | ПроМастер,"Ремонт телевизоров в Азове с выездом на дом. Ремонт LED, OLED, Smart TV. Диагностика бесплатно. Гарантия на ремонт. Звоните!"
Азов,Ремонт варочных панелей,remont-varochnyh-panelej,+7 (969) 999-24-97,https://master-na-dom.online/remont-varochnyh-panelej-azov,remont-varochnyh-panelej-azov,Ремонт варочных панелей в Азове | ПроМастер,"Ремонт варочных панелей в Азове с выездом на дом. Индукционные, электрические и газовые панели. Гарантия на ремонт. Звоните!"
Азов,Ремонт духовых шкафов,remont-duhovyh-shkafov,+7 (969) 999-24-97,https://master-na-dom.online/remont-duhovyh-shkafov-azov,remont-duhovyh-shkafov-azov,Ремонт духовых шкафов в Азове | ПроМастер,Ремонт духовых шкафов в Азове с выездом на дом. Электрические и газовые духовки. Диагностика бесплатно. Звоните!
Азов,Ремонт водонагревателей,remont-vodonagrevatelej,+7 (969) 999-24-97,https://master-na-dom.online/remont-vodonagrevatelej-azov,remont-vodonagrevatelej-azov,Ремонт водонагревателей в Азове | ПроМастер,Ремонт водонагревателей в Азове с выездом на дом. Ремонт бойлеров и проточных водонагревателей. Гарантия на работы. Звоните!
Азов,Ремонт кофемашин,remont-kofemashin,+7 (969) 999-24-97,https://master-na-dom.online/remont-kofemashin-azov,remont-kofemashin-azov,Ремонт кофемашин в Азове | ПроМастер,"Ремонт кофемашин в Азове с выездом на дом. DeLonghi, Saeco, Bosch, Jura и другие марки. Диагностика бесплатно. Звоните!"
Азов,Дезинфекция,dezinfekciya,+7 (984) 333-32-49,https://master-na-dom.online/dezinfekciya-azov,dezinfekciya-azov,Дезинфекция в Азове — вызов мастера на дом | ПроМастер,"Дезинфекция в Азове с выездом на дом. Уничтожение насекомых, грызунов и плесени. Безопасные препараты, гарантия результата. Звоните!"
Азов,Электрик,elektrik,+7 (984) 333-32-49,https://master-na-dom.online/elektrik-azov,elektrik-azov,Электрик в Азове | ПроМастер,"Электрик в Азове с выездом на дом. Замена проводки, установка розеток, поиск неисправностей. Гарантия на работы. Звоните!"
Азов,Сантехник,santehnik,+7 (984) 333-32-49,https://master-na-dom.online/santehnik-azov,santehnik-azov,Сантехник в Азове | ПроМастер,"Сантехник в Азове с выездом на дом. Устранение протечек, замена смесителей, прочистка канализации. Гарантия на работы. Звоните!"
Азов,Мастер на час,master-na-chas,+7 (984) 333-32-49,https://master-na-dom.online/master-na-chas-azov,master-na-chas-azov,Мастер на час в Азове | ПроМастер,"Мастер на час в Азове с выездом на дом. Мелкий ремонт, сборка мебели, навешивание полок. Выезд за 30 минут. Звоните!"
Азов,Ремонт окон,remont-okon,+7 (984) 333-32-49,https://master-na-dom.online/remont-okon-azov,remont-okon-azov,Ремонт окон в Азове | ПроМастер,"Ремонт окон в Азове с выездом на дом. Регулировка фурнитуры, замена уплотнителя, устранение продувания. Звоните!"
Азов,Клининг,klining,+7 (984) 333-32-49,https://master-na-dom.online/klining-azov,klining-azov,Клининг в Азове — вызов мастера на дом | ПроМастер,"Клининг в Азове с выездом на дом. Генеральная уборка, уборка после ремонта, мытьё окон. Профессиональная химия и оборудование. Звоните!"
Азов,Сборка мебели,sborka-mebeli,+7 (984) 333-32-49,https://master-na-dom.online/sborka-mebeli-azov,sborka-mebeli-azov,Сборка мебели в Азове — вызов мастера на дом | ПроМастер,"Сборка мебели в Азове с выездом на дом. Сборка шкафов, кухонь, кроватей и стеллажей. Аккуратно и со своим инструментом. Звоните!"
Аксай,Ремонт стиральных машин,remont-stiralnyh-mashin,+7 (969) 999-24-97,https://master-na-dom.online/remont-stiralnyh-mashin-aksay,remont-stiralnyh-mashin-aksay,Ремонт стиральных машин в Аксае | ПроМастер,"Ремонт стиральных машин в Аксае с выездом на дом. Samsung, LG, Bosch, Indesit и другие марки. Диагностика бесплатно. Гарантия на ремонт. Звоните!"
Аксай,Ремонт холодильников,remont-holodilnikov,+7 (969) 999-24-97,https://master-na-dom.online/remont-holodilnikov-aksay,remont-holodilnikov-aksay,Ремонт холодильников в Аксае | ПроМастер,"Ремонт холодильников в Аксае с выездом на дом. Samsung, LG, Bosch, Atlant и другие марки. Диагностика бесплатно. Гарантия на ремонт. Звоните!"
Аксай,Ремонт посудомоечных машин,remont-pmm,+7 (969) 999-24-97,https://master-na-dom.online/remont-pmm-aksay,remont-pmm-aksay,Ремонт посудомоечных машин в Аксае | ПроМастер,"Ремонт посудомоечных машин в Аксае с выездом на дом. Bosch, Siemens, Electrolux и другие марки. Диагностика бесплатно. Звоните!"
Аксай,Ремонт кондиционеров,remont-kondicionerov,+7 (969) 999-24-97,https://master-na-dom.online/remont-kondicionerov-aksay,remont-kondicionerov-aksay,Ремонт кондиционеров в Аксае | ПроМастер,"Ремонт кондиционеров в Аксае с выездом на дом. Обслуживание, заправка фреоном, ремонт сплит-систем. Гарантия на работы. Звоните!"
Аксай,Компьютерная помощь,kp,+7 (986) 089-07-04,https://master-na-dom.online/kp-aksay,kp-aksay,Компьютерная помощь в Аксае | ПроМастер,"Компьютерная помощь в Аксае с выездом на дом. Настройка ПК, удаление вирусов, восстановление данных. Выезд мастера на дом. Звоните!"
Аксай,Ремонт телевизоров,remont-televizorov,+7 (986) 089-07-04,https://master-na-dom.online/remont-televizorov-aksay,remont-televizorov-aksay,Ремонт телевизоров в Аксае | ПроМастер,"Ремонт телевизоров в Аксае с выездом на дом. Ремонт LED, OLED, Smart TV. Диагностика бесплатно. Гарантия на ремонт. Звоните!"
Аксай,Ремонт варочных панелей,remont-varochnyh-panelej,+7 (969) 999-24-97,https://master-na-dom.online/remont-varochnyh-panelej-aksay,remont-varochnyh-panelej-aksay,Ремонт варочных панелей в Аксае | ПроМастер,"Ремонт варочных панелей в Аксае с выездом на дом. Индукционные, электрические и газовые панели. Гарантия на ремонт. Звоните!"
Аксай,Ремонт духовых шкафов,remont-duhovyh-shkafov,+7 (969) 999-24-97,https://master-na-dom.online/remont-duhovyh-shkafov-aksay,remont-duhovyh-shkafov-aksay,Ремонт духовых шкафов в Аксае | ПроМастер,Ремонт духовых шкафов в Аксае с выездом на дом. Электрические и газовые духовки. Диагностика бесплатно. Звоните!
Аксай,Ремонт водонагревателей,remont-vodonagrevatelej,+7 (969) 999-24-97,https://master-na-dom.online/remont-vodonagrevatelej-aksay,remont-vodonagrevatelej-aksay,Ремонт водонагревателей в Аксае | ПроМастер,Ремонт водонагревателей в Аксае с выездом на дом. Ремонт бойлеров и проточных водонагревателей. Гарантия на работы. Звоните!
Аксай,Ремонт кофемашин,remont-kofemashin,+7 (969) 999-24-97,https://master-na-dom.online/remont-kofemashin-aksay,remont-kofemashin-aksay,Ремонт кофемашин в Аксае | ПроМастер,"Ремонт кофемашин в Аксае с выездом на дом. DeLonghi, Saeco, Bosch, Jura и другие марки. Диагностика бесплатно. Звоните!"
Аксай,Дезинфекция,dezinfekciya,+7 (984) 333-32-49,https://master-na-dom.online/dezinfekciya-aksay,dezinfekciya-aksay,Дезинфекция в Аксае — вызов мастера на дом | ПроМастер,"Дезинфекция в Аксае с выездом на дом. Уничтожение насекомых, грызунов и плесени. Безопасные препараты, гарантия результата. Звоните!"
Аксай,Электрик,elektrik,+7 (984) 333-32-49,https://master-na-dom.online/elektrik-aksay,elektrik-aksay,Электрик в Аксае | ПроМастер,"Электрик в Аксае с выездом на дом. Замена проводки, установка розеток, поиск неисправностей. Гарантия на работы. Звоните!"
Аксай,Сантехник,santehnik,+7 (984) 333-32-49,https://master-na-dom.online/santehnik-aksay,santehnik-aksay,Сантехник в Аксае | ПроМастер,"Сантехник в Аксае с выездом на дом. Устранение протечек, замена смесителей, прочистка канализации. Гарантия на работы. Звоните!"
Аксай,Мастер на час,master-na-chas,+7 (984) 333-32-49,https://master-na-dom.online/master-na-chas-aksay,master-na-chas-aksay,Мастер на час в Аксае | ПроМастер,"Мастер на час в Аксае с выездом на дом. Мелкий ремонт, сборка мебели, навешивание полок. Выезд за 30 минут. Звоните!"
Аксай,Ремонт окон,remont-okon,+7 (984) 333-32-49,https://master-na-dom.online/remont-okon-aksay,remont-okon-aksay,Ремонт окон в Аксае | ПроМастер,"Ремонт окон в Аксае с выездом на дом. Регулировка фурнитуры, замена уплотнителя, устранение продувания. Звоните!"
Аксай,Клининг,klining,+7 (984) 333-32-49,https://master-na-dom.online/klining-aksay,klining-aksay,Клининг в Аксае — вызов мастера на дом | ПроМастер,"Клининг в Аксае с выездом на дом. Генеральная уборка, уборка после ремонта, мытьё окон. Профессиональная химия и оборудование. Звоните!"
Аксай,Сборка мебели,sborka-mebeli,+7 (984) 333-32-49,https://master-na-dom.online/sborka-mebeli-aksay,sborka-mebeli-aksay,Сборка мебели в Аксае — вызов мастера на дом | ПроМастер,"Сборка мебели в Аксае с выездом на дом. Сборка шкафов, кухонь, кроватей и стеллажей. Аккуратно и со своим инструментом. Звоните!"
Ангарск,Ремонт стиральных машин,remont-stiralnyh-mashin,+7 (969) 999-24-97,https://master-na-dom.online/remont-stiralnyh-mashin-angarsk,remont-stiralnyh-mashin-angarsk,Ремонт стиральных машин в Ангарске | ПроМастер,"Ремонт стиральных машин в Ангарске с выездом на дом. Samsung, LG, Bosch, Indesit и другие марки. Диагностика бесплатно. Гарантия на ремонт. Звоните!"
Ангарск,Ремонт холодильников,remont-holodilnikov,+7 (969) 999-24-97,https://master-na-dom.online/remont-holodilnikov-angarsk,remont-holodilnikov-angarsk,Ремонт холодильников в Ангарске | ПроМастер,"Ремонт холодильников в Ангарске с выездом на дом. Samsung, LG, Bosch, Atlant и другие марки. Диагностика бесплатно. Гарантия на ремонт. Звоните!"
Ангарск,Ремонт посудомоечных машин,remont-pmm,+7 (969) 999-24-97,https://master-na-dom.online/remont-pmm-angarsk,remont-pmm-angarsk,Ремонт посудомоечных машин в Ангарске | ПроМастер,"Ремонт посудомоечных машин в Ангарске с выездом на дом. Bosch, Siemens, Electrolux и другие марки. Диагностика бесплатно. Звоните!"
Ангарск,Ремонт кондиционеров,remont-kondicionerov,+7 (969) 999-24-97,https://master-na-dom.online/remont-kondicionerov-angarsk,remont-kondicionerov-angarsk,Ремонт кондиционеров в Ангарске | ПроМастер,"Ремонт кондиционеров в Ангарске с выездом на дом. Обслуживание, заправка фреоном, ремонт сплит-систем. Гарантия на работы. Звоните!"
Ангарск,Компьютерная помощь,kp,+7 (986) 089-07-04,https://master-na-dom.online/kp-angarsk,kp-angarsk,Компьютерная помощь в Ангарске | ПроМастер,"Компьютерная помощь в Ангарске с выездом на дом. Настройка ПК, удаление вирусов, восстановление данных. Выезд мастера на дом. Звоните!"
Ангарск,Ремонт телевизоров,remont-televizorov,+7 (986) 089-07-04,https://master-na-dom.online/remont-televizorov-angarsk,remont-televizorov-angarsk,Ремонт телевизоров в Ангарске | ПроМастер,"Ремонт телевизоров в Ангарске с выездом на дом. Ремонт LED, OLED, Smart TV. Диагностика бесплатно. Гарантия на ремонт. Звоните!"
Ангарск,Ремонт варочных панелей,remont-varochnyh-panelej,+7 (969) 999-24-97,https://master-na-dom.online/remont-varochnyh-panelej-angarsk,remont-varochnyh-panelej-angarsk,Ремонт варочных панелей в Ангарске | ПроМастер,"Ремонт варочных панелей в Ангарске с выездом на дом. Индукционные, электрические и газовые панели. Гарантия на ремонт. Звоните!"
Ангарск,Ремонт духовых шкафов,remont-duhovyh-shkafov,+7 (969) 999-24-97,https://master-na-dom.online/remont-duhovyh-shkafov-angarsk,remont-duhovyh-shkafov-angarsk,Ремонт духовых шкафов в Ангарске | ПроМастер,Ремонт духовых шкафов в Ангарске с выездом на дом. Электрические и газовые духовки. Диагностика бесплатно. Звоните!
Ангарск,Ремонт водонагревателей,remont-vodonagrevatelej,+7 (969) 999-24-97,https://master-na-dom.online/remont-vodonagrevatelej-angarsk,remont-vodonagrevatelej-angarsk,Ремонт водонагревателей в Ангарске | ПроМастер,Ремонт водонагревателей в Ангарске с выездом на дом. Ремонт бойлеров и проточных водонагревателей. Гарантия на работы. Звоните!
Ангарск,Ремонт кофемашин,remont-kofemashin,+7 (969) 999-24-97,https://master-na-dom.online/remont-kofemashin-angarsk,remont-kofemashin-angarsk,Ремонт кофемашин в Ангарске | ПроМастер,"Ремонт кофемашин в Ангарске с выездом на дом. DeLonghi, Saeco, Bosch, Jura и другие марки. Диагностика бесплатно. Звоните!"
Ангарск,Дезинфекция,dezinfekciya,+7 (984) 333-32-49,https://master-na-dom.online/dezinfekciya-angarsk,dezinfekciya-angarsk,Дезинфекция в Ангарске — вызов мастера на дом | ПроМастер,"Дезинфекция в Ангарске с выездом на дом. Уничтожение насекомых, грызунов и плесени. Безопасные препараты, гарантия результата. Звоните!"
Ангарск,Электрик,elektrik,+7 (984) 333-32-49,https://master-na-dom.online/elektrik-angarsk,elektrik-angarsk,Электрик в Ангарске | ПроМастер,"Электрик в Ангарске с выездом на дом. Замена проводки, установка розеток, поиск неисправностей. Гарантия на работы. Звоните!"
Ангарск,Сантехник,santehnik,+7 (984) 333-32-49,https://master-na-dom.online/santehnik-angarsk,santehnik-angarsk,Сантехник в Ангарске | ПроМастер,"Сантехник в Ангарске с выездом на дом. Устранение протечек, замена смесителей, прочистка канализации. Гарантия на работы. Звоните!"
Ангарск,Мастер на час,master-na-chas,+7 (984) 333-32-49,https://master-na-dom.online/master-na-chas-angarsk,master-na-chas-angarsk,Мастер на час в Ангарске | ПроМастер,"Мастер на час в Ангарске с выездом на дом. Мелкий ремонт, сборка мебели, навешивание полок. Выезд за 30 минут. Звоните!"
Ангарск,Ремонт окон,remont-okon,+7 (984) 333-32-49,https://master-na-dom.online/remont-okon-angarsk,remont-okon-angarsk,Ремонт окон в Ангарске | ПроМастер,"Ремонт окон в Ангарске с выездом на дом. Регулировка фурнитуры, замена уплотнителя, устранение продувания. Звоните!"
Ангарск,Клининг,klining,+7 (984) 333-32-49,https://master-na-dom.online/klining-angarsk,klining-angarsk,Клининг в Ангарске — вызов мастера на дом | ПроМастер,"Клининг в Ангарске с выездом на дом. Генеральная уборка, уборка после ремонта, мытьё окон. Профессиональная химия и оборудование. Звоните!"
Ангарск,Сборка мебели,sborka-mebeli,+7 (984) 333-32-49,https://master-na-dom.online/sborka-mebeli-angarsk,sborka-mebeli-angarsk,Сборка мебели в Ангарске — вызов мастера на дом | ПроМастер,"Сборка мебели в Ангарске с выездом на дом. Сборка шкафов, кухонь, кроватей и стеллажей. Аккуратно и со своим инструментом. Звоните!"
Архангельск,Ремонт стиральных машин,remont-stiralnyh-mashin,+7 (969) 999-24-97,https://master-na-dom.online/remont-stiralnyh-mashin-arkhangelsk,remont-stiralnyh-mashin-arkhangelsk,Ремонт стиральных машин в Архангельске | ПроМастер,"Ремонт стиральных машин в Архангельске с выездом на дом. Samsung, LG, Bosch, Indesit и другие марки. Диагностика бесплатно. Гарантия на ремонт. Звоните!"
Архангельск,Ремонт холодильников,remont-holodilnikov,+7 (969) 999-24-97,https://master-na-dom.online/remont-holodilnikov-arkhangelsk,remont-holodilnikov-arkhangelsk,Ремонт холодильников в Архангельске | ПроМастер,"Ремонт холодильников в Архангельске с выездом на дом. Samsung, LG, Bosch, Atlant и другие марки. Диагностика бесплатно. Гарантия на ремонт. Звоните!"
Архангельск,Ремонт посудомоечных машин,remont-pmm,+7 (969) 999-24-97,https://master-na-dom.online/remont-pmm-arkhangelsk,remont-pmm-arkhangelsk,Ремонт посудомоечных машин в Архангельске | ПроМастер,"Ремонт посудомоечных машин в Архангельске с выездом на дом. Bosch, Siemens, Electrolux и другие марки. Диагностика бесплатно. Звоните!"
Архангельск,Ремонт кондиционеров,remont-kondicionerov,+7 (969) 999-24-97,https://master-na-dom.online/remont-kondicionerov-arkhangelsk,remont-kondicionerov-arkhangelsk,Ремонт кондиционеров в Архангельске | ПроМастер,"Ремонт кондиционеров в Архангельске с выездом на дом. Обслуживание, заправка фреоном, ремонт сплит-систем. Гарантия на работы. Звоните!"
Архангельск,Компьютерная помощь,kp,+7 (986) 089-07-04,https://master-na-dom.online/kp-arkhangelsk,kp-arkhangelsk,Компьютерная помощь в Архангельске | ПроМастер,"Компьютерная помощь в Архангельске с выездом на дом. Настройка ПК, удаление вирусов, восстановление данных. Выезд мастера на дом. Звоните!"
Архангельск,Ремонт телевизоров,remont-televizorov,+7 (986) 089-07-04,https://master-na-dom.online/remont-televizorov-arkhangelsk,remont-televizorov-arkhangelsk,Ремонт телевизоров в Архангельске | ПроМастер,"Ремонт телевизоров в Архангельске с выездом на дом. Ремонт LED, OLED, Smart TV. Диагностика бесплатно. Гарантия на ремонт. Звоните!"
Архангельск,Ремонт варочных панелей,remont-varochnyh-panelej,+7 (969) 999-24-97,https://master-na-dom.online/remont-varochnyh-panelej-arkhangelsk,remont-varochnyh-panelej-arkhangelsk,Ремонт варочных панелей в Архангельске | ПроМастер,"Ремонт варочных панелей в Архангельске с выездом на дом. Индукционные, электрические и газовые панели. Гарантия на ремонт. Звоните!"
Архангельск,Ремонт духовых шкафов,remont-duhovyh-shkafov,+7 (969) 999-24-97,https://master-na-dom.online/remont-duhovyh-shkafov-arkhangelsk,remont-duhovyh-shkafov-arkhangelsk,Ремонт духовых шкафов в Архангельске | ПроМастер,Ремонт духовых шкафов в Архангельске с выездом на дом. Электрические и газовые духовки. Диагностика бесплатно. Звоните!
Архангельск,Ремонт водонагревателей,remont-vodonagrevatelej,+7 (969) 999-24-97,https://master-na-dom.online/remont-vodonagrevatelej-arkhangelsk,remont-vodonagrevatelej-arkhangelsk,Ремонт водонагревателей в Архангельске | ПроМастер,Ремонт водонагревателей в Архангельске с выездом на дом. Ремонт бойлеров и проточных водонагревателей. Гарантия на работы. Звоните!
Архангельск,Ремонт кофемашин,remont-kofemashin,+7 (969) 999-24-97,https://master-na-dom.online/remont-kofemashin-arkhangelsk,remont-kofemashin-arkhangelsk,Ремонт кофемашин в Архангельске | ПроМастер,"Ремонт кофемашин в Архангельске с выездом на дом. DeLonghi, Saeco, Bosch, Jura и другие марки. Диагностика бесплатно. Звоните!"
Архангельск,Дезинфекция,dezinfekciya,+7 (984) 333-32-49,https://master-na-dom.online/dezinfekciya-arkhangelsk,dezinfekciya-arkhangelsk,Дезинфекция в Архангельске — вызов мастера на дом | ПроМастер,"Дезинфекция в Архангельске с выездом на дом. Уничтожение насекомых, грызунов и плесени. Безопасные препараты, гарантия результата. Звоните!"
Архангельск,Электрик,elektrik,+7 (984) 333-32-49,https://master-na-dom.online/elektrik-arkhangelsk,elektrik-arkhangelsk,Электрик в Архангельске | ПроМастер,"Электрик в Архангельске с выездом на дом. Замена проводки, установка розеток, поиск неисправностей. Гарантия на работы. Звоните!"
Архангельск,Сантехник,santehnik,+7 (984) 333-32-49,https://master-na-dom.online/santehnik-arkhangelsk,santehnik-arkhangelsk,Сантехник в Архангельске | ПроМастер,"Сантехник в Архангельске с выездом на дом. Устранение протечек, замена смесителей, прочистка канализации. Гарантия на работы. Звоните!"
Архангельск,Мастер на час,master-na-chas,+7 (984) 333-32-49,https://master-na-dom.online/master-na-chas-arkhangelsk,master-na-chas-arkhangelsk,Мастер на час в Архангельске | ПроМастер,"Мастер на час в Архангельске с выездом на дом. Мелкий ремонт, сборка мебели, навешивание полок. Выезд за 30 минут. Звоните!"
Архангельск,Ремонт окон,remont-okon,+7 (984) 333-32-49,https://master-na-dom.online/remont-okon-arkhangelsk,remont-okon-arkhangelsk,Ремонт окон в Архангельске | ПроМастер,"Ремонт окон в Архангельске с выездом на дом. Регулировка фурнитуры, замена уплотнителя, устранение продувания. Звоните!"
Архангельск,Клининг,klining,+7 (984) 333-32-49,https://master-na-dom.online/klining-arkhangelsk,klining-arkhangelsk,Клининг в Архангельске — вызов мастера на дом | ПроМастер,"Клининг в Архангельске с выездом на дом. Генеральная уборка, уборка после ремонта, мытьё окон. Профессиональная химия и оборудование. Звоните!"
Архангельск,Сборка мебели,sborka-mebeli,+7 (984) 333-32-49,https://master-na-dom.online/sborka-mebeli-arkhangelsk,sborka-mebeli-arkhangelsk,Сборка мебели в Архангельске — вызов мастера на дом | ПроМастер,"Сборка мебели в Архангельске с выездом на дом. Сборка шкафов, кухонь, кроватей и стеллажей. Аккуратно и со своим инструментом. Звоните!"
Балаклава,Ремонт стиральных машин,remont-stiralnyh-mashin,+7 (969) 999-24-97,https://master-na-dom.online/remont-stiralnyh-mashin-balaklava,remont-stiralnyh-mashin-balaklava,Ремонт стиральных машин в Балаклаве | ПроМастер,"Ремонт стиральных машин в Балаклаве с выездом на дом. Samsung, LG, Bosch, Indesit и другие марки. Диагностика бесплатно. Гарантия на ремонт. Звоните!"
Балаклава,Ремонт холодильников,remont-holodilnikov,+7 (969) 999-24-97,https://master-na-dom.online/remont-holodilnikov-balaklava,remont-holodilnikov-balaklava,Ремонт холодильников в Балаклаве | ПроМастер,"Ремонт холодильников в Балаклаве с выездом на дом. Samsung, LG, Bosch, Atlant и другие марки. Диагностика бесплатно. Гарантия на ремонт. Звоните!"
Балаклава,Ремонт посудомоечных машин,remont-pmm,+7 (969) 999-24-97,https://master-na-dom.online/remont-pmm-balaklava,remont-pmm-balaklava,Ремонт посудомоечных машин в Балаклаве | ПроМастер,"Ремонт посудомоечных машин в Балаклаве с выездом на дом. Bosch, Siemens, Electrolux и другие марки. Диагностика бесплатно. Звоните!"
Балаклава,Ремонт кондиционеров,remont-kondicionerov,+7 (969) 999-24-97,https://master-na-dom.online/remont-kondicionerov-balaklava,remont-kondicionerov-balaklava,Ремонт кондиционеров в Балаклаве | ПроМастер,"Ремонт кондиционеров в Балаклаве с выездом на дом. Обслуживание, заправка фреоном, ремонт сплит-систем. Гарантия на работы. Звоните!"
Балаклава,Компьютерная помощь,kp,+7 (986) 089-07-04,https://master-na-dom.online/kp-balaklava,kp-balaklava,Компьютерная помощь в Балаклаве | ПроМастер,"Компьютерная помощь в Балаклаве с выездом на дом. Настройка ПК, удаление вирусов, восстановление данных. Выезд мастера на дом. Звоните!"
Балаклава,Ремонт телевизоров,remont-televizorov,+7 (986) 089-07-04,https://master-na-dom.online/remont-televizorov-balaklava,remont-televizorov-balaklava,Ремонт телевизоров в Балаклаве | ПроМастер,"Ремонт телевизоров в Балаклаве с выездом на дом. Ремонт LED, OLED, Smart TV. Диагностика бесплатно. Гарантия на ремонт. Звоните!"
Балаклава,Ремонт варочных панелей,remont-varochnyh-panelej,+7 (969) 999-24-97,https://master-na-dom.online/remont-varochnyh-panelej-balaklava,remont-varochnyh-panelej-balaklava,Ремонт варочных панелей в Балаклаве | ПроМастер,"Ремонт варочных панелей в Балаклаве с выездом на дом. Индукционные, электрические и газовые панели. Гарантия на ремонт. Звоните!"
Балаклава,Ремонт духовых шкафов,remont-duhovyh-shkafov,+7 (969) 999-24-97,https://master-na-dom.online/remont-duhovyh-shkafov-balaklava,remont-duhovyh-shkafov-balaklava,Ремонт духовых шкафов в Балаклаве | ПроМастер,Ремонт духовых шкафов в Балаклаве с выездом на дом. Электрические и газовые духовки. Диагностика бесплатно. Звоните!
Балаклава,Ремонт водонагревателей,remont-vodonagrevatelej,+7 (969) 999-24-97,https://master-na-dom.online/remont-vodonagrevatelej-balaklava,remont-vodonagrevatelej-balaklava,Ремонт водонагревателей в Балаклаве | ПроМастер,Ремонт водонагревателей в Балаклаве с выездом на дом. Ремонт бойлеров и проточных водонагревателей. Гарантия на работы. Звоните!
Балаклава,Ремонт кофемашин,remont-kofemashin,+7 (969) 999-24-97,https://master-na-dom.online/remont-kofemashin-balaklava,remont-kofemashin-balaklava,Ремонт кофемашин в Балаклаве | ПроМастер,"Ремонт кофемашин в Балаклаве с выездом на дом. DeLonghi, Saeco, Bosch, Jura и другие марки. Диагностика бесплатно. Звоните!"
Балаклава,Дезинфекция,dezinfekciya,+7 (984) 333-32-49,https://master-na-dom.online/dezinfekciya-balaklava,dezinfekciya-balaklava,Дезинфекция в Балаклаве — вызов мастера на дом | ПроМастер,"Дезинфекция в Балаклаве с выездом на дом. Уничтожение насекомых, грызунов и плесени. Безопасные препараты, гарантия результата. Звоните!"
Балаклава,Электрик,elektrik,+7 (984) 333-32-49,https://master-na-dom.online/elektrik-balaklava,elektrik-balaklava,Электрик в Балаклаве | ПроМастер,"Электрик в Балаклаве с выездом на дом. Замена проводки, установка розеток, поиск неисправностей. Гарантия на работы. Звоните!"
Балаклава,Сантехник,santehnik,+7 (984) 333-32-49,https://master-na-dom.online/santehnik-balaklava,santehnik-balaklava,Сантехник в Балаклаве | ПроМастер,"Сантехник в Балаклаве с выездом на дом. Устранение протечек, замена смесителей, прочистка канализации. Гарантия на работы. Звоните!"
Балаклава,Мастер на час,master-na-chas,+7 (984) 333-32-49,https://master-na-dom.online/master-na-chas-balaklava,master-na-chas-balaklava,Мастер на час в Балаклаве | ПроМастер,"Мастер на час в Балаклаве с выездом на дом. Мелкий ремонт, сборка мебели, навешивание полок. Выезд за 30 минут. Звоните!"
Балаклава,Ремонт окон,remont-okon,+7 (984) 333-32-49,https://master-na-dom.online/remont-okon-balaklava,remont-okon-balaklava,Ремонт окон в Балаклаве | ПроМастер,"Ремонт окон в Балаклаве с выездом на дом. Регулировка фурнитуры, замена уплотнителя, устранение продувания. Звоните!"
Балаклава,Клининг,klining,+7 (984) 333-32-49,https://master-na-dom.online/klining-balaklava,klining-balaklava,Клининг в Балаклаве — вызов мастера на дом | ПроМастер,"Клининг в Балаклаве с выездом на дом. Генеральная уборка, уборка после ремонта, мытьё окон. Профессиональная химия и оборудование. Звоните!"
Балаклава,Сборка мебели,sborka-mebeli,+7 (984) 333-32-49,https://master-na-dom.online/sborka-mebeli-balaklava,sborka-mebeli-balaklava,Сборка мебели в Балаклаве — вызов мастера на дом | ПроМастер,"Сборка мебели в Балаклаве с выездом на дом. Сборка шкафов, кухонь, кроватей и стеллажей. Аккуратно и со своим инструментом. Звоните!"
Балашиха,Ремонт стиральных машин,remont-stiralnyh-mashin,+7 (969) 999-24-97,https://master-na-dom.online/remont-stiralnyh-mashin-balashikha,remont-stiralnyh-mashin-balashikha,Ремонт стиральных машин в Балашихе | ПроМастер,"Ремонт стиральных машин в Балашихе с выездом на дом. Samsung, LG, Bosch, Indesit и другие марки. Диагностика бесплатно. Гарантия на ремонт. Звоните!"
Балашиха,Ремонт холодильников,remont-holodilnikov,+7 (969) 999-24-97,https://master-na-dom.online/remont-holodilnikov-balashikha,remont-holodilnikov-balashikha,Ремонт холодильников в Балашихе | ПроМастер,"Ремонт холодильников в Балашихе с выездом на дом. Samsung, LG, Bosch, Atlant и другие марки. Диагностика бесплатно. Гарантия на ремонт. Звоните!"
Балашиха,Ремонт посудомоечных машин,remont-pmm,+7 (969) 999-24-97,https://master-na-dom.online/remont-pmm-balashikha,remont-pmm-balashikha,Ремонт посудомоечных машин в Балашихе | ПроМастер,"Ремонт посудомоечных машин в Балашихе с выездом на дом. Bosch, Siemens, Electrolux и другие марки. Диагностика бесплатно. Звоните!"
Балашиха,Ремонт кондиционеров,remont-kondicionerov,+7 (969) 999-24-97,https://master-na-dom.online/remont-kondicionerov-balashikha,remont-kondicionerov-balashikha,Ремонт кондиционеров в Балашихе | ПроМастер,"Ремонт кондиционеров в Балашихе с выездом на дом. Обслуживание, заправка фреоном, ремонт сплит-систем. Гарантия на работы. Звоните!"
Балашиха,Компьютерная помощь,kp,+7 (986) 089-07-04,https://master-na-dom.online/kp-balashikha,kp-balashikha,Компьютерная помощь в Балашихе | ПроМастер,"Компьютерная помощь в Балашихе с выездом на дом. Настройка ПК, удаление вирусов, восстановление данных. Выезд мастера на дом. Звоните!"
Балашиха,Ремонт телевизоров,remont-televizorov,+7 (986) 089-07-04,https://master-na-dom.online/remont-televizorov-balashikha,remont-televizorov-balashikha,Ремонт телевизоров в Балашихе | ПроМастер,"Ремонт телевизоров в Балашихе с выездом на дом. Ремонт LED, OLED, Smart TV. Диагностика бесплатно. Гарантия на ремонт. Звоните!"
Балашиха,Ремонт варочных панелей,remont-varochnyh-panelej,+7 (969) 999-24-97,https://master-na-dom.online/remont-varochnyh-panelej-balashikha,remont-varochnyh-panelej-balashikha,Ремонт варочных панелей в Балашихе | ПроМастер,"Ремонт варочных панелей в Балашихе с выездом на дом. Индукционные, электрические и газовые панели. Гарантия на ремонт. Звоните!"
Балашиха,Ремонт духовых шкафов,remont-duhovyh-shkafov,+7 (969) 999-24-97,https://master-na-dom.online/remont-duhovyh-shkafov-balashikha,remont-duhovyh-shkafov-balashikha,Ремонт духовых шкафов в Балашихе | ПроМастер,Ремонт духовых шкафов в Балашихе с выездом на дом. Электрические и газовые духовки. Диагностика бесплатно. Звоните!
Балашиха,Ремонт водонагревателей,remont-vodonagrevatelej,+7 (969) 999-24-97,https://master-na-dom.online/remont-vodonagrevatelej-balashikha,remont-vodonagrevatelej-balashikha,Ремонт водонагревателей в Балашихе | ПроМастер,Ремонт водонагревателей в Балашихе с выездом на дом. Ремонт бойлеров и проточных водонагревателей. Гарантия на работы. Звоните!
Балашиха,Ремонт кофемашин,remont-kofemashin,+7 (969) 999-24-97,https://master-na-dom.online/remont-kofemashin-balashikha,remont-kofemashin-balashikha,Ремонт кофемашин в Балашихе | ПроМастер,"Ремонт кофемашин в Балашихе с выездом на дом. DeLonghi, Saeco, Bosch, Jura и другие марки. Диагностика бесплатно. Звоните!"
Балашиха,Дезинфекция,dezinfekciya,+7 (984) 333-32-49,https://master-na-dom.online/dezinfekciya-balashikha,dezinfekciya-balashikha,Дезинфекция в Балашихе — вызов мастера на дом | ПроМастер,"Дезинфекция в Балашихе с выездом на дом. Уничтожение насекомых, грызунов и плесени. Безопасные препараты, гарантия результата. Звоните!"
Балашиха,Электрик,elektrik,+7 (984) 333-32-49,https://master-na-dom.online/elektrik-balashikha,elektrik-balashikha,Электрик в Балашихе | ПроМастер,"Электрик в Балашихе с выездом на дом. Замена проводки, установка розеток, поиск неисправностей. Гарантия на работы. Звоните!"
Балашиха,Сантехник,santehnik,+7 (984) 333-32-49,https://master-na-dom.online/santehnik-balashikha,santehnik-balashikha,Сантехник в Балашихе | ПроМастер,"Сантехник в Балашихе с выездом на дом. Устранение протечек, замена смесителей, прочистка канализации. Гарантия на работы. Звоните!"
Балашиха,Мастер на час,master-na-chas,+7 (984) 333-32-49,https://master-na-dom.online/master-na-chas-balashikha,master-na-chas-balashikha,Мастер на час в Балашихе | ПроМастер,"Мастер на час в Балашихе с выездом на дом. Мелкий ремонт, сборка мебели, навешивание полок. Выезд за 30 минут. Звоните!"
Балашиха,Ремонт окон,remont-okon,+7 (984) 333-32-49,https://master-na-dom.online/remont-okon-balashikha,remont-okon-balashikha,Ремонт окон в Балашихе | ПроМастер,"Ремонт окон в Балашихе с выездом на дом. Регулировка фурнитуры, замена уплотнителя, устранение продувания. Звоните!"
Балашиха,Клининг,klining,+7 (984) 333-32-49,https://master-na-dom.online/klining-balashikha,klining-balashikha,Клининг в Балашихе — вызов мастера на дом | ПроМастер,"Клининг в Балашихе с выездом на дом. Генеральная уборка, уборка после ремонта, мытьё окон. Профессиональная химия и оборудование. Звоните!"
Балашиха,Сборка мебели,sborka-mebeli,+7 (984) 333-32-49,https://master-na-dom.online/sborka-mebeli-balashikha,sborka-mebeli-balashikha,Сборка мебели в Балашихе — вызов мастера на дом | ПроМастер,"Сборка мебели в Балашихе с выездом на дом. Сборка шкафов, кухонь, кроватей и стеллажей. Аккуратно и со своим инструментом. Звоните!"
Батайск,Ремонт стиральных машин,remont-stiralnyh-mashin,+7 (969) 999-24-97,https://master-na-dom.online/remont-stiralnyh-mashin-bataysk,remont-stiralnyh-mashin-bataysk,Ремонт стиральных машин в Батайске | ПроМастер,"Ремонт стиральных машин в Батайске с выездом на дом. Samsung, LG, Bosch, Indesit и другие марки. Диагностика бесплатно. Гарантия на ремонт. Звоните!"
Батайск,Ремонт холодильников,remont-holodilnikov,+7 (969) 999-24-97,https://master-na-dom.online/remont-holodilnikov-bataysk,remont-holodilnikov-bataysk,Ремонт холодильников в Батайске | ПроМастер,"Ремонт холодильников в Батайске с выездом на дом. Samsung, LG, Bosch, Atlant и другие марки. Диагностика бесплатно. Гарантия на ремонт. Звоните!"
Батайск,Ремонт посудомоечных машин,remont-pmm,+7 (969) 999-24-97,https://master-na-dom.online/remont-pmm-bataysk,remont-pmm-bataysk,Ремонт посудомоечных машин в Батайске | ПроМастер,"Ремонт посудомоечных машин в Батайске с выездом на дом. Bosch, Siemens, Electrolux и другие марки. Диагностика бесплатно. Звоните!"
Батайск,Ремонт кондиционеров,remont-kondicionerov,+7 (969) 999-24-97,https://master-na-dom.online/remont-kondicionerov-bataysk,remont-kondicionerov-bataysk,Ремонт кондиционеров в Батайске | ПроМастер,"Ремонт кондиционеров в Батайске с выездом на дом. Обслуживание, заправка фреоном, ремонт сплит-систем. Гарантия на работы. Звоните!"
Батайск,Компьютерная помощь,kp,+7 (986) 089-07-04,https://master-na-dom.online/kp-bataysk,kp-bataysk,Компьютерная помощь в Батайске | ПроМастер,"Компьютерная помощь в Батайске с выездом на дом. Настройка ПК, удаление вирусов, восстановление данных. Выезд мастера на дом. Звоните!"
Батайск,Ремонт телевизоров,remont-televizorov,+7 (986) 089-07-04,https://master-na-dom.online/remont-televizorov-bataysk,remont-televizorov-bataysk,Ремонт телевизоров в Батайске | ПроМастер,"Ремонт телевизоров в Батайске с выездом на дом. Ремонт LED, OLED, Smart TV. Диагностика бесплатно. Гарантия на ремонт. Звоните!"
Батайск,Ремонт варочных панелей,remont-varochnyh-panelej,+7 (969) 999-24-97,https://master-na-dom.online/remont-varochnyh-panelej-bataysk,remont-varochnyh-panelej-bataysk,Ремонт варочных панелей в Батайске | ПроМастер,"Ремонт варочных панелей в Батайске с выездом на дом. Индукционные, электрические и газовые панели. Гарантия на ремонт. Звоните!"
Батайск,Ремонт духовых шкафов,remont-duhovyh-shkafov,+7 (969) 999-24-97,https://master-na-dom.online/remont-duhovyh-shkafov-bataysk,remont-duhovyh-shkafov-bataysk,Ремонт духовых шкафов в Батайске | ПроМастер,Ремонт духовых шкафов в Батайске с выездом на дом. Электрические и газовые духовки. Диагностика бесплатно. Звоните!
Батайск,Ремонт водонагревателей,remont-vodonagrevatelej,+7 (969) 999-24-97,https://master-na-dom.online/remont-vodonagrevatelej-bataysk,remont-vodonagrevatelej-bataysk,Ремонт водонагревателей в Батайске | ПроМастер,Ремонт водонагревателей в Батайске с выездом на дом. Ремонт бойлеров и проточных водонагревателей. Гарантия на работы. Звоните!
Батайск,Ремонт кофемашин,remont-kofemashin,+7 (969) 999-24-97,https://master-na-dom.online/remont-kofemashin-bataysk,remont-kofemashin-bataysk,Ремонт кофемашин в Батайске | ПроМастер,"Ремонт кофемашин в Батайске с выездом на дом. DeLonghi, Saeco, Bosch, Jura и другие марки. Диагностика бесплатно. Звоните!"
Батайск,Дезинфекция,dezinfekciya,+7 (984) 333-32-49,https://master-na-dom.online/dezinfekciya-bataysk,dezinfekciya-bataysk,Дезинфекция в Батайске — вызов мастера на дом | ПроМастер,"Дезинфекция в Батайске с выездом на дом. Уничтожение насекомых, грызунов и плесени. Безопасные препараты, гарантия результата. Звоните!"
Батайск,Электрик,elektrik,+7 (984) 333-32-49,https://master-na-dom.online/elektrik-bataysk,elektrik-bataysk,Электрик в Батайске | ПроМастер,"Электрик в Батайске с выездом на дом. Замена проводки, установка розеток, поиск неисправностей. Гарантия на работы. Звоните!"
Батайск,Сантехник,santehnik,+7 (984) 333-32-49,https://master-na-dom.online/santehnik-bataysk,santehnik-bataysk,Сантехник в Батайске | ПроМастер,"Сантехник в Батайске с выездом на дом. Устранение протечек, замена смесителей, прочистка канализации. Гарантия на работы. Звоните!"
Батайск,Мастер на час,master-na-chas,+7 (984) 333-32-49,https://master-na-dom.online/master-na-chas-bataysk,master-na-chas-bataysk,Мастер на час в Батайске | ПроМастер,"Мастер на час в Батайске с выездом на дом. Мелкий ремонт, сборка мебели, навешивание полок. Выезд за 30 минут. Звоните!"
Батайск,Ремонт окон,remont-okon,+7 (984) 333-32-49,https://master-na-dom.online/remont-okon-bataysk,remont-okon-bataysk,Ремонт окон в Батайске | ПроМастер,"Ремонт окон в Батайске с выездом на дом. Регулировка фурнитуры, замена уплотнителя, устранение продувания. Звоните!"
Батайск,Клининг,klining,+7 (984) 333-32-49,https://master-na-dom.online/klining-bataysk,klining-bataysk,Клининг в Батайске — вызов мастера на дом | ПроМастер,"Клининг в Батайске с выездом на дом. Генеральная уборка, уборка после ремонта, мытьё окон. Профессиональная химия и оборудование. Звоните!"
Батайск,Сборка мебели,sborka-mebeli,+7 (984) 333-32-49,https://master-na-dom.online/sborka-mebeli-bataysk,sborka-mebeli-bataysk,Сборка мебели в Батайске — вызов мастера на дом | ПроМастер,"Сборка мебели в Батайске с выездом на дом. Сборка шкафов, кухонь, кроватей и стеллажей. Аккуратно и со своим инструментом. Звоните!"
Бахчисарай,Ремонт стиральных машин,remont-stiralnyh-mashin,+7 (969) 999-24-97,https://master-na-dom.online/remont-stiralnyh-mashin-bakhchisaray,remont-stiralnyh-mashin-bakhchisaray,Ремонт стиральных машин в Бахчисарае | ПроМастер,"Ремонт стиральных машин в Бахчисарае с выездом на дом. Samsung, LG, Bosch, Indesit и другие марки. Диагностика бесплатно. Гарантия на ремонт. Звоните!"
Бахчисарай,Ремонт холодильников,remont-holodilnikov,+7 (969) 999-24-97,https://master-na-dom.online/remont-holodilnikov-bakhchisaray,remont-holodilnikov-bakhchisaray,Ремонт холодильников в Бахчисарае | ПроМастер,"Ремонт холодильников в Бахчисарае с выездом на дом. Samsung, LG, Bosch, Atlant и другие марки. Диагностика бесплатно. Гарантия на ремонт. Звоните!"
Бахчисарай,Ремонт посудомоечных машин,remont-pmm,+7 (969) 999-24-97,https://master-na-dom.online/remont-pmm-bakhchisaray,remont-pmm-bakhchisaray,Ремонт посудомоечных машин в Бахчисарае | ПроМастер,"Ремонт посудомоечных машин в Бахчисарае с выездом на дом. Bosch, Siemens, Electrolux и другие марки. Диагностика бесплатно. Звоните!"
Бахчисарай,Ремонт кондиционеров,remont-kondicionerov,+7 (969) 999-24-97,https://master-na-dom.online/remont-kondicionerov-bakhchisaray,remont-kondicionerov-bakhchisaray,Ремонт кондиционеров в Бахчисарае | ПроМастер,"Ремонт кондиционеров в Бахчисарае с выездом на дом. Обслуживание, заправка фреоном, ремонт сплит-систем. Гарантия на работы. Звоните!"
Бахчисарай,Компьютерная помощь,kp,+7 (986) 089-07-04,https://master-na-dom.online/kp-bakhchisaray,kp-bakhchisaray,Компьютерная помощь в Бахчисарае | ПроМастер,"Компьютерная помощь в Бахчисарае с выездом на дом. Настройка ПК, удаление вирусов, восстановление данных. Выезд мастера на дом. Звоните!"
Бахчисарай,Ремонт телевизоров,remont-televizorov,+7 (986) 089-07-04,https://master-na-dom.online/remont-televizorov-bakhchisaray,remont-televizorov-bakhchisaray,Ремонт телевизоров в Бахчисарае | ПроМастер,"Ремонт телевизоров в Бахчисарае с выездом на дом. Ремонт LED, OLED, Smart TV. Диагностика бесплатно. Гарантия на ремонт. Звоните!"
Бахчисарай,Ремонт варочных панелей,remont-varochnyh-panelej,+7 (969) 999-24-97,https://master-na-dom.online/remont-varochnyh-panelej-bakhchisaray,remont-varochnyh-panelej-bakhchisaray,Ремонт варочных панелей в Бахчисарае | ПроМастер,"Ремонт варочных панелей в Бахчисарае с выездом на дом. Индукционные, электрические и газовые панели. Гарантия на ремонт. Звоните!"
Бахчисарай,Ремонт духовых шкафов,remont-duhovyh-shkafov,+7 (969) 999-24-97,https://master-na-dom.online/remont-duhovyh-shkafov-bakhchisaray,remont-duhovyh-shkafov-bakhchisaray,Ремонт духовых шкафов в Бахчисарае | ПроМастер,Ремонт духовых шкафов в Бахчисарае с выездом на дом. Электрические и газовые духовки. Диагностика бесплатно. Звоните!
Бахчисарай,Ремонт водонагревателей,remont-vodonagrevatelej,+7 (969) 999-24-97,https://master-na-dom.online/remont-vodonagrevatelej-bakhchisaray,remont-vodonagrevatelej-bakhchisaray,Ремонт водонагревателей в Бахчисарае | ПроМастер,Ремонт водонагревателей в Бахчисарае с выездом на дом. Ремонт бойлеров и проточных водонагревателей. Гарантия на работы. Звоните!
Бахчисарай,Ремонт кофемашин,remont-kofemashin,+7 (969) 999-24-97,https://master-na-dom.online/remont-kofemashin-bakhchisaray,remont-kofemashin-bakhchisaray,Ремонт кофемашин в Бахчисарае | ПроМастер,"Ремонт кофемашин в Бахчисарае с выездом на дом. DeLonghi, Saeco, Bosch, Jura и другие марки. Диагностика бесплатно. Звоните!"
Бахчисарай,Дезинфекция,dezinfekciya,+7 (984) 333-32-49,https://master-na-dom.online/dezinfekciya-bakhchisaray,dezinfekciya-bakhchisaray,Дезинфекция в Бахчисарае — вызов мастера на дом | ПроМастер,"Дезинфекция в Бахчисарае с выездом на дом. Уничтожение насекомых, грызунов и плесени. Безопасные препараты, гарантия результата. Звоните!"
Бахчисарай,Электрик,elektrik,+7 (984) 333-32-49,https://master-na-dom.online/elektrik-bakhchisaray,elektrik-bakhchisaray,Электрик в Бахчисарае | ПроМастер,"Электрик в Бахчисарае с выездом на дом. Замена проводки, установка розеток, поиск неисправностей. Гарантия на работы. Звоните!"
Бахчисарай,Сантехник,santehnik,+7 (984) 333-32-49,https://master-na-dom.online/santehnik-bakhchisaray,santehnik-bakhchisaray,Сантехник в Бахчисарае | ПроМастер,"Сантехник в Бахчисарае с выездом на дом. Устранение протечек, замена смесителей, прочистка канализации. Гарантия на работы. Звоните!"
Бахчисарай,Мастер на час,master-na-chas,+7 (984) 333-32-49,https://master-na-dom.online/master-na-chas-bakhchisaray,master-na-chas-bakhchisaray,Мастер на час в Бахчисарае | ПроМастер,"Мастер на час в Бахчисарае с выездом на дом. Мелкий ремонт, сборка мебели, навешивание полок. Выезд за 30 минут. Звоните!"
Бахчисарай,Ремонт окон,remont-okon,+7 (984) 333-32-49,https://master-na-dom.online/remont-okon-bakhchisaray,remont-okon-bakhchisaray,Ремонт окон в Бахчисарае | ПроМастер,"Ремонт окон в Бахчисарае с выездом на дом. Регулировка фурнитуры, замена уплотнителя, устранение продувания. Звоните!"
Бахчисарай,Клининг,klining,+7 (984) 333-32-49,https://master-na-dom.online/klining-bakhchisaray,klining-bakhchisaray,Клининг в Бахчисарае — вызов мастера на дом | ПроМастер,"Клининг в Бахчисарае с выездом на дом. Генеральная уборка, уборка после ремонта, мытьё окон. Профессиональная химия и оборудование. Звоните!"
Бахчисарай,Сборка мебели,sborka-mebeli,+7 (984) 333-32-49,https://master-na-dom.online/sborka-mebeli-bakhchisaray,sborka-mebeli-bakhchisaray,Сборка мебели в Бахчисарае — вызов мастера на дом | ПроМастер,"Сборка мебели в Бахчисарае с выездом на дом. Сборка шкафов, кухонь, кроватей и стеллажей. Аккуратно и со своим инструментом. Звоните!"
Белогорск,Ремонт стиральных машин,remont-stiralnyh-mashin,+7 (969) 999-24-97,https://master-na-dom.online/remont-stiralnyh-mashin-belogorsk,remont-stiralnyh-mashin-belogorsk,Ремонт стиральных машин в Белогорске | ПроМастер,"Ремонт стиральных машин в Белогорске с выездом на дом. Samsung, LG, Bosch, Indesit и другие марки. Диагностика бесплатно. Гарантия на ремонт. Звоните!"
Белогорск,Ремонт холодильников,remont-holodilnikov,+7 (969) 999-24-97,https://master-na-dom.online/remont-holodilnikov-belogorsk,remont-holodilnikov-belogorsk,Ремонт холодильников в Белогорске | ПроМастер,"Ремонт холодильников в Белогорске с выездом на дом. Samsung, LG, Bosch, Atlant и другие марки. Диагностика бесплатно. Гарантия на ремонт. Звоните!"
Белогорск,Ремонт посудомоечных машин,remont-pmm,+7 (969) 999-24-97,https://master-na-dom.online/remont-pmm-belogorsk,remont-pmm-belogorsk,Ремонт посудомоечных машин в Белогорске | ПроМастер,"Ремонт посудомоечных машин в Белогорске с выездом на дом. Bosch, Siemens, Electrolux и другие марки. Диагностика бесплатно. Звоните!"
Белогорск,Ремонт кондиционеров,remont-kondicionerov,+7 (969) 999-24-97,https://master-na-dom.online/remont-kondicionerov-belogorsk,remont-kondicionerov-belogorsk,Ремонт кондиционеров в Белогорске | ПроМастер,"Ремонт кондиционеров в Белогорске с выездом на дом. Обслуживание, заправка фреоном, ремонт сплит-систем. Гарантия на работы. Звоните!"
Белогорск,Компьютерная помощь,kp,+7 (986) 089-07-04,https://master-na-dom.online/kp-belogorsk,kp-belogorsk,Компьютерная помощь в Белогорске | ПроМастер,"Компьютерная помощь в Белогорске с выездом на дом. Настройка ПК, удаление вирусов, восстановление данных. Выезд мастера на дом. Звоните!"
Белогорск,Ремонт телевизоров,remont-televizorov,+7 (986) 089-07-04,https://master-na-dom.online/remont-televizorov-belogorsk,remont-televizorov-belogorsk,Ремонт телевизоров в Белогорске | ПроМастер,"Ремонт телевизоров в Белогорске с выездом на дом. Ремонт LED, OLED, Smart TV. Диагностика бесплатно. Гарантия на ремонт. Звоните!"
Белогорск,Ремонт варочных панелей,remont-varochnyh-panelej,+7 (969) 999-24-97,https://master-na-dom.online/remont-varochnyh-panelej-belogorsk,remont-varochnyh-panelej-belogorsk,Ремонт варочных панелей в Белогорске | ПроМастер,"Ремонт варочных панелей в Белогорске с выездом на дом. Индукционные, электрические и газовые панели. Гарантия на ремонт. Звоните!"
Белогорск,Ремонт духовых шкафов,remont-duhovyh-shkafov,+7 (969) 999-24-97,https://master-na-dom.online/remont-duhovyh-shkafov-belogorsk,remont-duhovyh-shkafov-belogorsk,Ремонт духовых шкафов в Белогорске | ПроМастер,Ремонт духовых шкафов в Белогорске с выездом на дом. Электрические и газовые духовки. Диагностика бесплатно. Звоните!
Белогорск,Ремонт водонагревателей,remont-vodonagrevatelej,+7 (969) 999-24-97,https://master-na-dom.online/remont-vodonagrevatelej-belogorsk,remont-vodonagrevatelej-belogorsk,Ремонт водонагревателей в Белогорске | ПроМастер,Ремонт водонагревателей в Белогорске с выездом на дом. Ремонт бойлеров и проточных водонагревателей. Гарантия на работы. Звоните!
Белогорск,Ремонт кофемашин,remont-kofemashin,+7 (969) 999-24-97,https://master-na-dom.online/remont-kofemashin-belogorsk,remont-kofemashin-belogorsk,Ремонт кофемашин в Белогорске | ПроМастер,"Ремонт кофемашин в Белогорске с выездом на дом. DeLonghi, Saeco, Bosch, Jura и другие марки. Диагностика бесплатно. Звоните!"
Белогорск,Дезинфекция,dezinfekciya,+7 (984) 333-32-49,https://master-na-dom.online/dezinfekciya-belogorsk,dezinfekciya-belogorsk,Дезинфекция в Белогорске — вызов мастера на дом | ПроМастер,"Дезинфекция в Белогорске с выездом на дом. Уничтожение насекомых, грызунов и плесени. Безопасные препараты, гарантия результата. Звоните!"
Белогорск,Электрик,elektrik,+7 (984) 333-32-49,https://master-na-dom.online/elektrik-belogorsk,elektrik-belogorsk,Электрик в Белогорске | ПроМастер,"Электрик в Белогорске с выездом на дом. Замена проводки, установка розеток, поиск неисправностей. Гарантия на работы. Звоните!"
Белогорск,Сантехник,santehnik,+7 (984) 333-32-49,https://master-na-dom.online/santehnik-belogorsk,santehnik-belogorsk,Сантехник в Белогорске | ПроМастер,"Сантехник в Белогорске с выездом на дом. Устранение протечек, замена смесителей, прочистка канализации. Гарантия на работы. Звоните!"
Белогорск,Мастер на час,master-na-chas,+7 (984) 333-32-49,https://master-na-dom.online/master-na-chas-belogorsk,master-na-chas-belogorsk,Мастер на час в Белогорске | ПроМастер,"Мастер на час в Белогорске с выездом на дом. Мелкий ремонт, сборка мебели, навешивание полок. Выезд за 30 минут. Звоните!"
Белогорск,Ремонт окон,remont-okon,+7 (984) 333-32-49,https://master-na-dom.online/remont-okon-belogorsk,remont-okon-belogorsk,Ремонт окон в Белогорске | ПроМастер,"Ремонт окон в Белогорске с выездом на дом. Регулировка фурнитуры, замена уплотнителя, устранение продувания. Звоните!"
Белогорск,Клининг,klining,+7 (984) 333-32-49,https://master-na-dom.online/klining-belogorsk,klining-belogorsk,Клининг в Белогорске — вызов мастера на дом | ПроМастер,"Клининг в Белогорске с выездом на дом. Генеральная уборка, уборка после ремонта, мытьё окон. Профессиональная химия и оборудование. Звоните!"
Белогорск,Сборка мебели,sborka-mebeli,+7 (984) 333-32-49,https://master-na-dom.online/sborka-mebeli-belogorsk,sborka-mebeli-belogorsk,Сборка мебели в Белогорске — вызов мастера на дом | ПроМастер,"Сборка мебели в Белогорске с выездом на дом. Сборка шкафов, кухонь, кроватей и стеллажей. Аккуратно и со своим инструментом. Звоните!"
Бердск,Ремонт стиральных машин,remont-stiralnyh-mashin,+7 (969) 999-24-97,https://master-na-dom.online/remont-stiralnyh-mashin-berdsk,remont-stiralnyh-mashin-berdsk,Ремонт стиральных машин в Бердске | ПроМастер,"Ремонт стиральных машин в Бердске с выездом на дом. Samsung, LG, Bosch, Indesit и другие марки. Диагностика бесплатно. Гарантия на ремонт. Звоните!"
Бердск,Ремонт холодильников,remont-holodilnikov,+7 (969) 999-24-97,https://master-na-dom.online/remont-holodilnikov-berdsk,remont-holodilnikov-berdsk,Ремонт холодильников в Бердске | ПроМастер,"Ремонт холодильников в Бердске с выездом на дом. Samsung, LG, Bosch, Atlant и другие марки. Диагностика бесплатно. Гарантия на ремонт. Звоните!"
Бердск,Ремонт посудомоечных машин,remont-pmm,+7 (969) 999-24-97,https://master-na-dom.online/remont-pmm-berdsk,remont-pmm-berdsk,Ремонт посудомоечных машин в Бердске | ПроМастер,"Ремонт посудомоечных машин в Бердске с выездом на дом. Bosch, Siemens, Electrolux и другие марки. Диагностика бесплатно. Звоните!"
Бердск,Ремонт кондиционеров,remont-kondicionerov,+7 (969) 999-24-97,https://master-na-dom.online/remont-kondicionerov-berdsk,remont-kondicionerov-berdsk,Ремонт кондиционеров в Бердске | ПроМастер,"Ремонт кондиционеров в Бердске с выездом на дом. Обслуживание, заправка фреоном, ремонт сплит-систем. Гарантия на работы. Звоните!"
Бердск,Компьютерная помощь,kp,+7 (986) 089-07-04,https://master-na-dom.online/kp-berdsk,kp-berdsk,Компьютерная помощь в Бердске | ПроМастер,"Компьютерная помощь в Бердске с выездом на дом. Настройка ПК, удаление вирусов, восстановление данных. Выезд мастера на дом. Звоните!"
Бердск,Ремонт телевизоров,remont-televizorov,+7 (986) 089-07-04,https://master-na-dom.online/remont-televizorov-berdsk,remont-televizorov-berdsk,Ремонт телевизоров в Бердске | ПроМастер,"Ремонт телевизоров в Бердске с выездом на дом. Ремонт LED, OLED, Smart TV. Диагностика бесплатно. Гарантия на ремонт. Звоните!"
Бердск,Ремонт варочных панелей,remont-varochnyh-panelej,+7 (969) 999-24-97,https://master-na-dom.online/remont-varochnyh-panelej-berdsk,remont-varochnyh-panelej-berdsk,Ремонт варочных панелей в Бердске | ПроМастер,"Ремонт варочных панелей в Бердске с выездом на дом. Индукционные, электрические и газовые панели. Гарантия на ремонт. Звоните!"
Бердск,Ремонт духовых шкафов,remont-duhovyh-shkafov,+7 (969) 999-24-97,https://master-na-dom.online/remont-duhovyh-shkafov-berdsk,remont-duhovyh-shkafov-berdsk,Ремонт духовых шкафов в Бердске | ПроМастер,Ремонт духовых шкафов в Бердске с выездом на дом. Электрические и газовые духовки. Диагностика бесплатно. Звоните!
Бердск,Ремонт водонагревателей,remont-vodonagrevatelej,+7 (969) 999-24-97,https://master-na-dom.online/remont-vodonagrevatelej-berdsk,remont-vodonagrevatelej-berdsk,Ремонт водонагревателей в Бердске | ПроМастер,Ремонт водонагревателей в Бердске с выездом на дом. Ремонт бойлеров и проточных водонагревателей. Гарантия на работы. Звоните!
Бердск,Ремонт кофемашин,remont-kofemashin,+7 (969) 999-24-97,https://master-na-dom.online/remont-kofemashin-berdsk,remont-kofemashin-berdsk,Ремонт кофемашин в Бердске | ПроМастер,"Ремонт кофемашин в Бердске с выездом на дом. DeLonghi, Saeco, Bosch, Jura и другие марки. Диагностика бесплатно. Звоните!"
Бердск,Дезинфекция,dezinfekciya,+7 (984) 333-32-49,https://master-na-dom.online/dezinfekciya-berdsk,dezinfekciya-berdsk,Дезинфекция в Бердске — вызов мастера на дом | ПроМастер,"Дезинфекция в Бердске с выездом на дом. Уничтожение насекомых, грызунов и плесени. Безопасные препараты, гарантия результата. Звоните!"
Бердск,Электрик,elektrik,+7 (984) 333-32-49,https://master-na-dom.online/elektrik-berdsk,elektrik-berdsk,Электрик в Бердске | ПроМастер,"Электрик в Бердске с выездом на дом. Замена проводки, установка розеток, поиск неисправностей. Гарантия на работы. Звоните!"
Бердск,Сантехник,santehnik,+7 (984) 333-32-49,https://master-na-dom.online/santehnik-berdsk,santehnik-berdsk,Сантехник в Бердске | ПроМастер,"Сантехник в Бердске с выездом на дом. Устранение протечек, замена смесителей, прочистка канализации. Гарантия на работы. Звоните!"
Бердск,Мастер на час,master-na-chas,+7 (984) 333-32-49,https://master-na-dom.online/master-na-chas-berdsk,master-na-chas-berdsk,Мастер на час в Бердске | ПроМастер,"Мастер на час в Бердске с выездом на дом. Мелкий ремонт, сборка мебели, навешивание полок. Выезд за 30 минут. Звоните!"
Бердск,Ремонт окон,remont-okon,+7 (984) 333-32-49,https://master-na-dom.online/remont-okon-berdsk,remont-okon-berdsk,Ремонт окон в Бердске | ПроМастер,"Ремонт окон в Бердске с выездом на дом. Регулировка фурнитуры, замена уплотнителя, устранение продувания. Звоните!"
Бердск,Клининг,klining,+7 (984) 333-32-49,https://master-na-dom.online/klining-berdsk,klining-berdsk,Клининг в Бердске — вызов мастера на дом | ПроМастер,"Клининг в Бердске с выездом на дом. Генеральная уборка, уборка после ремонта, мытьё окон. Профессиональная химия и оборудование. Звоните!"
Бердск,Сборка мебели,sborka-mebeli,+7 (984) 333-32-49,https://master-na-dom.online/sborka-mebeli-berdsk,sborka-mebeli-berdsk,Сборка мебели в Бердске — вызов мастера на дом | ПроМастер,"Сборка мебели в Бердске с выездом на дом. Сборка шкафов, кухонь, кроватей и стеллажей. Аккуратно и со своим инструментом. Звоните!"
Бугры,Ремонт стиральных машин,remont-stiralnyh-mashin,+7 (969) 999-24-97,https://master-na-dom.online/remont-stiralnyh-mashin-bugry,remont-stiralnyh-mashin-bugry,Ремонт стиральных машин в Буграх | ПроМастер,"Ремонт стиральных машин в Буграх с выездом на дом. Samsung, LG, Bosch, Indesit и другие марки. Диагностика бесплатно. Гарантия на ремонт. Звоните!"
Бугры,Ремонт холодильников,remont-holodilnikov,+7 (969) 999-24-97,https://master-na-dom.online/remont-holodilnikov-bugry,remont-holodilnikov-bugry,Ремонт холодильников в Буграх | ПроМастер,"Ремонт холодильников в Буграх с выездом на дом. Samsung, LG, Bosch, Atlant и другие марки. Диагностика бесплатно. Гарантия на ремонт. Звоните!"
Бугры,Ремонт посудомоечных машин,remont-pmm,+7 (969) 999-24-97,https://master-na-dom.online/remont-pmm-bugry,remont-pmm-bugry,Ремонт посудомоечных машин в Буграх | ПроМастер,"Ремонт посудомоечных машин в Буграх с выездом на дом. Bosch, Siemens, Electrolux и другие марки. Диагностика бесплатно. Звоните!"
Бугры,Ремонт кондиционеров,remont-kondicionerov,+7 (969) 999-24-97,https://master-na-dom.online/remont-kondicionerov-bugry,remont-kondicionerov-bugry,Ремонт кондиционеров в Буграх | ПроМастер,"Ремонт кондиционеров в Буграх с выездом на дом. Обслуживание, заправка фреоном, ремонт сплит-систем. Гарантия на работы. Звоните!"
Бугры,Компьютерная помощь,kp,+7 (986) 089-07-04,https://master-na-dom.online/kp-bugry,kp-bugry,Компьютерная помощь в Буграх | ПроМастер,"Компьютерная помощь в Буграх с выездом на дом. Настройка ПК, удаление вирусов, восстановление данных. Выезд мастера на дом. Звоните!"
Бугры,Ремонт телевизоров,remont-televizorov,+7 (986) 089-07-04,https://master-na-dom.online/remont-televizorov-bugry,remont-televizorov-bugry,Ремонт телевизоров в Буграх | ПроМастер,"Ремонт телевизоров в Буграх с выездом на дом. Ремонт LED, OLED, Smart TV. Диагностика бесплатно. Гарантия на ремонт. Звоните!"
Бугры,Ремонт варочных панелей,remont-varochnyh-panelej,+7 (969) 999-24-97,https://master-na-dom.online/remont-varochnyh-panelej-bugry,remont-varochnyh-panelej-bugry,Ремонт варочных панелей в Буграх | ПроМастер,"Ремонт варочных панелей в Буграх с выездом на дом. Индукционные, электрические и газовые панели. Гарантия на ремонт. Звоните!"
Бугры,Ремонт духовых шкафов,remont-duhovyh-shkafov,+7 (969) 999-24-97,https://master-na-dom.online/remont-duhovyh-shkafov-bugry,remont-duhovyh-shkafov-bugry,Ремонт духовых шкафов в Буграх | ПроМастер,Ремонт духовых шкафов в Буграх с выездом на дом. Электрические и газовые духовки. Диагностика бесплатно. Звоните!
Бугры,Ремонт водонагревателей,remont-vodonagrevatelej,+7 (969) 999-24-97,https://master-na-dom.online/remont-vodonagrevatelej-bugry,remont-vodonagrevatelej-bugry,Ремонт водонагревателей в Буграх | ПроМастер,Ремонт водонагревателей в Буграх с выездом на дом. Ремонт бойлеров и проточных водонагревателей. Гарантия на работы. Звоните!
Бугры,Ремонт кофемашин,remont-kofemashin,+7 (969) 999-24-97,https://master-na-dom.online/remont-kofemashin-bugry,remont-kofemashin-bugry,Ремонт кофемашин в Буграх | ПроМастер,"Ремонт кофемашин в Буграх с выездом на дом. DeLonghi, Saeco, Bosch, Jura и другие марки. Диагностика бесплатно. Звоните!"
Бугры,Дезинфекция,dezinfekciya,+7 (984) 333-32-49,https://master-na-dom.online/dezinfekciya-bugry,dezinfekciya-bugry,Дезинфекция в Буграх — вызов мастера на дом | ПроМастер,"Дезинфекция в Буграх с выездом на дом. Уничтожение насекомых, грызунов и плесени. Безопасные препараты, гарантия результата. Звоните!"
Бугры,Электрик,elektrik,+7 (984) 333-32-49,https://master-na-dom.online/elektrik-bugry,elektrik-bugry,Электрик в Буграх | ПроМастер,"Электрик в Буграх с выездом на дом. Замена проводки, установка розеток, поиск неисправностей. Гарантия на работы. Звоните!"
Бугры,Сантехник,santehnik,+7 (984) 333-32-49,https://master-na-dom.online/santehnik-bugry,santehnik-bugry,Сантехник в Буграх | ПроМастер,"Сантехник в Буграх с выездом на дом. Устранение протечек, замена смесителей, прочистка канализации. Гарантия на работы. Звоните!"
Бугры,Мастер на час,master-na-chas,+7 (984) 333-32-49,https://master-na-dom.online/master-na-chas-bugry,master-na-chas-bugry,Мастер на час в Буграх | ПроМастер,"Мастер на час в Буграх с выездом на дом. Мелкий ремонт, сборка мебели, навешивание полок. Выезд за 30 минут. Звоните!"
Бугры,Ремонт окон,remont-okon,+7 (984) 333-32-49,https://master-na-dom.online/remont-okon-bugry,remont-okon-bugry,Ремонт окон в Буграх | ПроМастер,"Ремонт окон в Буграх с выездом на дом. Регулировка фурнитуры, замена уплотнителя, устранение продувания. Звоните!"
Бугры,Клининг,klining,+7 (984) 333-32-49,https://master-na-dom.online/klining-bugry,klining-bugry,Клининг в Буграх — вызов мастера на дом | ПроМастер,"Клининг в Буграх с выездом на дом. Генеральная уборка, уборка после ремонта, мытьё окон. Профессиональная химия и оборудование. Звоните!"
Бугры,Сборка мебели,sborka-mebeli,+7 (984) 333-32-49,https://master-na-dom.online/sborka-mebeli-bugry,sborka-mebeli-bugry,Сборка мебели в Буграх — вызов мастера на дом | ПроМастер,"Сборка мебели в Буграх с выездом на дом. Сборка шкафов, кухонь, кроватей и стеллажей. Аккуратно и со своим инструментом. Звоните!"
Великий Новгород,Ремонт стиральных машин,remont-stiralnyh-mashin,+7 (969) 999-24-97,https://master-na-dom.online/remont-stiralnyh-mashin-velikiy-novgorod,remont-stiralnyh-mashin-velikiy-novgorod,Ремонт стиральных машин в Великом Новгороде | ПроМастер,"Ремонт стиральных машин в Великом Новгороде с выездом на дом. Samsung, LG, Bosch, Indesit и другие марки. Диагностика бесплатно. Гарантия на ремонт. Звоните!"
Великий Новгород,Ремонт холодильников,remont-holodilnikov,+7 (969) 999-24-97,https://master-na-dom.online/remont-holodilnikov-velikiy-novgorod,remont-holodilnikov-velikiy-novgorod,Ремонт холодильников в Великом Новгороде | ПроМастер,"Ремонт холодильников в Великом Новгороде с выездом на дом. Samsung, LG, Bosch, Atlant и другие марки. Диагностика бесплатно. Гарантия на ремонт. Звоните!"
Великий Новгород,Ремонт посудомоечных машин,remont-pmm,+7 (969) 999-24-97,https://master-na-dom.online/remont-pmm-velikiy-novgorod,remont-pmm-velikiy-novgorod,Ремонт посудомоечных машин в Великом Новгороде | ПроМастер,"Ремонт посудомоечных машин в Великом Новгороде с выездом на дом. Bosch, Siemens, Electrolux и другие марки. Диагностика бесплатно. Звоните!"
Великий Новгород,Ремонт кондиционеров,remont-kondicionerov,+7 (969) 999-24-97,https://master-na-dom.online/remont-kondicionerov-velikiy-novgorod,remont-kondicionerov-velikiy-novgorod,Ремонт кондиционеров в Великом Новгороде | ПроМастер,"Ремонт кондиционеров в Великом Новгороде с выездом на дом. Обслуживание, заправка фреоном, ремонт сплит-систем. Гарантия на работы. Звоните!"
Великий Новгород,Компьютерная помощь,kp,+7 (986) 089-07-04,https://master-na-dom.online/kp-velikiy-novgorod,kp-velikiy-novgorod,Компьютерная помощь в Великом Новгороде | ПроМастер,"Компьютерная помощь в Великом Новгороде с выездом на дом. Настройка ПК, удаление вирусов, восстановление данных. Выезд мастера на дом. Звоните!"
Великий Новгород,Ремонт телевизоров,remont-televizorov,+7 (986) 089-07-04,https://master-na-dom.online/remont-televizorov-velikiy-novgorod,remont-televizorov-velikiy-novgorod,Ремонт телевизоров в Великом Новгороде | ПроМастер,"Ремонт телевизоров в Великом Новгороде с выездом на дом. Ремонт LED, OLED, Smart TV. Диагностика бесплатно. Гарантия на ремонт. Звоните!"
Великий Новгород,Ремонт варочных панелей,remont-varochnyh-panelej,+7 (969) 999-24-97,https://master-na-dom.online/remont-varochnyh-panelej-velikiy-novgorod,remont-varochnyh-panelej-velikiy-novgorod,Ремонт варочных панелей в Великом Новгороде | ПроМастер,"Ремонт варочных панелей в Великом Новгороде с выездом на дом. Индукционные, электрические и газовые панели. Гарантия на ремонт. Звоните!"
Великий Новгород,Ремонт духовых шкафов,remont-duhovyh-shkafov,+7 (969) 999-24-97,https://master-na-dom.online/remont-duhovyh-shkafov-velikiy-novgorod,remont-duhovyh-shkafov-velikiy-novgorod,Ремонт духовых шкафов в Великом Новгороде | ПроМастер,Ремонт духовых шкафов в Великом Новгороде с выездом на дом. Электрические и газовые духовки. Диагностика бесплатно. Звоните!
Великий Новгород,Ремонт водонагревателей,remont-vodonagrevatelej,+7 (969) 999-24-97,https://master-na-dom.online/remont-vodonagrevatelej-velikiy-novgorod,remont-vodonagrevatelej-velikiy-novgorod,Ремонт водонагревателей в Великом Новгороде | ПроМастер,Ремонт водонагревателей в Великом Новгороде с выездом на дом. Ремонт бойлеров и проточных водонагревателей. Гарантия на работы. Звоните!
Великий Новгород,Ремонт кофемашин,remont-kofemashin,+7 (969) 999-24-97,https://master-na-dom.online/remont-kofemashin-velikiy-novgorod,remont-kofemashin-velikiy-novgorod,Ремонт кофемашин в Великом Новгороде | ПроМастер,"Ремонт кофемашин в Великом Новгороде с выездом на дом. DeLonghi, Saeco, Bosch, Jura и другие марки. Диагностика бесплатно. Звоните!"
Великий Новгород,Дезинфекция,dezinfekciya,+7 (984) 333-32-49,https://master-na-dom.online/dezinfekciya-velikiy-novgorod,dezinfekciya-velikiy-novgorod,Дезинфекция в Великом Новгороде — вызов мастера на дом | ПроМастер,"Дезинфекция в Великом Новгороде с выездом на дом. Уничтожение насекомых, грызунов и плесени. Безопасные препараты, гарантия результата. Звоните!"
Великий Новгород,Электрик,elektrik,+7 (984) 333-32-49,https://master-na-dom.online/elektrik-velikiy-novgorod,elektrik-velikiy-novgorod,Электрик в Великом Новгороде | ПроМастер,"Электрик в Великом Новгороде с выездом на дом. Замена проводки, установка розеток, поиск неисправностей. Гарантия на работы. Звоните!"
Великий Новгород,Сантехник,santehnik,+7 (984) 333-32-49,https://master-na-dom.online/santehnik-velikiy-novgorod,santehnik-velikiy-novgorod,Сантехник в Великом Новгороде | ПроМастер,"Сантехник в Великом Новгороде с выездом на дом. Устранение протечек, замена смесителей, прочистка канализации. Гарантия на работы. Звоните!"
Великий Новгород,Мастер на час,master-na-chas,+7 (984) 333-32-49,https://master-na-dom.online/master-na-chas-velikiy-novgorod,master-na-chas-velikiy-novgorod,Мастер на час в Великом Новгороде | ПроМастер,"Мастер на час в Великом Новгороде с выездом на дом. Мелкий ремонт, сборка мебели, навешивание полок. Выезд за 30 минут. Звоните!"
Великий Новгород,Ремонт окон,remont-okon,+7 (984) 333-32-49,https://master-na-dom.online/remont-okon-velikiy-novgorod,remont-okon-velikiy-novgorod,Ремонт окон в Великом Новгороде | ПроМастер,"Ремонт окон в Великом Новгороде с выездом на дом. Регулировка фурнитуры, замена уплотнителя, устранение продувания. Звоните!"
Великий Новгород,Клининг,klining,+7 (984) 333-32-49,https://master-na-dom.online/klining-velikiy-novgorod,klining-velikiy-novgorod,Клининг в Великом Новгороде — вызов мастера на дом | ПроМастер,"Клининг в Великом Новгороде с выездом на дом. Генеральная уборка, уборка после ремонта, мытьё окон. Профессиональная химия и оборудование. Звоните!"
Великий Новгород,Сборка мебели,sborka-mebeli,+7 (984) 333-32-49,https://master-na-dom.online/sborka-mebeli-velikiy-novgorod,sborka-mebeli-velikiy-novgorod,Сборка мебели в Великом Новгороде — вызов мастера на дом | ПроМастер,"Сборка мебели в Великом Новгороде с выездом на дом. Сборка шкафов, кухонь, кроватей и стеллажей. Аккуратно и со своим инструментом. Звоните!"
Владимир,Ремонт стиральных машин,remont-stiralnyh-mashin,+7 (969) 999-24-97,https://master-na-dom.online/remont-stiralnyh-mashin-vladimir,remont-stiralnyh-mashin-vladimir,Ремонт стиральных машин в Владимире | ПроМастер,"Ремонт стиральных машин в Владимире с выездом на дом. Samsung, LG, Bosch, Indesit и другие марки. Диагностика бесплатно. Гарантия на ремонт. Звоните!"
Владимир,Ремонт холодильников,remont-holodilnikov,+7 (969) 999-24-97,https://master-na-dom.online/remont-holodilnikov-vladimir,remont-holodilnikov-vladimir,Ремонт холодильников в Владимире | ПроМастер,"Ремонт холодильников в Владимире с выездом на дом. Samsung, LG, Bosch, Atlant и другие марки. Диагностика бесплатно. Гарантия на ремонт. Звоните!"
Владимир,Ремонт посудомоечных машин,remont-pmm,+7 (969) 999-24-97,https://master-na-dom.online/remont-pmm-vladimir,remont-pmm-vladimir,Ремонт посудомоечных машин в Владимире | ПроМастер,"Ремонт посудомоечных машин в Владимире с выездом на дом. Bosch, Siemens, Electrolux и другие марки. Диагностика бесплатно. Звоните!"
Владимир,Ремонт кондиционеров,remont-kondicionerov,+7 (969) 999-24-97,https://master-na-dom.online/remont-kondicionerov-vladimir,remont-kondicionerov-vladimir,Ремонт кондиционеров в Владимире | ПроМастер,"Ремонт кондиционеров в Владимире с выездом на дом. Обслуживание, заправка фреоном, ремонт сплит-систем. Гарантия на работы. Звоните!"
Владимир,Компьютерная помощь,kp,+7 (986) 089-07-04,https://master-na-dom.online/kp-vladimir,kp-vladimir,Компьютерная помощь в Владимире | ПроМастер,"Компьютерная помощь в Владимире с выездом на дом. Настройка ПК, удаление вирусов, восстановление данных. Выезд мастера на дом. Звоните!"
Владимир,Ремонт телевизоров,remont-televizorov,+7 (986) 089-07-04,https://master-na-dom.online/remont-televizorov-vladimir,remont-televizorov-vladimir,Ремонт телевизоров в Владимире | ПроМастер,"Ремонт телевизоров в Владимире с выездом на дом. Ремонт LED, OLED, Smart TV. Диагностика бесплатно. Гарантия на ремонт. Звоните!"
Владимир,Ремонт варочных панелей,remont-varochnyh-panelej,+7 (969) 999-24-97,https://master-na-dom.online/remont-varochnyh-panelej-vladimir,remont-varochnyh-panelej-vladimir,Ремонт варочных панелей в Владимире | ПроМастер,"Ремонт варочных панелей в Владимире с выездом на дом. Индукционные, электрические и газовые панели. Гарантия на ремонт. Звоните!"
Владимир,Ремонт духовых шкафов,remont-duhovyh-shkafov,+7 (969) 999-24-97,https://master-na-dom.online/remont-duhovyh-shkafov-vladimir,remont-duhovyh-shkafov-vladimir,Ремонт духовых шкафов в Владимире | ПроМастер,Ремонт духовых шкафов в Владимире с выездом на дом. Электрические и газовые духовки. Диагностика бесплатно. Звоните!
Владимир,Ремонт водонагревателей,remont-vodonagrevatelej,+7 (969) 999-24-97,https://master-na-dom.online/remont-vodonagrevatelej-vladimir,remont-vodonagrevatelej-vladimir,Ремонт водонагревателей в Владимире | ПроМастер,Ремонт водонагревателей в Владимире с выездом на дом. Ремонт бойлеров и проточных водонагревателей. Гарантия на работы. Звоните!
Владимир,Ремонт кофемашин,remont-kofemashin,+7 (969) 999-24-97,https://master-na-dom.online/remont-kofemashin-vladimir,remont-kofemashin-vladimir,Ремонт кофемашин в Владимире | ПроМастер,"Ремонт кофемашин в Владимире с выездом на дом. DeLonghi, Saeco, Bosch, Jura и другие марки. Диагностика бесплатно. Звоните!"
Владимир,Дезинфекция,dezinfekciya,+7 (984) 333-32-49,https://master-na-dom.online/dezinfekciya-vladimir,dezinfekciya-vladimir,Дезинфекция в Владимире — вызов мастера на дом | ПроМастер,"Дезинфекция в Владимире с выездом на дом. Уничтожение насекомых, грызунов и плесени. Безопасные препараты, гарантия результата. Звоните!"
Владимир,Электрик,elektrik,+7 (984) 333-32-49,https://master-na-dom.online/elektrik-vladimir,elektrik-vladimir,Электрик в Владимире | ПроМастер,"Электрик в Владимире с выездом на дом. Замена проводки, установка розеток, поиск неисправностей. Гарантия на работы. Звоните!"
Владимир,Сантехник,santehnik,+7 (984) 333-32-49,https://master-na-dom.online/santehnik-vladimir,santehnik-vladimir,Сантехник в Владимире | ПроМастер,"Сантехник в Владимире с выездом на дом. Устранение протечек, замена смесителей, прочистка канализации. Гарантия на работы. Звоните!"
Владимир,Мастер на час,master-na-chas,+7 (984) 333-32-49,https://master-na-dom.online/master-na-chas-vladimir,master-na-chas-vladimir,Мастер на час в Владимире | ПроМастер,"Мастер на час в Владимире с выездом на дом. Мелкий ремонт, сборка мебели, навешивание полок. Выезд за 30 минут. Звоните!"
Владимир,Ремонт окон,remont-okon,+7 (984) 333-32-49,https://master-na-dom.online/remont-okon-vladimir,remont-okon-vladimir,Ремонт окон в Владимире | ПроМастер,"Ремонт окон в Владимире с выездом на дом. Регулировка фурнитуры, замена уплотнителя, устранение продувания. Звоните!"
Владимир,Клининг,klining,+7 (984) 333-32-49,https://master-na-dom.online/klining-vladimir,klining-vladimir,Клининг в Владимире — вызов мастера на дом | ПроМастер,"Клининг в Владимире с выездом на дом. Генеральная уборка, уборка после ремонта, мытьё окон. Профессиональная химия и оборудование. Звоните!"
Владимир,Сборка мебели,sborka-mebeli,+7 (984) 333-32-49,https://master-na-dom.online/sborka-mebeli-vladimir,sborka-mebeli-vladimir,Сборка мебели в Владимире — вызов мастера на дом | ПроМастер,"Сборка мебели в Владимире с выездом на дом. Сборка шкафов, кухонь, кроватей и стеллажей. Аккуратно и со своим инструментом. Звоните!"
Волжск,Ремонт стиральных машин,remont-stiralnyh-mashin,+7 (969) 999-24-97,https://master-na-dom.online/remont-stiralnyh-mashin-volzhsk,remont-stiralnyh-mashin-volzhsk,Ремонт стиральных машин в Волжске | ПроМастер,"Ремонт стиральных машин в Волжске с выездом на дом. Samsung, LG, Bosch, Indesit и другие марки. Диагностика бесплатно. Гарантия на ремонт. Звоните!"
Волжск,Ремонт холодильников,remont-holodilnikov,+7 (969) 999-24-97,https://master-na-dom.online/remont-holodilnikov-volzhsk,remont-holodilnikov-volzhsk,Ремонт холодильников в Волжске | ПроМастер,"Ремонт холодильников в Волжске с выездом на дом. Samsung, LG, Bosch, Atlant и другие марки. Диагностика бесплатно. Гарантия на ремонт. Звоните!"
Волжск,Ремонт посудомоечных машин,remont-pmm,+7 (969) 999-24-97,https://master-na-dom.online/remont-pmm-volzhsk,remont-pmm-volzhsk,Ремонт посудомоечных машин в Волжске | ПроМастер,"Ремонт посудомоечных машин в Волжске с выездом на дом. Bosch, Siemens, Electrolux и другие марки. Диагностика бесплатно. Звоните!"
Волжск,Ремонт кондиционеров,remont-kondicionerov,+7 (969) 999-24-97,https://master-na-dom.online/remont-kondicionerov-volzhsk,remont-kondicionerov-volzhsk,Ремонт кондиционеров в Волжске | ПроМастер,"Ремонт кондиционеров в Волжске с выездом на дом. Обслуживание, заправка фреоном, ремонт сплит-систем. Гарантия на работы. Звоните!"
Волжск,Компьютерная помощь,kp,+7 (986) 089-07-04,https://master-na-dom.online/kp-volzhsk,kp-volzhsk,Компьютерная помощь в Волжске | ПроМастер,"Компьютерная помощь в Волжске с выездом на дом. Настройка ПК, удаление вирусов, восстановление данных. Выезд мастера на дом. Звоните!"
Волжск,Ремонт телевизоров,remont-televizorov,+7 (986) 089-07-04,https://master-na-dom.online/remont-televizorov-volzhsk,remont-televizorov-volzhsk,Ремонт телевизоров в Волжске | ПроМастер,"Ремонт телевизоров в Волжске с выездом на дом. Ремонт LED, OLED, Smart TV. Диагностика бесплатно. Гарантия на ремонт. Звоните!"
Волжск,Ремонт варочных панелей,remont-varochnyh-panelej,+7 (969) 999-24-97,https://master-na-dom.online/remont-varochnyh-panelej-volzhsk,remont-varochnyh-panelej-volzhsk,Ремонт варочных панелей в Волжске | ПроМастер,"Ремонт варочных панелей в Волжске с выездом на дом. Индукционные, электрические и газовые панели. Гарантия на ремонт. Звоните!"
Волжск,Ремонт духовых шкафов,remont-duhovyh-shkafov,+7 (969) 999-24-97,https://master-na-dom.online/remont-duhovyh-shkafov-volzhsk,remont-duhovyh-shkafov-volzhsk,Ремонт духовых шкафов в Волжске | ПроМастер,Ремонт духовых шкафов в Волжске с выездом на дом. Электрические и газовые духовки. Диагностика бесплатно. Звоните!
Волжск,Ремонт водонагревателей,remont-vodonagrevatelej,+7 (969) 999-24-97,https://master-na-dom.online/remont-vodonagrevatelej-volzhsk,remont-vodonagrevatelej-volzhsk,Ремонт водонагревателей в Волжске | ПроМастер,Ремонт водонагревателей в Волжске с выездом на дом. Ремонт бойлеров и проточных водонагревателей. Гарантия на работы. Звоните!
Волжск,Ремонт кофемашин,remont-kofemashin,+7 (969) 999-24-97,https://master-na-dom.online/remont-kofemashin-volzhsk,remont-kofemashin-volzhsk,Ремонт кофемашин в Волжске | ПроМастер,"Ремонт кофемашин в Волжске с выездом на дом. DeLonghi, Saeco, Bosch, Jura и другие марки. Диагностика бесплатно. Звоните!"
Волжск,Дезинфекция,dezinfekciya,+7 (984) 333-32-49,https://master-na-dom.online/dezinfekciya-volzhsk,dezinfekciya-volzhsk,Дезинфекция в Волжске — вызов мастера на дом | ПроМастер,"Дезинфекция в Волжске с выездом на дом. Уничтожение насекомых, грызунов и плесени. Безопасные препараты, гарантия результата. Звоните!"
Волжск,Электрик,elektrik,+7 (984) 333-32-49,https://master-na-dom.online/elektrik-volzhsk,elektrik-volzhsk,Электрик в Волжске | ПроМастер,"Электрик в Волжске с выездом на дом. Замена проводки, установка розеток, поиск неисправностей. Гарантия на работы. Звоните!"
Волжск,Сантехник,santehnik,+7 (984) 333-32-49,https://master-na-dom.online/santehnik-volzhsk,santehnik-volzhsk,Сантехник в Волжске | ПроМастер,"Сантехник в Волжске с выездом на дом. Устранение протечек, замена смесителей, прочистка канализации. Гарантия на работы. Звоните!"
Волжск,Мастер на час,master-na-chas,+7 (984) 333-32-49,https://master-na-dom.online/master-na-chas-volzhsk,master-na-chas-volzhsk,Мастер на час в Волжске | ПроМастер,"Мастер на час в Волжске с выездом на дом. Мелкий ремонт, сборка мебели, навешивание полок. Выезд за 30 минут. Звоните!"
Волжск,Ремонт окон,remont-okon,+7 (984) 333-32-49,https://master-na-dom.online/remont-okon-volzhsk,remont-okon-volzhsk,Ремонт окон в Волжске | ПроМастер,"Ремонт окон в Волжске с выездом на дом. Регулировка фурнитуры, замена уплотнителя, устранение продувания. Звоните!"
Волжск,Клининг,klining,+7 (984) 333-32-49,https://master-na-dom.online/klining-volzhsk,klining-volzhsk,Клининг в Волжске — вызов мастера на дом | ПроМастер,"Клининг в Волжске с выездом на дом. Генеральная уборка, уборка после ремонта, мытьё окон. Профессиональная химия и оборудование. Звоните!"
Волжск,Сборка мебели,sborka-mebeli,+7 (984) 333-32-49,https://master-na-dom.online/sborka-mebeli-volzhsk,sborka-mebeli-volzhsk,Сборка мебели в Волжске — вызов мастера на дом | ПроМастер,"Сборка мебели в Волжске с выездом на дом. Сборка шкафов, кухонь, кроватей и стеллажей. Аккуратно и со своим инструментом. Звоните!"
Всеволожск,Ремонт стиральных машин,remont-stiralnyh-mashin,+7 (969) 999-24-97,https://master-na-dom.online/remont-stiralnyh-mashin-vsevolozhsk,remont-stiralnyh-mashin-vsevolozhsk,Ремонт стиральных машин в Всеволожске | ПроМастер,"Ремонт стиральных машин в Всеволожске с выездом на дом. Samsung, LG, Bosch, Indesit и другие марки. Диагностика бесплатно. Гарантия на ремонт. Звоните!"
Всеволожск,Ремонт холодильников,remont-holodilnikov,+7 (969) 999-24-97,https://master-na-dom.online/remont-holodilnikov-vsevolozhsk,remont-holodilnikov-vsevolozhsk,Ремонт холодильников в Всеволожске | ПроМастер,"Ремонт холодильников в Всеволожске с выездом на дом. Samsung, LG, Bosch, Atlant и другие марки. Диагностика бесплатно. Гарантия на ремонт. Звоните!"
Всеволожск,Ремонт посудомоечных машин,remont-pmm,+7 (969) 999-24-97,https://master-na-dom.online/remont-pmm-vsevolozhsk,remont-pmm-vsevolozhsk,Ремонт посудомоечных машин в Всеволожске | ПроМастер,"Ремонт посудомоечных машин в Всеволожске с выездом на дом. Bosch, Siemens, Electrolux и другие марки. Диагностика бесплатно. Звоните!"
Всеволожск,Ремонт кондиционеров,remont-kondicionerov,+7 (969) 999-24-97,https://master-na-dom.online/remont-kondicionerov-vsevolozhsk,remont-kondicionerov-vsevolozhsk,Ремонт кондиционеров в Всеволожске | ПроМастер,"Ремонт кондиционеров в Всеволожске с выездом на дом. Обслуживание, заправка фреоном, ремонт сплит-систем. Гарантия на работы. Звоните!"
Всеволожск,Компьютерная помощь,kp,+7 (986) 089-07-04,https://master-na-dom.online/kp-vsevolozhsk,kp-vsevolozhsk,Компьютерная помощь в Всеволожске | ПроМастер,"Компьютерная помощь в Всеволожске с выездом на дом. Настройка ПК, удаление вирусов, восстановление данных. Выезд мастера на дом. Звоните!"
Всеволожск,Ремонт телевизоров,remont-televizorov,+7 (986) 089-07-04,https://master-na-dom.online/remont-televizorov-vsevolozhsk,remont-televizorov-vsevolozhsk,Ремонт телевизоров в Всеволожске | ПроМастер,"Ремонт телевизоров в Всеволожске с выездом на дом. Ремонт LED, OLED, Smart TV. Диагностика бесплатно. Гарантия на ремонт. Звоните!"
Всеволожск,Ремонт варочных панелей,remont-varochnyh-panelej,+7 (969) 999-24-97,https://master-na-dom.online/remont-varochnyh-panelej-vsevolozhsk,remont-varochnyh-panelej-vsevolozhsk,Ремонт варочных панелей в Всеволожске | ПроМастер,"Ремонт варочных панелей в Всеволожске с выездом на дом. Индукционные, электрические и газовые панели. Гарантия на ремонт. Звоните!"
Всеволожск,Ремонт духовых шкафов,remont-duhovyh-shkafov,+7 (969) 999-24-97,https://master-na-dom.online/remont-duhovyh-shkafov-vsevolozhsk,remont-duhovyh-shkafov-vsevolozhsk,Ремонт духовых шкафов в Всеволожске | ПроМастер,Ремонт духовых шкафов в Всеволожске с выездом на дом. Электрические и газовые духовки. Диагностика бесплатно. Звоните!
Всеволожск,Ремонт водонагревателей,remont-vodonagrevatelej,+7 (969) 999-24-97,https://master-na-dom.online/remont-vodonagrevatelej-vsevolozhsk,remont-vodonagrevatelej-vsevolozhsk,Ремонт водонагревателей в Всеволожске | ПроМастер,Ремонт водонагревателей в Всеволожске с выездом на дом. Ремонт бойлеров и проточных водонагревателей. Гарантия на работы. Звоните!
Всеволожск,Ремонт кофемашин,remont-kofemashin,+7 (969) 999-24-97,https://master-na-dom.online/remont-kofemashin-vsevolozhsk,remont-kofemashin-vsevolozhsk,Ремонт кофемашин в Всеволожске | ПроМастер,"Ремонт кофемашин в Всеволожске с выездом на дом. DeLonghi, Saeco, Bosch, Jura и другие марки. Диагностика бесплатно. Звоните!"
Всеволожск,Дезинфекция,dezinfekciya,+7 (984) 333-32-49,https://master-na-dom.online/dezinfekciya-vsevolozhsk,dezinfekciya-vsevolozhsk,Дезинфекция в Всеволожске — вызов мастера на дом | ПроМастер,"Дезинфекция в Всеволожске с выездом на дом. Уничтожение насекомых, грызунов и плесени. Безопасные препараты, гарантия результата. Звоните!"
Всеволожск,Электрик,elektrik,+7 (984) 333-32-49,https://master-na-dom.online/elektrik-vsevolozhsk,elektrik-vsevolozhsk,Электрик в Всеволожске | ПроМастер,"Электрик в Всеволожске с выездом на дом. Замена проводки, установка розеток, поиск неисправностей. Гарантия на работы. Звоните!"
Всеволожск,Сантехник,santehnik,+7 (984) 333-32-49,https://master-na-dom.online/santehnik-vsevolozhsk,santehnik-vsevolozhsk,Сантехник в Всеволожске | ПроМастер,"Сантехник в Всеволожске с выездом на дом. Устранение протечек, замена смесителей, прочистка канализации. Гарантия на работы. Звоните!"
Всеволожск,Мастер на час,master-na-chas,+7 (984) 333-32-49,https://master-na-dom.online/master-na-chas-vsevolozhsk,master-na-chas-vsevolozhsk,Мастер на час в Всеволожске | ПроМастер,"Мастер на час в Всеволожске с выездом на дом. Мелкий ремонт, сборка мебели, навешивание полок. Выезд за 30 минут. Звоните!"
Всеволожск,Ремонт окон,remont-okon,+7 (984) 333-32-49,https://master-na-dom.online/remont-okon-vsevolozhsk,remont-okon-vsevolozhsk,Ремонт окон в Всеволожске | ПроМастер,"Ремонт окон в Всеволожске с выездом на дом. Регулировка фурнитуры, замена уплотнителя, устранение продувания. Звоните!"
Всеволожск,Клининг,klining,+7 (984) 333-32-49,https://master-na-dom.online/klining-vsevolozhsk,klining-vsevolozhsk,Клининг в Всеволожске — вызов мастера на дом | ПроМастер,"Клининг в Всеволожске с выездом на дом. Генеральная уборка, уборка после ремонта, мытьё окон. Профессиональная химия и оборудование. Звоните!"
Всеволожск,Сборка мебели,sborka-mebeli,+7 (984) 333-32-49,https://master-na-dom.online/sborka-mebeli-vsevolozhsk,sborka-mebeli-vsevolozhsk,Сборка мебели в Всеволожске — вызов мастера на дом | ПроМастер,"Сборка мебели в Всеволожске с выездом на дом. Сборка шкафов, кухонь, кроватей и стеллажей. Аккуратно и со своим инструментом. Звоните!"
Гвардейск,Ремонт стиральных машин,remont-stiralnyh-mashin,+7 (969) 999-24-97,https://master-na-dom.online/remont-stiralnyh-mashin-gvardeysk,remont-stiralnyh-mashin-gvardeysk,Ремонт стиральных машин в Гвардейске | ПроМастер,"Ремонт стиральных машин в Гвардейске с выездом на дом. Samsung, LG, Bosch, Indesit и другие марки. Диагностика бесплатно. Гарантия на ремонт. Звоните!"
Гвардейск,Ремонт холодильников,remont-holodilnikov,+7 (969) 999-24-97,https://master-na-dom.online/remont-holodilnikov-gvardeysk,remont-holodilnikov-gvardeysk,Ремонт холодильников в Гвардейске | ПроМастер,"Ремонт холодильников в Гвардейске с выездом на дом. Samsung, LG, Bosch, Atlant и другие марки. Диагностика бесплатно. Гарантия на ремонт. Звоните!"
Гвардейск,Ремонт посудомоечных машин,remont-pmm,+7 (969) 999-24-97,https://master-na-dom.online/remont-pmm-gvardeysk,remont-pmm-gvardeysk,Ремонт посудомоечных машин в Гвардейске | ПроМастер,"Ремонт посудомоечных машин в Гвардейске с выездом на дом. Bosch, Siemens, Electrolux и другие марки. Диагностика бесплатно. Звоните!"
Гвардейск,Ремонт кондиционеров,remont-kondicionerov,+7 (969) 999-24-97,https://master-na-dom.online/remont-kondicionerov-gvardeysk,remont-kondicionerov-gvardeysk,Ремонт кондиционеров в Гвардейске | ПроМастер,"Ремонт кондиционеров в Гвардейске с выездом на дом. Обслуживание, заправка фреоном, ремонт сплит-систем. Гарантия на работы. Звоните!"
Гвардейск,Компьютерная помощь,kp,+7 (986) 089-07-04,https://master-na-dom.online/kp-gvardeysk,kp-gvardeysk,Компьютерная помощь в Гвардейске | ПроМастер,"Компьютерная помощь в Гвардейске с выездом на дом. Настройка ПК, удаление вирусов, восстановление данных. Выезд мастера на дом. Звоните!"
Гвардейск,Ремонт телевизоров,remont-televizorov,+7 (986) 089-07-04,https://master-na-dom.online/remont-televizorov-gvardeysk,remont-televizorov-gvardeysk,Ремонт телевизоров в Гвардейске | ПроМастер,"Ремонт телевизоров в Гвардейске с выездом на дом. Ремонт LED, OLED, Smart TV. Диагностика бесплатно. Гарантия на ремонт. Звоните!"
Гвардейск,Ремонт варочных панелей,remont-varochnyh-panelej,+7 (969) 999-24-97,https://master-na-dom.online/remont-varochnyh-panelej-gvardeysk,remont-varochnyh-panelej-gvardeysk,Ремонт варочных панелей в Гвардейске | ПроМастер,"Ремонт варочных панелей в Гвардейске с выездом на дом. Индукционные, электрические и газовые панели. Гарантия на ремонт. Звоните!"
Гвардейск,Ремонт духовых шкафов,remont-duhovyh-shkafov,+7 (969) 999-24-97,https://master-na-dom.online/remont-duhovyh-shkafov-gvardeysk,remont-duhovyh-shkafov-gvardeysk,Ремонт духовых шкафов в Гвардейске | ПроМастер,Ремонт духовых шкафов в Гвардейске с выездом на дом. Электрические и газовые духовки. Диагностика бесплатно. Звоните!
Гвардейск,Ремонт водонагревателей,remont-vodonagrevatelej,+7 (969) 999-24-97,https://master-na-dom.online/remont-vodonagrevatelej-gvardeysk,remont-vodonagrevatelej-gvardeysk,Ремонт водонагревателей в Гвардейске | ПроМастер,Ремонт водонагревателей в Гвардейске с выездом на дом. Ремонт бойлеров и проточных водонагревателей. Гарантия на работы. Звоните!
Гвардейск,Ремонт кофемашин,remont-kofemashin,+7 (969) 999-24-97,https://master-na-dom.online/remont-kofemashin-gvardeysk,remont-kofemashin-gvardeysk,Ремонт кофемашин в Гвардейске | ПроМастер,"Ремонт кофемашин в Гвардейске с выездом на дом. DeLonghi, Saeco, Bosch, Jura и другие марки. Диагностика бесплатно. Звоните!"
Гвардейск,Дезинфекция,dezinfekciya,+7 (984) 333-32-49,https://master-na-dom.online/dezinfekciya-gvardeysk,dezinfekciya-gvardeysk,Дезинфекция в Гвардейске — вызов мастера на дом | ПроМастер,"Дезинфекция в Гвардейске с выездом на дом. Уничтожение насекомых, грызунов и плесени. Безопасные препараты, гарантия результата. Звоните!"
Гвардейск,Электрик,elektrik,+7 (984) 333-32-49,https://master-na-dom.online/elektrik-gvardeysk,elektrik-gvardeysk,Электрик в Гвардейске | ПроМастер,"Электрик в Гвардейске с выездом на дом. Замена проводки, установка розеток, поиск неисправностей. Гарантия на работы. Звоните!"
Гвардейск,Сантехник,santehnik,+7 (984) 333-32-49,https://master-na-dom.online/santehnik-gvardeysk,santehnik-gvardeysk,Сантехник в Гвардейске | ПроМастер,"Сантехник в Гвардейске с выездом на дом. Устранение протечек, замена смесителей, прочистка канализации. Гарантия на работы. Звоните!"
Гвардейск,Мастер на час,master-na-chas,+7 (984) 333-32-49,https://master-na-dom.online/master-na-chas-gvardeysk,master-na-chas-gvardeysk,Мастер на час в Гвардейске | ПроМастер,"Мастер на час в Гвардейске с выездом на дом. Мелкий ремонт, сборка мебели, навешивание полок. Выезд за 30 минут. Звоните!"
Гвардейск,Ремонт окон,remont-okon,+7 (984) 333-32-49,https://master-na-dom.online/remont-okon-gvardeysk,remont-okon-gvardeysk,Ремонт окон в Гвардейске | ПроМастер,"Ремонт окон в Гвардейске с выездом на дом. Регулировка фурнитуры, замена уплотнителя, устранение продувания. Звоните!"
Гвардейск,Клининг,klining,+7 (984) 333-32-49,https://master-na-dom.online/klining-gvardeysk,klining-gvardeysk,Клининг в Гвардейске — вызов мастера на дом | ПроМастер,"Клининг в Гвардейске с выездом на дом. Генеральная уборка, уборка после ремонта, мытьё окон. Профессиональная химия и оборудование. Звоните!"
Гвардейск,Сборка мебели,sborka-mebeli,+7 (984) 333-32-49,https://master-na-dom.online/sborka-mebeli-gvardeysk,sborka-mebeli-gvardeysk,Сборка мебели в Гвардейске — вызов мастера на дом | ПроМастер,"Сборка мебели в Гвардейске с выездом на дом. Сборка шкафов, кухонь, кроватей и стеллажей. Аккуратно и со своим инструментом. Звоните!"
Дивногорск,Ремонт стиральных машин,remont-stiralnyh-mashin,+7 (969) 999-24-97,https://master-na-dom.online/remont-stiralnyh-mashin-divnogorsk,remont-stiralnyh-mashin-divnogorsk,Ремонт стиральных машин в Дивногорске | ПроМастер,"Ремонт стиральных машин в Дивногорске с выездом на дом. Samsung, LG, Bosch, Indesit и другие марки. Диагностика бесплатно. Гарантия на ремонт. Звоните!"
Дивногорск,Ремонт холодильников,remont-holodilnikov,+7 (969) 999-24-97,https://master-na-dom.online/remont-holodilnikov-divnogorsk,remont-holodilnikov-divnogorsk,Ремонт холодильников в Дивногорске | ПроМастер,"Ремонт холодильников в Дивногорске с выездом на дом. Samsung, LG, Bosch, Atlant и другие марки. Диагностика бесплатно. Гарантия на ремонт. Звоните!"
Дивногорск,Ремонт посудомоечных машин,remont-pmm,+7 (969) 999-24-97,https://master-na-dom.online/remont-pmm-divnogorsk,remont-pmm-divnogorsk,Ремонт посудомоечных машин в Дивногорске | ПроМастер,"Ремонт посудомоечных машин в Дивногорске с выездом на дом. Bosch, Siemens, Electrolux и другие марки. Диагностика бесплатно. Звоните!"
Дивногорск,Ремонт кондиционеров,remont-kondicionerov,+7 (969) 999-24-97,https://master-na-dom.online/remont-kondicionerov-divnogorsk,remont-kondicionerov-divnogorsk,Ремонт кондиционеров в Дивногорске | ПроМастер,"Ремонт кондиционеров в Дивногорске с выездом на дом. Обслуживание, заправка фреоном, ремонт сплит-систем. Гарантия на работы. Звоните!"
Дивногорск,Компьютерная помощь,kp,+7 (986) 089-07-04,https://master-na-dom.online/kp-divnogorsk,kp-divnogorsk,Компьютерная помощь в Дивногорске | ПроМастер,"Компьютерная помощь в Дивногорске с выездом на дом. Настройка ПК, удаление вирусов, восстановление данных. Выезд мастера на дом. Звоните!"
Дивногорск,Ремонт телевизоров,remont-televizorov,+7 (986) 089-07-04,https://master-na-dom.online/remont-televizorov-divnogorsk,remont-televizorov-divnogorsk,Ремонт телевизоров в Дивногорске | ПроМастер,"Ремонт телевизоров в Дивногорске с выездом на дом. Ремонт LED, OLED, Smart TV. Диагностика бесплатно. Гарантия на ремонт. Звоните!"
Дивногорск,Ремонт варочных панелей,remont-varochnyh-panelej,+7 (969) 999-24-97,https://master-na-dom.online/remont-varochnyh-panelej-divnogorsk,remont-varochnyh-panelej-divnogorsk,Ремонт варочных панелей в Дивногорске | ПроМастер,"Ремонт варочных панелей в Дивногорске с выездом на дом. Индукционные, электрические и газовые панели. Гарантия на ремонт. Звоните!"
Дивногорск,Ремонт духовых шкафов,remont-duhovyh-shkafov,+7 (969) 999-24-97,https://master-na-dom.online/remont-duhovyh-shkafov-divnogorsk,remont-duhovyh-shkafov-divnogorsk,Ремонт духовых шкафов в Дивногорске | ПроМастер,Ремонт духовых шкафов в Дивногорске с выездом на дом. Электрические и газовые духовки. Диагностика бесплатно. Звоните!
Дивногорск,Ремонт водонагревателей,remont-vodonagrevatelej,+7 (969) 999-24-97,https://master-na-dom.online/remont-vodonagrevatelej-divnogorsk,remont-vodonagrevatelej-divnogorsk,Ремонт водонагревателей в Дивногорске | ПроМастер,Ремонт водонагревателей в Дивногорске с выездом на дом. Ремонт бойлеров и проточных водонагревателей. Гарантия на работы. Звоните!
Дивногорск,Ремонт кофемашин,remont-kofemashin,+7 (969) 999-24-97,https://master-na-dom.online/remont-kofemashin-divnogorsk,remont-kofemashin-divnogorsk,Ремонт кофемашин в Дивногорске | ПроМастер,"Ремонт кофемашин в Дивногорске с выездом на дом. DeLonghi, Saeco, Bosch, Jura и другие марки. Диагностика бесплатно. Звоните!"
Дивногорск,Дезинфекция,dezinfekciya,+7 (984) 333-32-49,https://master-na-dom.online/dezinfekciya-divnogorsk,dezinfekciya-divnogorsk,Дезинфекция в Дивногорске — вызов мастера на дом | ПроМастер,"Дезинфекция в Дивногорске с выездом на дом. Уничтожение насекомых, грызунов и плесени. Безопасные препараты, гарантия результата. Звоните!"
Дивногорск,Электрик,elektrik,+7 (984) 333-32-49,https://master-na-dom.online/elektrik-divnogorsk,elektrik-divnogorsk,Электрик в Дивногорске | ПроМастер,"Электрик в Дивногорске с выездом на дом. Замена проводки, установка розеток, поиск неисправностей. Гарантия на работы. Звоните!"
Дивногорск,Сантехник,santehnik,+7 (984) 333-32-49,https://master-na-dom.online/santehnik-divnogorsk,santehnik-divnogorsk,Сантехник в Дивногорске | ПроМастер,"Сантехник в Дивногорске с выездом на дом. Устранение протечек, замена смесителей, прочистка канализации. Гарантия на работы. Звоните!"
Дивногорск,Мастер на час,master-na-chas,+7 (984) 333-32-49,https://master-na-dom.online/master-na-chas-divnogorsk,master-na-chas-divnogorsk,Мастер на час в Дивногорске | ПроМастер,"Мастер на час в Дивногорске с выездом на дом. Мелкий ремонт, сборка мебели, навешивание полок. Выезд за 30 минут. Звоните!"
Дивногорск,Ремонт окон,remont-okon,+7 (984) 333-32-49,https://master-na-dom.online/remont-okon-divnogorsk,remont-okon-divnogorsk,Ремонт окон в Дивногорске | ПроМастер,"Ремонт окон в Дивногорске с выездом на дом. Регулировка фурнитуры, замена уплотнителя, устранение продувания. Звоните!"
Дивногорск,Клининг,klining,+7 (984) 333-32-49,https://master-na-dom.online/klining-divnogorsk,klining-divnogorsk,Клининг в Дивногорске — вызов мастера на дом | ПроМастер,"Клининг в Дивногорске с выездом на дом. Генеральная уборка, уборка после ремонта, мытьё окон. Профессиональная химия и оборудование. Звоните!"
Дивногорск,Сборка мебели,sborka-mebeli,+7 (984) 333-32-49,https://master-na-dom.online/sborka-mebeli-divnogorsk,sborka-mebeli-divnogorsk,Сборка мебели в Дивногорске — вызов мастера на дом | ПроМастер,"Сборка мебели в Дивногорске с выездом на дом. Сборка шкафов, кухонь, кроватей и стеллажей. Аккуратно и со своим инструментом. Звоните!"
Евпатория,Ремонт стиральных машин,remont-stiralnyh-mashin,+7 (969) 999-24-97,https://master-na-dom.online/remont-stiralnyh-mashin-evpatoriya,remont-stiralnyh-mashin-evpatoriya,Ремонт стиральных машин в Евпатории | ПроМастер,"Ремонт стиральных машин в Евпатории с выездом на дом. Samsung, LG, Bosch, Indesit и другие марки. Диагностика бесплатно. Гарантия на ремонт. Звоните!"
Евпатория,Ремонт холодильников,remont-holodilnikov,+7 (969) 999-24-97,https://master-na-dom.online/remont-holodilnikov-evpatoriya,remont-holodilnikov-evpatoriya,Ремонт холодильников в Евпатории | ПроМастер,"Ремонт холодильников в Евпатории с выездом на дом. Samsung, LG, Bosch, Atlant и другие марки. Диагностика бесплатно. Гарантия на ремонт. Звоните!"
Евпатория,Ремонт посудомоечных машин,remont-pmm,+7 (969) 999-24-97,https://master-na-dom.online/remont-pmm-evpatoriya,remont-pmm-evpatoriya,Ремонт посудомоечных машин в Евпатории | ПроМастер,"Ремонт посудомоечных машин в Евпатории с выездом на дом. Bosch, Siemens, Electrolux и другие марки. Диагностика бесплатно. Звоните!"
Евпатория,Ремонт кондиционеров,remont-kondicionerov,+7 (969) 999-24-97,https://master-na-dom.online/remont-kondicionerov-evpatoriya,remont-kondicionerov-evpatoriya,Ремонт кондиционеров в Евпатории | ПроМастер,"Ремонт кондиционеров в Евпатории с выездом на дом. Обслуживание, заправка фреоном, ремонт сплит-систем. Гарантия на работы. Звоните!"
Евпатория,Компьютерная помощь,kp,+7 (986) 089-07-04,https://master-na-dom.online/kp-evpatoriya,kp-evpatoriya,Компьютерная помощь в Евпатории | ПроМастер,"Компьютерная помощь в Евпатории с выездом на дом. Настройка ПК, удаление вирусов, восстановление данных. Выезд мастера на дом. Звоните!"
Евпатория,Ремонт телевизоров,remont-televizorov,+7 (986) 089-07-04,https://master-na-dom.online/remont-televizorov-evpatoriya,remont-televizorov-evpatoriya,Ремонт телевизоров в Евпатории | ПроМастер,"Ремонт телевизоров в Евпатории с выездом на дом. Ремонт LED, OLED, Smart TV. Диагностика бесплатно. Гарантия на ремонт. Звоните!"
Евпатория,Ремонт варочных панелей,remont-varochnyh-panelej,+7 (969) 999-24-97,https://master-na-dom.online/remont-varochnyh-panelej-evpatoriya,remont-varochnyh-panelej-evpatoriya,Ремонт варочных панелей в Евпатории | ПроМастер,"Ремонт варочных панелей в Евпатории с выездом на дом. Индукционные, электрические и газовые панели. Гарантия на ремонт. Звоните!"
Евпатория,Ремонт духовых шкафов,remont-duhovyh-shkafov,+7 (969) 999-24-97,https://master-na-dom.online/remont-duhovyh-shkafov-evpatoriya,remont-duhovyh-shkafov-evpatoriya,Ремонт духовых шкафов в Евпатории | ПроМастер,Ремонт духовых шкафов в Евпатории с выездом на дом. Электрические и газовые духовки. Диагностика бесплатно. Звоните!
Евпатория,Ремонт водонагревателей,remont-vodonagrevatelej,+7 (969) 999-24-97,https://master-na-dom.online/remont-vodonagrevatelej-evpatoriya,remont-vodonagrevatelej-evpatoriya,Ремонт водонагревателей в Евпатории | ПроМастер,Ремонт водонагревателей в Евпатории с выездом на дом. Ремонт бойлеров и проточных водонагревателей. Гарантия на работы. Звоните!
Евпатория,Ремонт кофемашин,remont-kofemashin,+7 (969) 999-24-97,https://master-na-dom.online/remont-kofemashin-evpatoriya,remont-kofemashin-evpatoriya,Ремонт кофемашин в Евпатории | ПроМастер,"Ремонт кофемашин в Евпатории с выездом на дом. DeLonghi, Saeco, Bosch, Jura и другие марки. Диагностика бесплатно. Звоните!"
Евпатория,Дезинфекция,dezinfekciya,+7 (984) 333-32-49,https://master-na-dom.online/dezinfekciya-evpatoriya,dezinfekciya-evpatoriya,Дезинфекция в Евпатории — вызов мастера на дом | ПроМастер,"Дезинфекция в Евпатории с выездом на дом. Уничтожение насекомых, грызунов и плесени. Безопасные препараты, гарантия результата. Звоните!"
Евпатория,Электрик,elektrik,+7 (984) 333-32-49,https://master-na-dom.online/elektrik-evpatoriya,elektrik-evpatoriya,Электрик в Евпатории | ПроМастер,"Электрик в Евпатории с выездом на дом. Замена проводки, установка розеток, поиск неисправностей. Гарантия на работы. Звоните!"
Евпатория,Сантехник,santehnik,+7 (984) 333-32-49,https://master-na-dom.online/santehnik-evpatoriya,santehnik-evpatoriya,Сантехник в Евпатории | ПроМастер,"Сантехник в Евпатории с выездом на дом. Устранение протечек, замена смесителей, прочистка канализации. Гарантия на работы. Звоните!"
Евпатория,Мастер на час,master-na-chas,+7 (984) 333-32-49,https://master-na-dom.online/master-na-chas-evpatoriya,master-na-chas-evpatoriya,Мастер на час в Евпатории | ПроМастер,"Мастер на час в Евпатории с выездом на дом. Мелкий ремонт, сборка мебели, навешивание полок. Выезд за 30 минут. Звоните!"
Евпатория,Ремонт окон,remont-okon,+7 (984) 333-32-49,https://master-na-dom.online/remont-okon-evpatoriya,remont-okon-evpatoriya,Ремонт окон в Евпатории | ПроМастер,"Ремонт окон в Евпатории с выездом на дом. Регулировка фурнитуры, замена уплотнителя, устранение продувания. Звоните!"
Евпатория,Клининг,klining,+7 (984) 333-32-49,https://master-na-dom.online/klining-evpatoriya,klining-evpatoriya,Клининг в Евпатории — вызов мастера на дом | ПроМастер,"Клининг в Евпатории с выездом на дом. Генеральная уборка, уборка после ремонта, мытьё окон. Профессиональная химия и оборудование. Звоните!"
Евпатория,Сборка мебели,sborka-mebeli,+7 (984) 333-32-49,https://master-na-dom.online/sborka-mebeli-evpatoriya,sborka-mebeli-evpatoriya,Сборка мебели в Евпатории — вызов мастера на дом | ПроМастер,"Сборка мебели в Евпатории с выездом на дом. Сборка шкафов, кухонь, кроватей и стеллажей. Аккуратно и со своим инструментом. Звоните!"
Иркутск,Ремонт стиральных машин,remont-stiralnyh-mashin,+7 (969) 999-24-97,https://master-na-dom.online/remont-stiralnyh-mashin-irkutsk,remont-stiralnyh-mashin-irkutsk,Ремонт стиральных машин в Иркутске | ПроМастер,"Ремонт стиральных машин в Иркутске с выездом на дом. Samsung, LG, Bosch, Indesit и другие марки. Диагностика бесплатно. Гарантия на ремонт. Звоните!"
Иркутск,Ремонт холодильников,remont-holodilnikov,+7 (969) 999-24-97,https://master-na-dom.online/remont-holodilnikov-irkutsk,remont-holodilnikov-irkutsk,Ремонт холодильников в Иркутске | ПроМастер,"Ремонт холодильников в Иркутске с выездом на дом. Samsung, LG, Bosch, Atlant и другие марки. Диагностика бесплатно. Гарантия на ремонт. Звоните!"
Иркутск,Ремонт посудомоечных машин,remont-pmm,+7 (969) 999-24-97,https://master-na-dom.online/remont-pmm-irkutsk,remont-pmm-irkutsk,Ремонт посудомоечных машин в Иркутске | ПроМастер,"Ремонт посудомоечных машин в Иркутске с выездом на дом. Bosch, Siemens, Electrolux и другие марки. Диагностика бесплатно. Звоните!"
Иркутск,Ремонт кондиционеров,remont-kondicionerov,+7 (969) 999-24-97,https://master-na-dom.online/remont-kondicionerov-irkutsk,remont-kondicionerov-irkutsk,Ремонт кондиционеров в Иркутске | ПроМастер,"Ремонт кондиционеров в Иркутске с выездом на дом. Обслуживание, заправка фреоном, ремонт сплит-систем. Гарантия на работы. Звоните!"
Иркутск,Компьютерная помощь,kp,+7 (986) 089-07-04,https://master-na-dom.online/kp-irkutsk,kp-irkutsk,Компьютерная помощь в Иркутске | ПроМастер,"Компьютерная помощь в Иркутске с выездом на дом. Настройка ПК, удаление вирусов, восстановление данных. Выезд мастера на дом. Звоните!"
Иркутск,Ремонт телевизоров,remont-televizorov,+7 (986) 089-07-04,https://master-na-dom.online/remont-televizorov-irkutsk,remont-televizorov-irkutsk,Ремонт телевизоров в Иркутске | ПроМастер,"Ремонт телевизоров в Иркутске с выездом на дом. Ремонт LED, OLED, Smart TV. Диагностика бесплатно. Гарантия на ремонт. Звоните!"
Иркутск,Ремонт варочных панелей,remont-varochnyh-panelej,+7 (969) 999-24-97,https://master-na-dom.online/remont-varochnyh-panelej-irkutsk,remont-varochnyh-panelej-irkutsk,Ремонт варочных панелей в Иркутске | ПроМастер,"Ремонт варочных панелей в Иркутске с выездом на дом. Индукционные, электрические и газовые панели. Гарантия на ремонт. Звоните!"
Иркутск,Ремонт духовых шкафов,remont-duhovyh-shkafov,+7 (969) 999-24-97,https://master-na-dom.online/remont-duhovyh-shkafov-irkutsk,remont-duhovyh-shkafov-irkutsk,Ремонт духовых шкафов в Иркутске | ПроМастер,Ремонт духовых шкафов в Иркутске с выездом на дом. Электрические и газовые духовки. Диагностика бесплатно. Звоните!
Иркутск,Ремонт водонагревателей,remont-vodonagrevatelej,+7 (969) 999-24-97,https://master-na-dom.online/remont-vodonagrevatelej-irkutsk,remont-vodonagrevatelej-irkutsk,Ремонт водонагревателей в Иркутске | ПроМастер,Ремонт водонагревателей в Иркутске с выездом на дом. Ремонт бойлеров и проточных водонагревателей. Гарантия на работы. Звоните!
Иркутск,Ремонт кофемашин,remont-kofemashin,+7 (969) 999-24-97,https://master-na-dom.online/remont-kofemashin-irkutsk,remont-kofemashin-irkutsk,Ремонт кофемашин в Иркутске | ПроМастер,"Ремонт кофемашин в Иркутске с выездом на дом. DeLonghi, Saeco, Bosch, Jura и другие марки. Диагностика бесплатно. Звоните!"
Иркутск,Дезинфекция,dezinfekciya,+7 (984) 333-32-49,https://master-na-dom.online/dezinfekciya-irkutsk,dezinfekciya-irkutsk,Дезинфекция в Иркутске — вызов мастера на дом | ПроМастер,"Дезинфекция в Иркутске с выездом на дом. Уничтожение насекомых, грызунов и плесени. Безопасные препараты, гарантия результата. Звоните!"
Иркутск,Электрик,elektrik,+7 (984) 333-32-49,https://master-na-dom.online/elektrik-irkutsk,elektrik-irkutsk,Электрик в Иркутске | ПроМастер,"Электрик в Иркутске с выездом на дом. Замена проводки, установка розеток, поиск неисправностей. Гарантия на работы. Звоните!"
Иркутск,Сантехник,santehnik,+7 (984) 333-32-49,https://master-na-dom.online/santehnik-irkutsk,santehnik-irkutsk,Сантехник в Иркутске | ПроМастер,"Сантехник в Иркутске с выездом на дом. Устранение протечек, замена смесителей, прочистка канализации. Гарантия на работы. Звоните!"
Иркутск,Мастер на час,master-na-chas,+7 (984) 333-32-49,https://master-na-dom.online/master-na-chas-irkutsk,master-na-chas-irkutsk,Мастер на час в Иркутске | ПроМастер,"Мастер на час в Иркутске с выездом на дом. Мелкий ремонт, сборка мебели, навешивание полок. Выезд за 30 минут. Звоните!"
Иркутск,Ремонт окон,remont-okon,+7 (984) 333-32-49,https://master-na-dom.online/remont-okon-irkutsk,remont-okon-irkutsk,Ремонт окон в Иркутске | ПроМастер,"Ремонт окон в Иркутске с выездом на дом. Регулировка фурнитуры, замена уплотнителя, устранение продувания. Звоните!"
Иркутск,Клининг,klining,+7 (984) 333-32-49,https://master-na-dom.online/klining-irkutsk,klining-irkutsk,Клининг в Иркутске — вызов мастера на дом | ПроМастер,"Клининг в Иркутске с выездом на дом. Генеральная уборка, уборка после ремонта, мытьё окон. Профессиональная химия и оборудование. Звоните!"
Иркутск,Сборка мебели,sborka-mebeli,+7 (984) 333-32-49,https://master-na-dom.online/sborka-mebeli-irkutsk,sborka-mebeli-irkutsk,Сборка мебели в Иркутске — вызов мастера на дом | ПроМастер,"Сборка мебели в Иркутске с выездом на дом. Сборка шкафов, кухонь, кроватей и стеллажей. Аккуратно и со своим инструментом. Звоните!"
Ишимбай,Ремонт стиральных машин,remont-stiralnyh-mashin,+7 (969) 999-24-97,https://master-na-dom.online/remont-stiralnyh-mashin-ishimbay,remont-stiralnyh-mashin-ishimbay,Ремонт стиральных машин в Ишимбае | ПроМастер,"Ремонт стиральных машин в Ишимбае с выездом на дом. Samsung, LG, Bosch, Indesit и другие марки. Диагностика бесплатно. Гарантия на ремонт. Звоните!"
Ишимбай,Ремонт холодильников,remont-holodilnikov,+7 (969) 999-24-97,https://master-na-dom.online/remont-holodilnikov-ishimbay,remont-holodilnikov-ishimbay,Ремонт холодильников в Ишимбае | ПроМастер,"Ремонт холодильников в Ишимбае с выездом на дом. Samsung, LG, Bosch, Atlant и другие марки. Диагностика бесплатно. Гарантия на ремонт. Звоните!"
Ишимбай,Ремонт посудомоечных машин,remont-pmm,+7 (969) 999-24-97,https://master-na-dom.online/remont-pmm-ishimbay,remont-pmm-ishimbay,Ремонт посудомоечных машин в Ишимбае | ПроМастер,"Ремонт посудомоечных машин в Ишимбае с выездом на дом. Bosch, Siemens, Electrolux и другие марки. Диагностика бесплатно. Звоните!"
Ишимбай,Ремонт кондиционеров,remont-kondicionerov,+7 (969) 999-24-97,https://master-na-dom.online/remont-kondicionerov-ishimbay,remont-kondicionerov-ishimbay,Ремонт кондиционеров в Ишимбае | ПроМастер,"Ремонт кондиционеров в Ишимбае с выездом на дом. Обслуживание, заправка фреоном, ремонт сплит-систем. Гарантия на работы. Звоните!"
Ишимбай,Компьютерная помощь,kp,+7 (986) 089-07-04,https://master-na-dom.online/kp-ishimbay,kp-ishimbay,Компьютерная помощь в Ишимбае | ПроМастер,"Компьютерная помощь в Ишимбае с выездом на дом. Настройка ПК, удаление вирусов, восстановление данных. Выезд мастера на дом. Звоните!"
Ишимбай,Ремонт телевизоров,remont-televizorov,+7 (986) 089-07-04,https://master-na-dom.online/remont-televizorov-ishimbay,remont-televizorov-ishimbay,Ремонт телевизоров в Ишимбае | ПроМастер,"Ремонт телевизоров в Ишимбае с выездом на дом. Ремонт LED, OLED, Smart TV. Диагностика бесплатно. Гарантия на ремонт. Звоните!"
Ишимбай,Ремонт варочных панелей,remont-varochnyh-panelej,+7 (969) 999-24-97,https://master-na-dom.online/remont-varochnyh-panelej-ishimbay,remont-varochnyh-panelej-ishimbay,Ремонт варочных панелей в Ишимбае | ПроМастер,"Ремонт варочных панелей в Ишимбае с выездом на дом. Индукционные, электрические и газовые панели. Гарантия на ремонт. Звоните!"
Ишимбай,Ремонт духовых шкафов,remont-duhovyh-shkafov,+7 (969) 999-24-97,https://master-na-dom.online/remont-duhovyh-shkafov-ishimbay,remont-duhovyh-shkafov-ishimbay,Ремонт духовых шкафов в Ишимбае | ПроМастер,Ремонт духовых шкафов в Ишимбае с выездом на дом. Электрические и газовые духовки. Диагностика бесплатно. Звоните!
Ишимбай,Ремонт водонагревателей,remont-vodonagrevatelej,+7 (969) 999-24-97,https://master-na-dom.online/remont-vodonagrevatelej-ishimbay,remont-vodonagrevatelej-ishimbay,Ремонт водонагревателей в Ишимбае | ПроМастер,Ремонт водонагревателей в Ишимбае с выездом на дом. Ремонт бойлеров и проточных водонагревателей. Гарантия на работы. Звоните!
Ишимбай,Ремонт кофемашин,remont-kofemashin,+7 (969) 999-24-97,https://master-na-dom.online/remont-kofemashin-ishimbay,remont-kofemashin-ishimbay,Ремонт кофемашин в Ишимбае | ПроМастер,"Ремонт кофемашин в Ишимбае с выездом на дом. DeLonghi, Saeco, Bosch, Jura и другие марки. Диагностика бесплатно. Звоните!"
Ишимбай,Дезинфекция,dezinfekciya,+7 (984) 333-32-49,https://master-na-dom.online/dezinfekciya-ishimbay,dezinfekciya-ishimbay,Дезинфекция в Ишимбае — вызов мастера на дом | ПроМастер,"Дезинфекция в Ишимбае с выездом на дом. Уничтожение насекомых, грызунов и плесени. Безопасные препараты, гарантия результата. Звоните!"
Ишимбай,Электрик,elektrik,+7 (984) 333-32-49,https://master-na-dom.online/elektrik-ishimbay,elektrik-ishimbay,Электрик в Ишимбае | ПроМастер,"Электрик в Ишимбае с выездом на дом. Замена проводки, установка розеток, поиск неисправностей. Гарантия на работы. Звоните!"
Ишимбай,Сантехник,santehnik,+7 (984) 333-32-49,https://master-na-dom.online/santehnik-ishimbay,santehnik-ishimbay,Сантехник в Ишимбае | ПроМастер,"Сантехник в Ишимбае с выездом на дом. Устранение протечек, замена смесителей, прочистка канализации. Гарантия на работы. Звоните!"
Ишимбай,Мастер на час,master-na-chas,+7 (984) 333-32-49,https://master-na-dom.online/master-na-chas-ishimbay,master-na-chas-ishimbay,Мастер на час в Ишимбае | ПроМастер,"Мастер на час в Ишимбае с выездом на дом. Мелкий ремонт, сборка мебели, навешивание полок. Выезд за 30 минут. Звоните!"
Ишимбай,Ремонт окон,remont-okon,+7 (984) 333-32-49,https://master-na-dom.online/remont-okon-ishimbay,remont-okon-ishimbay,Ремонт окон в Ишимбае | ПроМастер,"Ремонт окон в Ишимбае с выездом на дом. Регулировка фурнитуры, замена уплотнителя, устранение продувания. Звоните!"
Ишимбай,Клининг,klining,+7 (984) 333-32-49,https://master-na-dom.online/klining-ishimbay,klining-ishimbay,Клининг в Ишимбае — вызов мастера на дом | ПроМастер,"Клининг в Ишимбае с выездом на дом. Генеральная уборка, уборка после ремонта, мытьё окон. Профессиональная химия и оборудование. Звоните!"
Ишимбай,Сборка мебели,sborka-mebeli,+7 (984) 333-32-49,https://master-na-dom.online/sborka-mebeli-ishimbay,sborka-mebeli-ishimbay,Сборка мебели в Ишимбае — вызов мастера на дом | ПроМастер,"Сборка мебели в Ишимбае с выездом на дом. Сборка шкафов, кухонь, кроватей и стеллажей. Аккуратно и со своим инструментом. Звоните!"
Калтан,Ремонт стиральных машин,remont-stiralnyh-mashin,+7 (969) 999-24-97,https://master-na-dom.online/remont-stiralnyh-mashin-kaltan,remont-stiralnyh-mashin-kaltan,Ремонт стиральных машин в Калтане | ПроМастер,"Ремонт стиральных машин в Калтане с выездом на дом. Samsung, LG, Bosch, Indesit и другие марки. Диагностика бесплатно. Гарантия на ремонт. Звоните!"
Калтан,Ремонт холодильников,remont-holodilnikov,+7 (969) 999-24-97,https://master-na-dom.online/remont-holodilnikov-kaltan,remont-holodilnikov-kaltan,Ремонт холодильников в Калтане | ПроМастер,"Ремонт холодильников в Калтане с выездом на дом. Samsung, LG, Bosch, Atlant и другие марки. Диагностика бесплатно. Гарантия на ремонт. Звоните!"
Калтан,Ремонт посудомоечных машин,remont-pmm,+7 (969) 999-24-97,https://master-na-dom.online/remont-pmm-kaltan,remont-pmm-kaltan,Ремонт посудомоечных машин в Калтане | ПроМастер,"Ремонт посудомоечных машин в Калтане с выездом на дом. Bosch, Siemens, Electrolux и другие марки. Диагностика бесплатно. Звоните!"
Калтан,Ремонт кондиционеров,remont-kondicionerov,+7 (969) 999-24-97,https://master-na-dom.online/remont-kondicionerov-kaltan,remont-kondicionerov-kaltan,Ремонт кондиционеров в Калтане | ПроМастер,"Ремонт кондиционеров в Калтане с выездом на дом. Обслуживание, заправка фреоном, ремонт сплит-систем. Гарантия на работы. Звоните!"
Калтан,Компьютерная помощь,kp,+7 (986) 089-07-04,https://master-na-dom.online/kp-kaltan,kp-kaltan,Компьютерная помощь в Калтане | ПроМастер,"Компьютерная помощь в Калтане с выездом на дом. Настройка ПК, удаление вирусов, восстановление данных. Выезд мастера на дом. Звоните!"
Калтан,Ремонт телевизоров,remont-televizorov,+7 (986) 089-07-04,https://master-na-dom.online/remont-televizorov-kaltan,remont-televizorov-kaltan,Ремонт телевизоров в Калтане | ПроМастер,"Ремонт телевизоров в Калтане с выездом на дом. Ремонт LED, OLED, Smart TV. Диагностика бесплатно. Гарантия на ремонт. Звоните!"
Калтан,Ремонт варочных панелей,remont-varochnyh-panelej,+7 (969) 999-24-97,https://master-na-dom.online/remont-varochnyh-panelej-kaltan,remont-varochnyh-panelej-kaltan,Ремонт варочных панелей в Калтане | ПроМастер,"Ремонт варочных панелей в Калтане с выездом на дом. Индукционные, электрические и газовые панели. Гарантия на ремонт. Звоните!"
Калтан,Ремонт духовых шкафов,remont-duhovyh-shkafov,+7 (969) 999-24-97,https://master-na-dom.online/remont-duhovyh-shkafov-kaltan,remont-duhovyh-shkafov-kaltan,Ремонт духовых шкафов в Калтане | ПроМастер,Ремонт духовых шкафов в Калтане с выездом на дом. Электрические и газовые духовки. Диагностика бесплатно. Звоните!
Калтан,Ремонт водонагревателей,remont-vodonagrevatelej,+7 (969) 999-24-97,https://master-na-dom.online/remont-vodonagrevatelej-kaltan,remont-vodonagrevatelej-kaltan,Ремонт водонагревателей в Калтане | ПроМастер,Ремонт водонагревателей в Калтане с выездом на дом. Ремонт бойлеров и проточных водонагревателей. Гарантия на работы. Звоните!
Калтан,Ремонт кофемашин,remont-kofemashin,+7 (969) 999-24-97,https://master-na-dom.online/remont-kofemashin-kaltan,remont-kofemashin-kaltan,Ремонт кофемашин в Калтане | ПроМастер,"Ремонт кофемашин в Калтане с выездом на дом. DeLonghi, Saeco, Bosch, Jura и другие марки. Диагностика бесплатно. Звоните!"
Калтан,Дезинфекция,dezinfekciya,+7 (984) 333-32-49,https://master-na-dom.online/dezinfekciya-kaltan,dezinfekciya-kaltan,Дезинфекция в Калтане — вызов мастера на дом | ПроМастер,"Дезинфекция в Калтане с выездом на дом. Уничтожение насекомых, грызунов и плесени. Безопасные препараты, гарантия результата. Звоните!"
Калтан,Электрик,elektrik,+7 (984) 333-32-49,https://master-na-dom.online/elektrik-kaltan,elektrik-kaltan,Электрик в Калтане | ПроМастер,"Электрик в Калтане с выездом на дом. Замена проводки, установка розеток, поиск неисправностей. Гарантия на работы. Звоните!"
Калтан,Сантехник,santehnik,+7 (984) 333-32-49,https://master-na-dom.online/santehnik-kaltan,santehnik-kaltan,Сантехник в Калтане | ПроМастер,"Сантехник в Калтане с выездом на дом. Устранение протечек, замена смесителей, прочистка канализации. Гарантия на работы. Звоните!"
Калтан,Мастер на час,master-na-chas,+7 (984) 333-32-49,https://master-na-dom.online/master-na-chas-kaltan,master-na-chas-kaltan,Мастер на час в Калтане | ПроМастер,"Мастер на час в Калтане с выездом на дом. Мелкий ремонт, сборка мебели, навешивание полок. Выезд за 30 минут. Звоните!"
Калтан,Ремонт окон,remont-okon,+7 (984) 333-32-49,https://master-na-dom.online/remont-okon-kaltan,remont-okon-kaltan,Ремонт окон в Калтане | ПроМастер,"Ремонт окон в Калтане с выездом на дом. Регулировка фурнитуры, замена уплотнителя, устранение продувания. Звоните!"
Калтан,Клининг,klining,+7 (984) 333-32-49,https://master-na-dom.online/klining-kaltan,klining-kaltan,Клининг в Калтане — вызов мастера на дом | ПроМастер,"Клининг в Калтане с выездом на дом. Генеральная уборка, уборка после ремонта, мытьё окон. Профессиональная химия и оборудование. Звоните!"
Калтан,Сборка мебели,sborka-mebeli,+7 (984) 333-32-49,https://master-na-dom.online/sborka-mebeli-kaltan,sborka-mebeli-kaltan,Сборка мебели в Калтане — вызов мастера на дом | ПроМастер,"Сборка мебели в Калтане с выездом на дом. Сборка шкафов, кухонь, кроватей и стеллажей. Аккуратно и со своим инструментом. Звоните!"
Калуга,Ремонт стиральных машин,remont-stiralnyh-mashin,+7 (969) 999-24-97,https://master-na-dom.online/remont-stiralnyh-mashin-kaluga,remont-stiralnyh-mashin-kaluga,Ремонт стиральных машин в Калуге | ПроМастер,"Ремонт стиральных машин в Калуге с выездом на дом. Samsung, LG, Bosch, Indesit и другие марки. Диагностика бесплатно. Гарантия на ремонт. Звоните!"
Калуга,Ремонт холодильников,remont-holodilnikov,+7 (969) 999-24-97,https://master-na-dom.online/remont-holodilnikov-kaluga,remont-holodilnikov-kaluga,Ремонт холодильников в Калуге | ПроМастер,"Ремонт холодильников в Калуге с выездом на дом. Samsung, LG, Bosch, Atlant и другие марки. Диагностика бесплатно. Гарантия на ремонт. Звоните!"
Калуга,Ремонт посудомоечных машин,remont-pmm,+7 (969) 999-24-97,https://master-na-dom.online/remont-pmm-kaluga,remont-pmm-kaluga,Ремонт посудомоечных машин в Калуге | ПроМастер,"Ремонт посудомоечных машин в Калуге с выездом на дом. Bosch, Siemens, Electrolux и другие марки. Диагностика бесплатно. Звоните!"
Калуга,Ремонт кондиционеров,remont-kondicionerov,+7 (969) 999-24-97,https://master-na-dom.online/remont-kondicionerov-kaluga,remont-kondicionerov-kaluga,Ремонт кондиционеров в Калуге | ПроМастер,"Ремонт кондиционеров в Калуге с выездом на дом. Обслуживание, заправка фреоном, ремонт сплит-систем. Гарантия на работы. Звоните!"
Калуга,Компьютерная помощь,kp,+7 (986) 089-07-04,https://master-na-dom.online/kp-kaluga,kp-kaluga,Компьютерная помощь в Калуге | ПроМастер,"Компьютерная помощь в Калуге с выездом на дом. Настройка ПК, удаление вирусов, восстановление данных. Выезд мастера на дом. Звоните!"
Калуга,Ремонт телевизоров,remont-televizorov,+7 (986) 089-07-04,https://master-na-dom.online/remont-televizorov-kaluga,remont-televizorov-kaluga,Ремонт телевизоров в Калуге | ПроМастер,"Ремонт телевизоров в Калуге с выездом на дом. Ремонт LED, OLED, Smart TV. Диагностика бесплатно. Гарантия на ремонт. Звоните!"
Калуга,Ремонт варочных панелей,remont-varochnyh-panelej,+7 (969) 999-24-97,https://master-na-dom.online/remont-varochnyh-panelej-kaluga,remont-varochnyh-panelej-kaluga,Ремонт варочных панелей в Калуге | ПроМастер,"Ремонт варочных панелей в Калуге с выездом на дом. Индукционные, электрические и газовые панели. Гарантия на ремонт. Звоните!"
Калуга,Ремонт духовых шкафов,remont-duhovyh-shkafov,+7 (969) 999-24-97,https://master-na-dom.online/remont-duhovyh-shkafov-kaluga,remont-duhovyh-shkafov-kaluga,Ремонт духовых шкафов в Калуге | ПроМастер,Ремонт духовых шкафов в Калуге с выездом на дом. Электрические и газовые духовки. Диагностика бесплатно. Звоните!
Калуга,Ремонт водонагревателей,remont-vodonagrevatelej,+7 (969) 999-24-97,https://master-na-dom.online/remont-vodonagrevatelej-kaluga,remont-vodonagrevatelej-kaluga,Ремонт водонагревателей в Калуге | ПроМастер,Ремонт водонагревателей в Калуге с выездом на дом. Ремонт бойлеров и проточных водонагревателей. Гарантия на работы. Звоните!
Калуга,Ремонт кофемашин,remont-kofemashin,+7 (969) 999-24-97,https://master-na-dom.online/remont-kofemashin-kaluga,remont-kofemashin-kaluga,Ремонт кофемашин в Калуге | ПроМастер,"Ремонт кофемашин в Калуге с выездом на дом. DeLonghi, Saeco, Bosch, Jura и другие марки. Диагностика бесплатно. Звоните!"
Калуга,Дезинфекция,dezinfekciya,+7 (984) 333-32-49,https://master-na-dom.online/dezinfekciya-kaluga,dezinfekciya-kaluga,Дезинфекция в Калуге — вызов мастера на дом | ПроМастер,"Дезинфекция в Калуге с выездом на дом. Уничтожение насекомых, грызунов и плесени. Безопасные препараты, гарантия результата. Звоните!"
Калуга,Электрик,elektrik,+7 (984) 333-32-49,https://master-na-dom.online/elektrik-kaluga,elektrik-kaluga,Электрик в Калуге | ПроМастер,"Электрик в Калуге с выездом на дом. Замена проводки, установка розеток, поиск неисправностей. Гарантия на работы. Звоните!"
Калуга,Сантехник,santehnik,+7 (984) 333-32-49,https://master-na-dom.online/santehnik-kaluga,santehnik-kaluga,Сантехник в Калуге | ПроМастер,"Сантехник в Калуге с выездом на дом. Устранение протечек, замена смесителей, прочистка канализации. Гарантия на работы. Звоните!"
Калуга,Мастер на час,master-na-chas,+7 (984) 333-32-49,https://master-na-dom.online/master-na-chas-kaluga,master-na-chas-kaluga,Мастер на час в Калуге | ПроМастер,"Мастер на час в Калуге с выездом на дом. Мелкий ремонт, сборка мебели, навешивание полок. Выезд за 30 минут. Звоните!"
Калуга,Ремонт окон,remont-okon,+7 (984) 333-32-49,https://master-na-dom.online/remont-okon-kaluga,remont-okon-kaluga,Ремонт окон в Калуге | ПроМастер,"Ремонт окон в Калуге с выездом на дом. Регулировка фурнитуры, замена уплотнителя, устранение продувания. Звоните!"
Калуга,Клининг,klining,+7 (984) 333-32-49,https://master-na-dom.online/klining-kaluga,klining-kaluga,Клининг в Калуге — вызов мастера на дом | ПроМастер,"Клининг в Калуге с выездом на дом. Генеральная уборка, уборка после ремонта, мытьё окон. Профессиональная химия и оборудование. Звоните!"
Калуга,Сборка мебели,sborka-mebeli,+7 (984) 333-32-49,https://master-na-dom.online/sborka-mebeli-kaluga,sborka-mebeli-kaluga,Сборка мебели в Калуге — вызов мастера на дом | ПроМастер,"Сборка мебели в Калуге с выездом на дом. Сборка шкафов, кухонь, кроватей и стеллажей. Аккуратно и со своим инструментом. Звоните!"
Колпино,Ремонт стиральных машин,remont-stiralnyh-mashin,+7 (969) 999-24-97,https://master-na-dom.online/remont-stiralnyh-mashin-kolpino,remont-stiralnyh-mashin-kolpino,Ремонт стиральных машин в Колпино | ПроМастер,"Ремонт стиральных машин в Колпино с выездом на дом. Samsung, LG, Bosch, Indesit и другие марки. Диагностика бесплатно. Гарантия на ремонт. Звоните!"
Колпино,Ремонт холодильников,remont-holodilnikov,+7 (969) 999-24-97,https://master-na-dom.online/remont-holodilnikov-kolpino,remont-holodilnikov-kolpino,Ремонт холодильников в Колпино | ПроМастер,"Ремонт холодильников в Колпино с выездом на дом. Samsung, LG, Bosch, Atlant и другие марки. Диагностика бесплатно. Гарантия на ремонт. Звоните!"
Колпино,Ремонт посудомоечных машин,remont-pmm,+7 (969) 999-24-97,https://master-na-dom.online/remont-pmm-kolpino,remont-pmm-kolpino,Ремонт посудомоечных машин в Колпино | ПроМастер,"Ремонт посудомоечных машин в Колпино с выездом на дом. Bosch, Siemens, Electrolux и другие марки. Диагностика бесплатно. Звоните!"
Колпино,Ремонт кондиционеров,remont-kondicionerov,+7 (969) 999-24-97,https://master-na-dom.online/remont-kondicionerov-kolpino,remont-kondicionerov-kolpino,Ремонт кондиционеров в Колпино | ПроМастер,"Ремонт кондиционеров в Колпино с выездом на дом. Обслуживание, заправка фреоном, ремонт сплит-систем. Гарантия на работы. Звоните!"
Колпино,Компьютерная помощь,kp,+7 (986) 089-07-04,https://master-na-dom.online/kp-kolpino,kp-kolpino,Компьютерная помощь в Колпино | ПроМастер,"Компьютерная помощь в Колпино с выездом на дом. Настройка ПК, удаление вирусов, восстановление данных. Выезд мастера на дом. Звоните!"
Колпино,Ремонт телевизоров,remont-televizorov,+7 (986) 089-07-04,https://master-na-dom.online/remont-televizorov-kolpino,remont-televizorov-kolpino,Ремонт телевизоров в Колпино | ПроМастер,"Ремонт телевизоров в Колпино с выездом на дом. Ремонт LED, OLED, Smart TV. Диагностика бесплатно. Гарантия на ремонт. Звоните!"
Колпино,Ремонт варочных панелей,remont-varochnyh-panelej,+7 (969) 999-24-97,https://master-na-dom.online/remont-varochnyh-panelej-kolpino,remont-varochnyh-panelej-kolpino,Ремонт варочных панелей в Колпино | ПроМастер,"Ремонт варочных панелей в Колпино с выездом на дом. Индукционные, электрические и газовые панели. Гарантия на ремонт. Звоните!"
Колпино,Ремонт духовых шкафов,remont-duhovyh-shkafov,+7 (969) 999-24-97,https://master-na-dom.online/remont-duhovyh-shkafov-kolpino,remont-duhovyh-shkafov-kolpino,Ремонт духовых шкафов в Колпино | ПроМастер,Ремонт духовых шкафов в Колпино с выездом на дом. Электрические и газовые духовки. Диагностика бесплатно. Звоните!
Колпино,Ремонт водонагревателей,remont-vodonagrevatelej,+7 (969) 999-24-97,https://master-na-dom.online/remont-vodonagrevatelej-kolpino,remont-vodonagrevatelej-kolpino,Ремонт водонагревателей в Колпино | ПроМастер,Ремонт водонагревателей в Колпино с выездом на дом. Ремонт бойлеров и проточных водонагревателей. Гарантия на работы. Звоните!
Колпино,Ремонт кофемашин,remont-kofemashin,+7 (969) 999-24-97,https://master-na-dom.online/remont-kofemashin-kolpino,remont-kofemashin-kolpino,Ремонт кофемашин в Колпино | ПроМастер,"Ремонт кофемашин в Колпино с выездом на дом. DeLonghi, Saeco, Bosch, Jura и другие марки. Диагностика бесплатно. Звоните!"
Колпино,Дезинфекция,dezinfekciya,+7 (984) 333-32-49,https://master-na-dom.online/dezinfekciya-kolpino,dezinfekciya-kolpino,Дезинфекция в Колпино — вызов мастера на дом | ПроМастер,"Дезинфекция в Колпино с выездом на дом. Уничтожение насекомых, грызунов и плесени. Безопасные препараты, гарантия результата. Звоните!"
Колпино,Электрик,elektrik,+7 (984) 333-32-49,https://master-na-dom.online/elektrik-kolpino,elektrik-kolpino,Электрик в Колпино | ПроМастер,"Электрик в Колпино с выездом на дом. Замена проводки, установка розеток, поиск неисправностей. Гарантия на работы. Звоните!"
Колпино,Сантехник,santehnik,+7 (984) 333-32-49,https://master-na-dom.online/santehnik-kolpino,santehnik-kolpino,Сантехник в Колпино | ПроМастер,"Сантехник в Колпино с выездом на дом. Устранение протечек, замена смесителей, прочистка канализации. Гарантия на работы. Звоните!"
Колпино,Мастер на час,master-na-chas,+7 (984) 333-32-49,https://master-na-dom.online/master-na-chas-kolpino,master-na-chas-kolpino,Мастер на час в Колпино | ПроМастер,"Мастер на час в Колпино с выездом на дом. Мелкий ремонт, сборка мебели, навешивание полок. Выезд за 30 минут. Звоните!"
Колпино,Ремонт окон,remont-okon,+7 (984) 333-32-49,https://master-na-dom.online/remont-okon-kolpino,remont-okon-kolpino,Ремонт окон в Колпино | ПроМастер,"Ремонт окон в Колпино с выездом на дом. Регулировка фурнитуры, замена уплотнителя, устранение продувания. Звоните!"
Колпино,Клининг,klining,+7 (984) 333-32-49,https://master-na-dom.online/klining-kolpino,klining-kolpino,Клининг в Колпино — вызов мастера на дом | ПроМастер,"Клининг в Колпино с выездом на дом. Генеральная уборка, уборка после ремонта, мытьё окон. Профессиональная химия и оборудование. Звоните!"
Колпино,Сборка мебели,sborka-mebeli,+7 (984) 333-32-49,https://master-na-dom.online/sborka-mebeli-kolpino,sborka-mebeli-kolpino,Сборка мебели в Колпино — вызов мастера на дом | ПроМастер,"Сборка мебели в Колпино с выездом на дом. Сборка шкафов, кухонь, кроватей и стеллажей. Аккуратно и со своим инструментом. Звоните!"
Кудрово,Ремонт стиральных машин,remont-stiralnyh-mashin,+7 (969) 999-24-97,https://master-na-dom.online/remont-stiralnyh-mashin-kudrovo,remont-stiralnyh-mashin-kudrovo,Ремонт стиральных машин в Кудрово | ПроМастер,"Ремонт стиральных машин в Кудрово с выездом на дом. Samsung, LG, Bosch, Indesit и другие марки. Диагностика бесплатно. Гарантия на ремонт. Звоните!"
Кудрово,Ремонт холодильников,remont-holodilnikov,+7 (969) 999-24-97,https://master-na-dom.online/remont-holodilnikov-kudrovo,remont-holodilnikov-kudrovo,Ремонт холодильников в Кудрово | ПроМастер,"Ремонт холодильников в Кудрово с выездом на дом. Samsung, LG, Bosch, Atlant и другие марки. Диагностика бесплатно. Гарантия на ремонт. Звоните!"
Кудрово,Ремонт посудомоечных машин,remont-pmm,+7 (969) 999-24-97,https://master-na-dom.online/remont-pmm-kudrovo,remont-pmm-kudrovo,Ремонт посудомоечных машин в Кудрово | ПроМастер,"Ремонт посудомоечных машин в Кудрово с выездом на дом. Bosch, Siemens, Electrolux и другие марки. Диагностика бесплатно. Звоните!"
Кудрово,Ремонт кондиционеров,remont-kondicionerov,+7 (969) 999-24-97,https://master-na-dom.online/remont-kondicionerov-kudrovo,remont-kondicionerov-kudrovo,Ремонт кондиционеров в Кудрово | ПроМастер,"Ремонт кондиционеров в Кудрово с выездом на дом. Обслуживание, заправка фреоном, ремонт сплит-систем. Гарантия на работы. Звоните!"
Кудрово,Компьютерная помощь,kp,+7 (986) 089-07-04,https://master-na-dom.online/kp-kudrovo,kp-kudrovo,Компьютерная помощь в Кудрово | ПроМастер,"Компьютерная помощь в Кудрово с выездом на дом. Настройка ПК, удаление вирусов, восстановление данных. Выезд мастера на дом. Звоните!"
Кудрово,Ремонт телевизоров,remont-televizorov,+7 (986) 089-07-04,https://master-na-dom.online/remont-televizorov-kudrovo,remont-televizorov-kudrovo,Ремонт телевизоров в Кудрово | ПроМастер,"Ремонт телевизоров в Кудрово с выездом на дом. Ремонт LED, OLED, Smart TV. Диагностика бесплатно. Гарантия на ремонт. Звоните!"
Кудрово,Ремонт варочных панелей,remont-varochnyh-panelej,+7 (969) 999-24-97,https://master-na-dom.online/remont-varochnyh-panelej-kudrovo,remont-varochnyh-panelej-kudrovo,Ремонт варочных панелей в Кудрово | ПроМастер,"Ремонт варочных панелей в Кудрово с выездом на дом. Индукционные, электрические и газовые панели. Гарантия на ремонт. Звоните!"
Кудрово,Ремонт духовых шкафов,remont-duhovyh-shkafov,+7 (969) 999-24-97,https://master-na-dom.online/remont-duhovyh-shkafov-kudrovo,remont-duhovyh-shkafov-kudrovo,Ремонт духовых шкафов в Кудрово | ПроМастер,Ремонт духовых шкафов в Кудрово с выездом на дом. Электрические и газовые духовки. Диагностика бесплатно. Звоните!
Кудрово,Ремонт водонагревателей,remont-vodonagrevatelej,+7 (969) 999-24-97,https://master-na-dom.online/remont-vodonagrevatelej-kudrovo,remont-vodonagrevatelej-kudrovo,Ремонт водонагревателей в Кудрово | ПроМастер,Ремонт водонагревателей в Кудрово с выездом на дом. Ремонт бойлеров и проточных водонагревателей. Гарантия на работы. Звоните!
Кудрово,Ремонт кофемашин,remont-kofemashin,+7 (969) 999-24-97,https://master-na-dom.online/remont-kofemashin-kudrovo,remont-kofemashin-kudrovo,Ремонт кофемашин в Кудрово | ПроМастер,"Ремонт кофемашин в Кудрово с выездом на дом. DeLonghi, Saeco, Bosch, Jura и другие марки. Диагностика бесплатно. Звоните!"
Кудрово,Дезинфекция,dezinfekciya,+7 (984) 333-32-49,https://master-na-dom.online/dezinfekciya-kudrovo,dezinfekciya-kudrovo,Дезинфекция в Кудрово — вызов мастера на дом | ПроМастер,"Дезинфекция в Кудрово с выездом на дом. Уничтожение насекомых, грызунов и плесени. Безопасные препараты, гарантия результата. Звоните!"
Кудрово,Электрик,elektrik,+7 (984) 333-32-49,https://master-na-dom.online/elektrik-kudrovo,elektrik-kudrovo,Электрик в Кудрово | ПроМастер,"Электрик в Кудрово с выездом на дом. Замена проводки, установка розеток, поиск неисправностей. Гарантия на работы. Звоните!"
Кудрово,Сантехник,santehnik,+7 (984) 333-32-49,https://master-na-dom.online/santehnik-kudrovo,santehnik-kudrovo,Сантехник в Кудрово | ПроМастер,"Сантехник в Кудрово с выездом на дом. Устранение протечек, замена смесителей, прочистка канализации. Гарантия на работы. Звоните!"
Кудрово,Мастер на час,master-na-chas,+7 (984) 333-32-49,https://master-na-dom.online/master-na-chas-kudrovo,master-na-chas-kudrovo,Мастер на час в Кудрово | ПроМастер,"Мастер на час в Кудрово с выездом на дом. Мелкий ремонт, сборка мебели, навешивание полок. Выезд за 30 минут. Звоните!"
Кудрово,Ремонт окон,remont-okon,+7 (984) 333-32-49,https://master-na-dom.online/remont-okon-kudrovo,remont-okon-kudrovo,Ремонт окон в Кудрово | ПроМастер,"Ремонт окон в Кудрово с выездом на дом. Регулировка фурнитуры, замена уплотнителя, устранение продувания. Звоните!"
Кудрово,Клининг,klining,+7 (984) 333-32-49,https://master-na-dom.online/klining-kudrovo,klining-kudrovo,Клининг в Кудрово — вызов мастера на дом | ПроМастер,"Клининг в Кудрово с выездом на дом. Генеральная уборка, уборка после ремонта, мытьё окон. Профессиональная химия и оборудование. Звоните!"
Кудрово,Сборка мебели,sborka-mebeli,+7 (984) 333-32-49,https://master-na-dom.online/sborka-mebeli-kudrovo,sborka-mebeli-kudrovo,Сборка мебели в Кудрово — вызов мастера на дом | ПроМастер,"Сборка мебели в Кудрово с выездом на дом. Сборка шкафов, кухонь, кроватей и стеллажей. Аккуратно и со своим инструментом. Звоните!"
Курск,Ремонт стиральных машин,remont-stiralnyh-mashin,+7 (969) 999-24-97,https://master-na-dom.online/remont-stiralnyh-mashin-kursk,remont-stiralnyh-mashin-kursk,Ремонт стиральных машин в Курске | ПроМастер,"Ремонт стиральных машин в Курске с выездом на дом. Samsung, LG, Bosch, Indesit и другие марки. Диагностика бесплатно. Гарантия на ремонт. Звоните!"
Курск,Ремонт холодильников,remont-holodilnikov,+7 (969) 999-24-97,https://master-na-dom.online/remont-holodilnikov-kursk,remont-holodilnikov-kursk,Ремонт холодильников в Курске | ПроМастер,"Ремонт холодильников в Курске с выездом на дом. Samsung, LG, Bosch, Atlant и другие марки. Диагностика бесплатно. Гарантия на ремонт. Звоните!"
Курск,Ремонт посудомоечных машин,remont-pmm,+7 (969) 999-24-97,https://master-na-dom.online/remont-pmm-kursk,remont-pmm-kursk,Ремонт посудомоечных машин в Курске | ПроМастер,"Ремонт посудомоечных машин в Курске с выездом на дом. Bosch, Siemens, Electrolux и другие марки. Диагностика бесплатно. Звоните!"
Курск,Ремонт кондиционеров,remont-kondicionerov,+7 (969) 999-24-97,https://master-na-dom.online/remont-kondicionerov-kursk,remont-kondicionerov-kursk,Ремонт кондиционеров в Курске | ПроМастер,"Ремонт кондиционеров в Курске с выездом на дом. Обслуживание, заправка фреоном, ремонт сплит-систем. Гарантия на работы. Звоните!"
Курск,Компьютерная помощь,kp,+7 (986) 089-07-04,https://master-na-dom.online/kp-kursk,kp-kursk,Компьютерная помощь в Курске | ПроМастер,"Компьютерная помощь в Курске с выездом на дом. Настройка ПК, удаление вирусов, восстановление данных. Выезд мастера на дом. Звоните!"
Курск,Ремонт телевизоров,remont-televizorov,+7 (986) 089-07-04,https://master-na-dom.online/remont-televizorov-kursk,remont-televizorov-kursk,Ремонт телевизоров в Курске | ПроМастер,"Ремонт телевизоров в Курске с выездом на дом. Ремонт LED, OLED, Smart TV. Диагностика бесплатно. Гарантия на ремонт. Звоните!"
Курск,Ремонт варочных панелей,remont-varochnyh-panelej,+7 (969) 999-24-97,https://master-na-dom.online/remont-varochnyh-panelej-kursk,remont-varochnyh-panelej-kursk,Ремонт варочных панелей в Курске | ПроМастер,"Ремонт варочных панелей в Курске с выездом на дом. Индукционные, электрические и газовые панели. Гарантия на ремонт. Звоните!"
Курск,Ремонт духовых шкафов,remont-duhovyh-shkafov,+7 (969) 999-24-97,https://master-na-dom.online/remont-duhovyh-shkafov-kursk,remont-duhovyh-shkafov-kursk,Ремонт духовых шкафов в Курске | ПроМастер,Ремонт духовых шкафов в Курске с выездом на дом. Электрические и газовые духовки. Диагностика бесплатно. Звоните!
Курск,Ремонт водонагревателей,remont-vodonagrevatelej,+7 (969) 999-24-97,https://master-na-dom.online/remont-vodonagrevatelej-kursk,remont-vodonagrevatelej-kursk,Ремонт водонагревателей в Курске | ПроМастер,Ремонт водонагревателей в Курске с выездом на дом. Ремонт бойлеров и проточных водонагревателей. Гарантия на работы. Звоните!
Курск,Ремонт кофемашин,remont-kofemashin,+7 (969) 999-24-97,https://master-na-dom.online/remont-kofemashin-kursk,remont-kofemashin-kursk,Ремонт кофемашин в Курске | ПроМастер,"Ремонт кофемашин в Курске с выездом на дом. DeLonghi, Saeco, Bosch, Jura и другие марки. Диагностика бесплатно. Звоните!"
Курск,Дезинфекция,dezinfekciya,+7 (984) 333-32-49,https://master-na-dom.online/dezinfekciya-kursk,dezinfekciya-kursk,Дезинфекция в Курске — вызов мастера на дом | ПроМастер,"Дезинфекция в Курске с выездом на дом. Уничтожение насекомых, грызунов и плесени. Безопасные препараты, гарантия результата. Звоните!"
Курск,Электрик,elektrik,+7 (984) 333-32-49,https://master-na-dom.online/elektrik-kursk,elektrik-kursk,Электрик в Курске | ПроМастер,"Электрик в Курске с выездом на дом. Замена проводки, установка розеток, поиск неисправностей. Гарантия на работы. Звоните!"
Курск,Сантехник,santehnik,+7 (984) 333-32-49,https://master-na-dom.online/santehnik-kursk,santehnik-kursk,Сантехник в Курске | ПроМастер,"Сантехник в Курске с выездом на дом. Устранение протечек, замена смесителей, прочистка канализации. Гарантия на работы. Звоните!"
Курск,Мастер на час,master-na-chas,+7 (984) 333-32-49,https://master-na-dom.online/master-na-chas-kursk,master-na-chas-kursk,Мастер на час в Курске | ПроМастер,"Мастер на час в Курске с выездом на дом. Мелкий ремонт, сборка мебели, навешивание полок. Выезд за 30 минут. Звоните!"
Курск,Ремонт окон,remont-okon,+7 (984) 333-32-49,https://master-na-dom.online/remont-okon-kursk,remont-okon-kursk,Ремонт окон в Курске | ПроМастер,"Ремонт окон в Курске с выездом на дом. Регулировка фурнитуры, замена уплотнителя, устранение продувания. Звоните!"
Курск,Клининг,klining,+7 (984) 333-32-49,https://master-na-dom.online/klining-kursk,klining-kursk,Клининг в Курске — вызов мастера на дом | ПроМастер,"Клининг в Курске с выездом на дом. Генеральная уборка, уборка после ремонта, мытьё окон. Профессиональная химия и оборудование. Звоните!"
Курск,Сборка мебели,sborka-mebeli,+7 (984) 333-32-49,https://master-na-dom.online/sborka-mebeli-kursk,sborka-mebeli-kursk,Сборка мебели в Курске — вызов мастера на дом | ПроМастер,"Сборка мебели в Курске с выездом на дом. Сборка шкафов, кухонь, кроватей и стеллажей. Аккуратно и со своим инструментом. Звоните!"
Ломоносов,Ремонт стиральных машин,remont-stiralnyh-mashin,+7 (969) 999-24-97,https://master-na-dom.online/remont-stiralnyh-mashin-lomonosov,remont-stiralnyh-mashin-lomonosov,Ремонт стиральных машин в Ломоносове | ПроМастер,"Ремонт стиральных машин в Ломоносове с выездом на дом. Samsung, LG, Bosch, Indesit и другие марки. Диагностика бесплатно. Гарантия на ремонт. Звоните!"
Ломоносов,Ремонт холодильников,remont-holodilnikov,+7 (969) 999-24-97,https://master-na-dom.online/remont-holodilnikov-lomonosov,remont-holodilnikov-lomonosov,Ремонт холодильников в Ломоносове | ПроМастер,"Ремонт холодильников в Ломоносове с выездом на дом. Samsung, LG, Bosch, Atlant и другие марки. Диагностика бесплатно. Гарантия на ремонт. Звоните!"
Ломоносов,Ремонт посудомоечных машин,remont-pmm,+7 (969) 999-24-97,https://master-na-dom.online/remont-pmm-lomonosov,remont-pmm-lomonosov,Ремонт посудомоечных машин в Ломоносове | ПроМастер,"Ремонт посудомоечных машин в Ломоносове с выездом на дом. Bosch, Siemens, Electrolux и другие марки. Диагностика бесплатно. Звоните!"
Ломоносов,Ремонт кондиционеров,remont-kondicionerov,+7 (969) 999-24-97,https://master-na-dom.online/remont-kondicionerov-lomonosov,remont-kondicionerov-lomonosov,Ремонт кондиционеров в Ломоносове | ПроМастер,"Ремонт кондиционеров в Ломоносове с выездом на дом. Обслуживание, заправка фреоном, ремонт сплит-систем. Гарантия на работы. Звоните!"
Ломоносов,Компьютерная помощь,kp,+7 (986) 089-07-04,https://master-na-dom.online/kp-lomonosov,kp-lomonosov,Компьютерная помощь в Ломоносове | ПроМастер,"Компьютерная помощь в Ломоносове с выездом на дом. Настройка ПК, удаление вирусов, восстановление данных. Выезд мастера на дом. Звоните!"
Ломоносов,Ремонт телевизоров,remont-televizorov,+7 (986) 089-07-04,https://master-na-dom.online/remont-televizorov-lomonosov,remont-televizorov-lomonosov,Ремонт телевизоров в Ломоносове | ПроМастер,"Ремонт телевизоров в Ломоносове с выездом на дом. Ремонт LED, OLED, Smart TV. Диагностика бесплатно. Гарантия на ремонт. Звоните!"
Ломоносов,Ремонт варочных панелей,remont-varochnyh-panelej,+7 (969) 999-24-97,https://master-na-dom.online/remont-varochnyh-panelej-lomonosov,remont-varochnyh-panelej-lomonosov,Ремонт варочных панелей в Ломоносове | ПроМастер,"Ремонт варочных панелей в Ломоносове с выездом на дом. Индукционные, электрические и газовые панели. Гарантия на ремонт. Звоните!"
Ломоносов,Ремонт духовых шкафов,remont-duhovyh-shkafov,+7 (969) 999-24-97,https://master-na-dom.online/remont-duhovyh-shkafov-lomonosov,remont-duhovyh-shkafov-lomonosov,Ремонт духовых шкафов в Ломоносове | ПроМастер,Ремонт духовых шкафов в Ломоносове с выездом на дом. Электрические и газовые духовки. Диагностика бесплатно. Звоните!
Ломоносов,Ремонт водонагревателей,remont-vodonagrevatelej,+7 (969) 999-24-97,https://master-na-dom.online/remont-vodonagrevatelej-lomonosov,remont-vodonagrevatelej-lomonosov,Ремонт водонагревателей в Ломоносове | ПроМастер,Ремонт водонагревателей в Ломоносове с выездом на дом. Ремонт бойлеров и проточных водонагревателей. Гарантия на работы. Звоните!
Ломоносов,Ремонт кофемашин,remont-kofemashin,+7 (969) 999-24-97,https://master-na-dom.online/remont-kofemashin-lomonosov,remont-kofemashin-lomonosov,Ремонт кофемашин в Ломоносове | ПроМастер,"Ремонт кофемашин в Ломоносове с выездом на дом. DeLonghi, Saeco, Bosch, Jura и другие марки. Диагностика бесплатно. Звоните!"
Ломоносов,Дезинфекция,dezinfekciya,+7 (984) 333-32-49,https://master-na-dom.online/dezinfekciya-lomonosov,dezinfekciya-lomonosov,Дезинфекция в Ломоносове — вызов мастера на дом | ПроМастер,"Дезинфекция в Ломоносове с выездом на дом. Уничтожение насекомых, грызунов и плесени. Безопасные препараты, гарантия результата. Звоните!"
Ломоносов,Электрик,elektrik,+7 (984) 333-32-49,https://master-na-dom.online/elektrik-lomonosov,elektrik-lomonosov,Электрик в Ломоносове | ПроМастер,"Электрик в Ломоносове с выездом на дом. Замена проводки, установка розеток, поиск неисправностей. Гарантия на работы. Звоните!"
Ломоносов,Сантехник,santehnik,+7 (984) 333-32-49,https://master-na-dom.online/santehnik-lomonosov,santehnik-lomonosov,Сантехник в Ломоносове | ПроМастер,"Сантехник в Ломоносове с выездом на дом. Устранение протечек, замена смесителей, прочистка канализации. Гарантия на работы. Звоните!"
Ломоносов,Мастер на час,master-na-chas,+7 (984) 333-32-49,https://master-na-dom.online/master-na-chas-lomonosov,master-na-chas-lomonosov,Мастер на час в Ломоносове | ПроМастер,"Мастер на час в Ломоносове с выездом на дом. Мелкий ремонт, сборка мебели, навешивание полок. Выезд за 30 минут. Звоните!"
Ломоносов,Ремонт окон,remont-okon,+7 (984) 333-32-49,https://master-na-dom.online/remont-okon-lomonosov,remont-okon-lomonosov,Ремонт окон в Ломоносове | ПроМастер,"Ремонт окон в Ломоносове с выездом на дом. Регулировка фурнитуры, замена уплотнителя, устранение продувания. Звоните!"
Ломоносов,Клининг,klining,+7 (984) 333-32-49,https://master-na-dom.online/klining-lomonosov,klining-lomonosov,Клининг в Ломоносове — вызов мастера на дом | ПроМастер,"Клининг в Ломоносове с выездом на дом. Генеральная уборка, уборка после ремонта, мытьё окон. Профессиональная химия и оборудование. Звоните!"
Ломоносов,Сборка мебели,sborka-mebeli,+7 (984) 333-32-49,https://master-na-dom.online/sborka-mebeli-lomonosov,sborka-mebeli-lomonosov,Сборка мебели в Ломоносове — вызов мастера на дом | ПроМастер,"Сборка мебели в Ломоносове с выездом на дом. Сборка шкафов, кухонь, кроватей и стеллажей. Аккуратно и со своим инструментом. Звоните!"
Люберцы,Ремонт стиральных машин,remont-stiralnyh-mashin,+7 (969) 999-24-97,https://master-na-dom.online/remont-stiralnyh-mashin-lyubertsy,remont-stiralnyh-mashin-lyubertsy,Ремонт стиральных машин в Люберцах | ПроМастер,"Ремонт стиральных машин в Люберцах с выездом на дом. Samsung, LG, Bosch, Indesit и другие марки. Диагностика бесплатно. Гарантия на ремонт. Звоните!"
Люберцы,Ремонт холодильников,remont-holodilnikov,+7 (969) 999-24-97,https://master-na-dom.online/remont-holodilnikov-lyubertsy,remont-holodilnikov-lyubertsy,Ремонт холодильников в Люберцах | ПроМастер,"Ремонт холодильников в Люберцах с выездом на дом. Samsung, LG, Bosch, Atlant и другие марки. Диагностика бесплатно. Гарантия на ремонт. Звоните!"
Люберцы,Ремонт посудомоечных машин,remont-pmm,+7 (969) 999-24-97,https://master-na-dom.online/remont-pmm-lyubertsy,remont-pmm-lyubertsy,Ремонт посудомоечных машин в Люберцах | ПроМастер,"Ремонт посудомоечных машин в Люберцах с выездом на дом. Bosch, Siemens, Electrolux и другие марки. Диагностика бесплатно. Звоните!"
Люберцы,Ремонт кондиционеров,remont-kondicionerov,+7 (969) 999-24-97,https://master-na-dom.online/remont-kondicionerov-lyubertsy,remont-kondicionerov-lyubertsy,Ремонт кондиционеров в Люберцах | ПроМастер,"Ремонт кондиционеров в Люберцах с выездом на дом. Обслуживание, заправка фреоном, ремонт сплит-систем. Гарантия на работы. Звоните!"
Люберцы,Компьютерная помощь,kp,+7 (986) 089-07-04,https://master-na-dom.online/kp-lyubertsy,kp-lyubertsy,Компьютерная помощь в Люберцах | ПроМастер,"Компьютерная помощь в Люберцах с выездом на дом. Настройка ПК, удаление вирусов, восстановление данных. Выезд мастера на дом. Звоните!"
Люберцы,Ремонт телевизоров,remont-televizorov,+7 (986) 089-07-04,https://master-na-dom.online/remont-televizorov-lyubertsy,remont-televizorov-lyubertsy,Ремонт телевизоров в Люберцах | ПроМастер,"Ремонт телевизоров в Люберцах с выездом на дом. Ремонт LED, OLED, Smart TV. Диагностика бесплатно. Гарантия на ремонт. Звоните!"
Люберцы,Ремонт варочных панелей,remont-varochnyh-panelej,+7 (969) 999-24-97,https://master-na-dom.online/remont-varochnyh-panelej-lyubertsy,remont-varochnyh-panelej-lyubertsy,Ремонт варочных панелей в Люберцах | ПроМастер,"Ремонт варочных панелей в Люберцах с выездом на дом. Индукционные, электрические и газовые панели. Гарантия на ремонт. Звоните!"
Люберцы,Ремонт духовых шкафов,remont-duhovyh-shkafov,+7 (969) 999-24-97,https://master-na-dom.online/remont-duhovyh-shkafov-lyubertsy,remont-duhovyh-shkafov-lyubertsy,Ремонт духовых шкафов в Люберцах | ПроМастер,Ремонт духовых шкафов в Люберцах с выездом на дом. Электрические и газовые духовки. Диагностика бесплатно. Звоните!
Люберцы,Ремонт водонагревателей,remont-vodonagrevatelej,+7 (969) 999-24-97,https://master-na-dom.online/remont-vodonagrevatelej-lyubertsy,remont-vodonagrevatelej-lyubertsy,Ремонт водонагревателей в Люберцах | ПроМастер,Ремонт водонагревателей в Люберцах с выездом на дом. Ремонт бойлеров и проточных водонагревателей. Гарантия на работы. Звоните!
Люберцы,Ремонт кофемашин,remont-kofemashin,+7 (969) 999-24-97,https://master-na-dom.online/remont-kofemashin-lyubertsy,remont-kofemashin-lyubertsy,Ремонт кофемашин в Люберцах | ПроМастер,"Ремонт кофемашин в Люберцах с выездом на дом. DeLonghi, Saeco, Bosch, Jura и другие марки. Диагностика бесплатно. Звоните!"
Люберцы,Дезинфекция,dezinfekciya,+7 (984) 333-32-49,https://master-na-dom.online/dezinfekciya-lyubertsy,dezinfekciya-lyubertsy,Дезинфекция в Люберцах — вызов мастера на дом | ПроМастер,"Дезинфекция в Люберцах с выездом на дом. Уничтожение насекомых, грызунов и плесени. Безопасные препараты, гарантия результата. Звоните!"
Люберцы,Электрик,elektrik,+7 (984) 333-32-49,https://master-na-dom.online/elektrik-lyubertsy,elektrik-lyubertsy,Электрик в Люберцах | ПроМастер,"Электрик в Люберцах с выездом на дом. Замена проводки, установка розеток, поиск неисправностей. Гарантия на работы. Звоните!"
Люберцы,Сантехник,santehnik,+7 (984) 333-32-49,https://master-na-dom.online/santehnik-lyubertsy,santehnik-lyubertsy,Сантехник в Люберцах | ПроМастер,"Сантехник в Люберцах с выездом на дом. Устранение протечек, замена смесителей, прочистка канализации. Гарантия на работы. Звоните!"
Люберцы,Мастер на час,master-na-chas,+7 (984) 333-32-49,https://master-na-dom.online/master-na-chas-lyubertsy,master-na-chas-lyubertsy,Мастер на час в Люберцах | ПроМастер,"Мастер на час в Люберцах с выездом на дом. Мелкий ремонт, сборка мебели, навешивание полок. Выезд за 30 минут. Звоните!"
Люберцы,Ремонт окон,remont-okon,+7 (984) 333-32-49,https://master-na-dom.online/remont-okon-lyubertsy,remont-okon-lyubertsy,Ремонт окон в Люберцах | ПроМастер,"Ремонт окон в Люберцах с выездом на дом. Регулировка фурнитуры, замена уплотнителя, устранение продувания. Звоните!"
Люберцы,Клининг,klining,+7 (984) 333-32-49,https://master-na-dom.online/klining-lyubertsy,klining-lyubertsy,Клининг в Люберцах — вызов мастера на дом | ПроМастер,"Клининг в Люберцах с выездом на дом. Генеральная уборка, уборка после ремонта, мытьё окон. Профессиональная химия и оборудование. Звоните!"
Люберцы,Сборка мебели,sborka-mebeli,+7 (984) 333-32-49,https://master-na-dom.online/sborka-mebeli-lyubertsy,sborka-mebeli-lyubertsy,Сборка мебели в Люберцах — вызов мастера на дом | ПроМастер,"Сборка мебели в Люберцах с выездом на дом. Сборка шкафов, кухонь, кроватей и стеллажей. Аккуратно и со своим инструментом. Звоните!"
Магнитогорск,Ремонт стиральных машин,remont-stiralnyh-mashin,+7 (969) 999-24-97,https://master-na-dom.online/remont-stiralnyh-mashin-magnitogorsk,remont-stiralnyh-mashin-magnitogorsk,Ремонт стиральных машин в Магнитогорске | ПроМастер,"Ремонт стиральных машин в Магнитогорске с выездом на дом. Samsung, LG, Bosch, Indesit и другие марки. Диагностика бесплатно. Гарантия на ремонт. Звоните!"
Магнитогорск,Ремонт холодильников,remont-holodilnikov,+7 (969) 999-24-97,https://master-na-dom.online/remont-holodilnikov-magnitogorsk,remont-holodilnikov-magnitogorsk,Ремонт холодильников в Магнитогорске | ПроМастер,"Ремонт холодильников в Магнитогорске с выездом на дом. Samsung, LG, Bosch, Atlant и другие марки. Диагностика бесплатно. Гарантия на ремонт. Звоните!"
Магнитогорск,Ремонт посудомоечных машин,remont-pmm,+7 (969) 999-24-97,https://master-na-dom.online/remont-pmm-magnitogorsk,remont-pmm-magnitogorsk,Ремонт посудомоечных машин в Магнитогорске | ПроМастер,"Ремонт посудомоечных машин в Магнитогорске с выездом на дом. Bosch, Siemens, Electrolux и другие марки. Диагностика бесплатно. Звоните!"
Магнитогорск,Ремонт кондиционеров,remont-kondicionerov,+7 (969) 999-24-97,https://master-na-dom.online/remont-kondicionerov-magnitogorsk,remont-kondicionerov-magnitogorsk,Ремонт кондиционеров в Магнитогорске | ПроМастер,"Ремонт кондиционеров в Магнитогорске с выездом на дом. Обслуживание, заправка фреоном, ремонт сплит-систем. Гарантия на работы. Звоните!"
Магнитогорск,Компьютерная помощь,kp,+7 (986) 089-07-04,https://master-na-dom.online/kp-magnitogorsk,kp-magnitogorsk,Компьютерная помощь в Магнитогорске | ПроМастер,"Компьютерная помощь в Магнитогорске с выездом на дом. Настройка ПК, удаление вирусов, восстановление данных. Выезд мастера на дом. Звоните!"
Магнитогорск,Ремонт телевизоров,remont-televizorov,+7 (986) 089-07-04,https://master-na-dom.online/remont-televizorov-magnitogorsk,remont-televizorov-magnitogorsk,Ремонт телевизоров в Магнитогорске | ПроМастер,"Ремонт телевизоров в Магнитогорске с выездом на дом. Ремонт LED, OLED, Smart TV. Диагностика бесплатно. Гарантия на ремонт. Звоните!"
Магнитогорск,Ремонт варочных панелей,remont-varochnyh-panelej,+7 (969) 999-24-97,https://master-na-dom.online/remont-varochnyh-panelej-magnitogorsk,remont-varochnyh-panelej-magnitogorsk,Ремонт варочных панелей в Магнитогорске | ПроМастер,"Ремонт варочных панелей в Магнитогорске с выездом на дом. Индукционные, электрические и газовые панели. Гарантия на ремонт. Звоните!"
Магнитогорск,Ремонт духовых шкафов,remont-duhovyh-shkafov,+7 (969) 999-24-97,https://master-na-dom.online/remont-duhovyh-shkafov-magnitogorsk,remont-duhovyh-shkafov-magnitogorsk,Ремонт духовых шкафов в Магнитогорске | ПроМастер,Ремонт духовых шкафов в Магнитогорске с выездом на дом. Электрические и газовые духовки. Диагностика бесплатно. Звоните!
Магнитогорск,Ремонт водонагревателей,remont-vodonagrevatelej,+7 (969) 999-24-97,https://master-na-dom.online/remont-vodonagrevatelej-magnitogorsk,remont-vodonagrevatelej-magnitogorsk,Ремонт водонагревателей в Магнитогорске | ПроМастер,Ремонт водонагревателей в Магнитогорске с выездом на дом. Ремонт бойлеров и проточных водонагревателей. Гарантия на работы. Звоните!
Магнитогорск,Ремонт кофемашин,remont-kofemashin,+7 (969) 999-24-97,https://master-na-dom.online/remont-kofemashin-magnitogorsk,remont-kofemashin-magnitogorsk,Ремонт кофемашин в Магнитогорске | ПроМастер,"Ремонт кофемашин в Магнитогорске с выездом на дом. DeLonghi, Saeco, Bosch, Jura и другие марки. Диагностика бесплатно. Звоните!"
Магнитогорск,Дезинфекция,dezinfekciya,+7 (984) 333-32-49,https://master-na-dom.online/dezinfekciya-magnitogorsk,dezinfekciya-magnitogorsk,Дезинфекция в Магнитогорске — вызов мастера на дом | ПроМастер,"Дезинфекция в Магнитогорске с выездом на дом. Уничтожение насекомых, грызунов и плесени. Безопасные препараты, гарантия результата. Звоните!"
Магнитогорск,Электрик,elektrik,+7 (984) 333-32-49,https://master-na-dom.online/elektrik-magnitogorsk,elektrik-magnitogorsk,Электрик в Магнитогорске | ПроМастер,"Электрик в Магнитогорске с выездом на дом. Замена проводки, установка розеток, поиск неисправностей. Гарантия на работы. Звоните!"
Магнитогорск,Сантехник,santehnik,+7 (984) 333-32-49,https://master-na-dom.online/santehnik-magnitogorsk,santehnik-magnitogorsk,Сантехник в Магнитогорске | ПроМастер,"Сантехник в Магнитогорске с выездом на дом. Устранение протечек, замена смесителей, прочистка канализации. Гарантия на работы. Звоните!"
Магнитогорск,Мастер на час,master-na-chas,+7 (984) 333-32-49,https://master-na-dom.online/master-na-chas-magnitogorsk,master-na-chas-magnitogorsk,Мастер на час в Магнитогорске | ПроМастер,"Мастер на час в Магнитогорске с выездом на дом. Мелкий ремонт, сборка мебели, навешивание полок. Выезд за 30 минут. Звоните!"
Магнитогорск,Ремонт окон,remont-okon,+7 (984) 333-32-49,https://master-na-dom.online/remont-okon-magnitogorsk,remont-okon-magnitogorsk,Ремонт окон в Магнитогорске | ПроМастер,"Ремонт окон в Магнитогорске с выездом на дом. Регулировка фурнитуры, замена уплотнителя, устранение продувания. Звоните!"
Магнитогорск,Клининг,klining,+7 (984) 333-32-49,https://master-na-dom.online/klining-magnitogorsk,klining-magnitogorsk,Клининг в Магнитогорске — вызов мастера на дом | ПроМастер,"Клининг в Магнитогорске с выездом на дом. Генеральная уборка, уборка после ремонта, мытьё окон. Профессиональная химия и оборудование. Звоните!"
Магнитогорск,Сборка мебели,sborka-mebeli,+7 (984) 333-32-49,https://master-na-dom.online/sborka-mebeli-magnitogorsk,sborka-mebeli-magnitogorsk,Сборка мебели в Магнитогорске — вызов мастера на дом | ПроМастер,"Сборка мебели в Магнитогорске с выездом на дом. Сборка шкафов, кухонь, кроватей и стеллажей. Аккуратно и со своим инструментом. Звоните!"
Мурино,Ремонт стиральных машин,remont-stiralnyh-mashin,+7 (969) 999-24-97,https://master-na-dom.online/remont-stiralnyh-mashin-murino,remont-stiralnyh-mashin-murino,Ремонт стиральных машин в Мурино | ПроМастер,"Ремонт стиральных машин в Мурино с выездом на дом. Samsung, LG, Bosch, Indesit и другие марки. Диагностика бесплатно. Гарантия на ремонт. Звоните!"
Мурино,Ремонт холодильников,remont-holodilnikov,+7 (969) 999-24-97,https://master-na-dom.online/remont-holodilnikov-murino,remont-holodilnikov-murino,Ремонт холодильников в Мурино | ПроМастер,"Ремонт холодильников в Мурино с выездом на дом. Samsung, LG, Bosch, Atlant и другие марки. Диагностика бесплатно. Гарантия на ремонт. Звоните!"
Мурино,Ремонт посудомоечных машин,remont-pmm,+7 (969) 999-24-97,https://master-na-dom.online/remont-pmm-murino,remont-pmm-murino,Ремонт посудомоечных машин в Мурино | ПроМастер,"Ремонт посудомоечных машин в Мурино с выездом на дом. Bosch, Siemens, Electrolux и другие марки. Диагностика бесплатно. Звоните!"
Мурино,Ремонт кондиционеров,remont-kondicionerov,+7 (969) 999-24-97,https://master-na-dom.online/remont-kondicionerov-murino,remont-kondicionerov-murino,Ремонт кондиционеров в Мурино | ПроМастер,"Ремонт кондиционеров в Мурино с выездом на дом. Обслуживание, заправка фреоном, ремонт сплит-систем. Гарантия на работы. Звоните!"
Мурино,Компьютерная помощь,kp,+7 (986) 089-07-04,https://master-na-dom.online/kp-murino,kp-murino,Компьютерная помощь в Мурино | ПроМастер,"Компьютерная помощь в Мурино с выездом на дом. Настройка ПК, удаление вирусов, восстановление данных. Выезд мастера на дом. Звоните!"
Мурино,Ремонт телевизоров,remont-televizorov,+7 (986) 089-07-04,https://master-na-dom.online/remont-televizorov-murino,remont-televizorov-murino,Ремонт телевизоров в Мурино | ПроМастер,"Ремонт телевизоров в Мурино с выездом на дом. Ремонт LED, OLED, Smart TV. Диагностика бесплатно. Гарантия на ремонт. Звоните!"
Мурино,Ремонт варочных панелей,remont-varochnyh-panelej,+7 (969) 999-24-97,https://master-na-dom.online/remont-varochnyh-panelej-murino,remont-varochnyh-panelej-murino,Ремонт варочных панелей в Мурино | ПроМастер,"Ремонт варочных панелей в Мурино с выездом на дом. Индукционные, электрические и газовые панели. Гарантия на ремонт. Звоните!"
Мурино,Ремонт духовых шкафов,remont-duhovyh-shkafov,+7 (969) 999-24-97,https://master-na-dom.online/remont-duhovyh-shkafov-murino,remont-duhovyh-shkafov-murino,Ремонт духовых шкафов в Мурино | ПроМастер,Ремонт духовых шкафов в Мурино с выездом на дом. Электрические и газовые духовки. Диагностика бесплатно. Звоните!
Мурино,Ремонт водонагревателей,remont-vodonagrevatelej,+7 (969) 999-24-97,https://master-na-dom.online/remont-vodonagrevatelej-murino,remont-vodonagrevatelej-murino,Ремонт водонагревателей в Мурино | ПроМастер,Ремонт водонагревателей в Мурино с выездом на дом. Ремонт бойлеров и проточных водонагревателей. Гарантия на работы. Звоните!
Мурино,Ремонт кофемашин,remont-kofemashin,+7 (969) 999-24-97,https://master-na-dom.online/remont-kofemashin-murino,remont-kofemashin-murino,Ремонт кофемашин в Мурино | ПроМастер,"Ремонт кофемашин в Мурино с выездом на дом. DeLonghi, Saeco, Bosch, Jura и другие марки. Диагностика бесплатно. Звоните!"
Мурино,Дезинфекция,dezinfekciya,+7 (984) 333-32-49,https://master-na-dom.online/dezinfekciya-murino,dezinfekciya-murino,Дезинфекция в Мурино — вызов мастера на дом | ПроМастер,"Дезинфекция в Мурино с выездом на дом. Уничтожение насекомых, грызунов и плесени. Безопасные препараты, гарантия результата. Звоните!"
Мурино,Электрик,elektrik,+7 (984) 333-32-49,https://master-na-dom.online/elektrik-murino,elektrik-murino,Электрик в Мурино | ПроМастер,"Электрик в Мурино с выездом на дом. Замена проводки, установка розеток, поиск неисправностей. Гарантия на работы. Звоните!"
Мурино,Сантехник,santehnik,+7 (984) 333-32-49,https://master-na-dom.online/santehnik-murino,santehnik-murino,Сантехник в Мурино | ПроМастер,"Сантехник в Мурино с выездом на дом. Устранение протечек, замена смесителей, прочистка канализации. Гарантия на работы. Звоните!"
Мурино,Мастер на час,master-na-chas,+7 (984) 333-32-49,https://master-na-dom.online/master-na-chas-murino,master-na-chas-murino,Мастер на час в Мурино | ПроМастер,"Мастер на час в Мурино с выездом на дом. Мелкий ремонт, сборка мебели, навешивание полок. Выезд за 30 минут. Звоните!"
Мурино,Ремонт окон,remont-okon,+7 (984) 333-32-49,https://master-na-dom.online/remont-okon-murino,remont-okon-murino,Ремонт окон в Мурино | ПроМастер,"Ремонт окон в Мурино с выездом на дом. Регулировка фурнитуры, замена уплотнителя, устранение продувания. Звоните!"
Мурино,Клининг,klining,+7 (984) 333-32-49,https://master-na-dom.online/klining-murino,klining-murino,Клининг в Мурино — вызов мастера на дом | ПроМастер,"Клининг в Мурино с выездом на дом. Генеральная уборка, уборка после ремонта, мытьё окон. Профессиональная химия и оборудование. Звоните!"
Мурино,Сборка мебели,sborka-mebeli,+7 (984) 333-32-49,https://master-na-dom.online/sborka-mebeli-murino,sborka-mebeli-murino,Сборка мебели в Мурино — вызов мастера на дом | ПроМастер,"Сборка мебели в Мурино с выездом на дом. Сборка шкафов, кухонь, кроватей и стеллажей. Аккуратно и со своим инструментом. Звоните!"
Мурманск,Ремонт стиральных машин,remont-stiralnyh-mashin,+7 (969) 999-24-97,https://master-na-dom.online/remont-stiralnyh-mashin-murmansk,remont-stiralnyh-mashin-murmansk,Ремонт стиральных машин в Мурманске | ПроМастер,"Ремонт стиральных машин в Мурманске с выездом на дом. Samsung, LG, Bosch, Indesit и другие марки. Диагностика бесплатно. Гарантия на ремонт. Звоните!"
Мурманск,Ремонт холодильников,remont-holodilnikov,+7 (969) 999-24-97,https://master-na-dom.online/remont-holodilnikov-murmansk,remont-holodilnikov-murmansk,Ремонт холодильников в Мурманске | ПроМастер,"Ремонт холодильников в Мурманске с выездом на дом. Samsung, LG, Bosch, Atlant и другие марки. Диагностика бесплатно. Гарантия на ремонт. Звоните!"
Мурманск,Ремонт посудомоечных машин,remont-pmm,+7 (969) 999-24-97,https://master-na-dom.online/remont-pmm-murmansk,remont-pmm-murmansk,Ремонт посудомоечных машин в Мурманске | ПроМастер,"Ремонт посудомоечных машин в Мурманске с выездом на дом. Bosch, Siemens, Electrolux и другие марки. Диагностика бесплатно. Звоните!"
Мурманск,Ремонт кондиционеров,remont-kondicionerov,+7 (969) 999-24-97,https://master-na-dom.online/remont-kondicionerov-murmansk,remont-kondicionerov-murmansk,Ремонт кондиционеров в Мурманске | ПроМастер,"Ремонт кондиционеров в Мурманске с выездом на дом. Обслуживание, заправка фреоном, ремонт сплит-систем. Гарантия на работы. Звоните!"
Мурманск,Компьютерная помощь,kp,+7 (986) 089-07-04,https://master-na-dom.online/kp-murmansk,kp-murmansk,Компьютерная помощь в Мурманске | ПроМастер,"Компьютерная помощь в Мурманске с выездом на дом. Настройка ПК, удаление вирусов, восстановление данных. Выезд мастера на дом. Звоните!"
Мурманск,Ремонт телевизоров,remont-televizorov,+7 (986) 089-07-04,https://master-na-dom.online/remont-televizorov-murmansk,remont-televizorov-murmansk,Ремонт телевизоров в Мурманске | ПроМастер,"Ремонт телевизоров в Мурманске с выездом на дом. Ремонт LED, OLED, Smart TV. Диагностика бесплатно. Гарантия на ремонт. Звоните!"
Мурманск,Ремонт варочных панелей,remont-varochnyh-panelej,+7 (969) 999-24-97,https://master-na-dom.online/remont-varochnyh-panelej-murmansk,remont-varochnyh-panelej-murmansk,Ремонт варочных панелей в Мурманске | ПроМастер,"Ремонт варочных панелей в Мурманске с выездом на дом. Индукционные, электрические и газовые панели. Гарантия на ремонт. Звоните!"
Мурманск,Ремонт духовых шкафов,remont-duhovyh-shkafov,+7 (969) 999-24-97,https://master-na-dom.online/remont-duhovyh-shkafov-murmansk,remont-duhovyh-shkafov-murmansk,Ремонт духовых шкафов в Мурманске | ПроМастер,Ремонт духовых шкафов в Мурманске с выездом на дом. Электрические и газовые духовки. Диагностика бесплатно. Звоните!
Мурманск,Ремонт водонагревателей,remont-vodonagrevatelej,+7 (969) 999-24-97,https://master-na-dom.online/remont-vodonagrevatelej-murmansk,remont-vodonagrevatelej-murmansk,Ремонт водонагревателей в Мурманске | ПроМастер,Ремонт водонагревателей в Мурманске с выездом на дом. Ремонт бойлеров и проточных водонагревателей. Гарантия на работы. Звоните!
Мурманск,Ремонт кофемашин,remont-kofemashin,+7 (969) 999-24-97,https://master-na-dom.online/remont-kofemashin-murmansk,remont-kofemashin-murmansk,Ремонт кофемашин в Мурманске | ПроМастер,"Ремонт кофемашин в Мурманске с выездом на дом. DeLonghi, Saeco, Bosch, Jura и другие марки. Диагностика бесплатно. Звоните!"
Мурманск,Дезинфекция,dezinfekciya,+7 (984) 333-32-49,https://master-na-dom.online/dezinfekciya-murmansk,dezinfekciya-murmansk,Дезинфекция в Мурманске — вызов мастера на дом | ПроМастер,"Дезинфекция в Мурманске с выездом на дом. Уничтожение насекомых, грызунов и плесени. Безопасные препараты, гарантия результата. Звоните!"
Мурманск,Электрик,elektrik,+7 (984) 333-32-49,https://master-na-dom.online/elektrik-murmansk,elektrik-murmansk,Электрик в Мурманске | ПроМастер,"Электрик в Мурманске с выездом на дом. Замена проводки, установка розеток, поиск неисправностей. Гарантия на работы. Звоните!"
Мурманск,Сантехник,santehnik,+7 (984) 333-32-49,https://master-na-dom.online/santehnik-murmansk,santehnik-murmansk,Сантехник в Мурманске | ПроМастер,"Сантехник в Мурманске с выездом на дом. Устранение протечек, замена смесителей, прочистка канализации. Гарантия на работы. Звоните!"
Мурманск,Мастер на час,master-na-chas,+7 (984) 333-32-49,https://master-na-dom.online/master-na-chas-murmansk,master-na-chas-murmansk,Мастер на час в Мурманске | ПроМастер,"Мастер на час в Мурманске с выездом на дом. Мелкий ремонт, сборка мебели, навешивание полок. Выезд за 30 минут. Звоните!"
Мурманск,Ремонт окон,remont-okon,+7 (984) 333-32-49,https://master-na-dom.online/remont-okon-murmansk,remont-okon-murmansk,Ремонт окон в Мурманске | ПроМастер,"Ремонт окон в Мурманске с выездом на дом. Регулировка фурнитуры, замена уплотнителя, устранение продувания. Звоните!"
Мурманск,Клининг,klining,+7 (984) 333-32-49,https://master-na-dom.online/klining-murmansk,klining-murmansk,Клининг в Мурманске — вызов мастера на дом | ПроМастер,"Клининг в Мурманске с выездом на дом. Генеральная уборка, уборка после ремонта, мытьё окон. Профессиональная химия и оборудование. Звоните!"
Мурманск,Сборка мебели,sborka-mebeli,+7 (984) 333-32-49,https://master-na-dom.online/sborka-mebeli-murmansk,sborka-mebeli-murmansk,Сборка мебели в Мурманске — вызов мастера на дом | ПроМастер,"Сборка мебели в Мурманске с выездом на дом. Сборка шкафов, кухонь, кроватей и стеллажей. Аккуратно и со своим инструментом. Звоните!"
Нижний Тагил,Ремонт стиральных машин,remont-stiralnyh-mashin,+7 (969) 999-24-97,https://master-na-dom.online/remont-stiralnyh-mashin-nizhniy-tagil,remont-stiralnyh-mashin-nizhniy-tagil,Ремонт стиральных машин в Нижнем Тагиле | ПроМастер,"Ремонт стиральных машин в Нижнем Тагиле с выездом на дом. Samsung, LG, Bosch, Indesit и другие марки. Диагностика бесплатно. Гарантия на ремонт. Звоните!"
Нижний Тагил,Ремонт холодильников,remont-holodilnikov,+7 (969) 999-24-97,https://master-na-dom.online/remont-holodilnikov-nizhniy-tagil,remont-holodilnikov-nizhniy-tagil,Ремонт холодильников в Нижнем Тагиле | ПроМастер,"Ремонт холодильников в Нижнем Тагиле с выездом на дом. Samsung, LG, Bosch, Atlant и другие марки. Диагностика бесплатно. Гарантия на ремонт. Звоните!"
Нижний Тагил,Ремонт посудомоечных машин,remont-pmm,+7 (969) 999-24-97,https://master-na-dom.online/remont-pmm-nizhniy-tagil,remont-pmm-nizhniy-tagil,Ремонт посудомоечных машин в Нижнем Тагиле | ПроМастер,"Ремонт посудомоечных машин в Нижнем Тагиле с выездом на дом. Bosch, Siemens, Electrolux и другие марки. Диагностика бесплатно. Звоните!"
Нижний Тагил,Ремонт кондиционеров,remont-kondicionerov,+7 (969) 999-24-97,https://master-na-dom.online/remont-kondicionerov-nizhniy-tagil,remont-kondicionerov-nizhniy-tagil,Ремонт кондиционеров в Нижнем Тагиле | ПроМастер,"Ремонт кондиционеров в Нижнем Тагиле с выездом на дом. Обслуживание, заправка фреоном, ремонт сплит-систем. Гарантия на работы. Звоните!"
Нижний Тагил,Компьютерная помощь,kp,+7 (986) 089-07-04,https://master-na-dom.online/kp-nizhniy-tagil,kp-nizhniy-tagil,Компьютерная помощь в Нижнем Тагиле | ПроМастер,"Компьютерная помощь в Нижнем Тагиле с выездом на дом. Настройка ПК, удаление вирусов, восстановление данных. Выезд мастера на дом. Звоните!"
Нижний Тагил,Ремонт телевизоров,remont-televizorov,+7 (986) 089-07-04,https://master-na-dom.online/remont-televizorov-nizhniy-tagil,remont-televizorov-nizhniy-tagil,Ремонт телевизоров в Нижнем Тагиле | ПроМастер,"Ремонт телевизоров в Нижнем Тагиле с выездом на дом. Ремонт LED, OLED, Smart TV. Диагностика бесплатно. Гарантия на ремонт. Звоните!"
Нижний Тагил,Ремонт варочных панелей,remont-varochnyh-panelej,+7 (969) 999-24-97,https://master-na-dom.online/remont-varochnyh-panelej-nizhniy-tagil,remont-varochnyh-panelej-nizhniy-tagil,Ремонт варочных панелей в Нижнем Тагиле | ПроМастер,"Ремонт варочных панелей в Нижнем Тагиле с выездом на дом. Индукционные, электрические и газовые панели. Гарантия на ремонт. Звоните!"
Нижний Тагил,Ремонт духовых шкафов,remont-duhovyh-shkafov,+7 (969) 999-24-97,https://master-na-dom.online/remont-duhovyh-shkafov-nizhniy-tagil,remont-duhovyh-shkafov-nizhniy-tagil,Ремонт духовых шкафов в Нижнем Тагиле | ПроМастер,Ремонт духовых шкафов в Нижнем Тагиле с выездом на дом. Электрические и газовые духовки. Диагностика бесплатно. Звоните!
Нижний Тагил,Ремонт водонагревателей,remont-vodonagrevatelej,+7 (969) 999-24-97,https://master-na-dom.online/remont-vodonagrevatelej-nizhniy-tagil,remont-vodonagrevatelej-nizhniy-tagil,Ремонт водонагревателей в Нижнем Тагиле | ПроМастер,Ремонт водонагревателей в Нижнем Тагиле с выездом на дом. Ремонт бойлеров и проточных водонагревателей. Гарантия на работы. Звоните!
Нижний Тагил,Ремонт кофемашин,remont-kofemashin,+7 (969) 999-24-97,https://master-na-dom.online/remont-kofemashin-nizhniy-tagil,remont-kofemashin-nizhniy-tagil,Ремонт кофемашин в Нижнем Тагиле | ПроМастер,"Ремонт кофемашин в Нижнем Тагиле с выездом на дом. DeLonghi, Saeco, Bosch, Jura и другие марки. Диагностика бесплатно. Звоните!"
Нижний Тагил,Дезинфекция,dezinfekciya,+7 (984) 333-32-49,https://master-na-dom.online/dezinfekciya-nizhniy-tagil,dezinfekciya-nizhniy-tagil,Дезинфекция в Нижнем Тагиле — вызов мастера на дом | ПроМастер,"Дезинфекция в Нижнем Тагиле с выездом на дом. Уничтожение насекомых, грызунов и плесени. Безопасные препараты, гарантия результата. Звоните!"
Нижний Тагил,Электрик,elektrik,+7 (984) 333-32-49,https://master-na-dom.online/elektrik-nizhniy-tagil,elektrik-nizhniy-tagil,Электрик в Нижнем Тагиле | ПроМастер,"Электрик в Нижнем Тагиле с выездом на дом. Замена проводки, установка розеток, поиск неисправностей. Гарантия на работы. Звоните!"
Нижний Тагил,Сантехник,santehnik,+7 (984) 333-32-49,https://master-na-dom.online/santehnik-nizhniy-tagil,santehnik-nizhniy-tagil,Сантехник в Нижнем Тагиле | ПроМастер,"Сантехник в Нижнем Тагиле с выездом на дом. Устранение протечек, замена смесителей, прочистка канализации. Гарантия на работы. Звоните!"
Нижний Тагил,Мастер на час,master-na-chas,+7 (984) 333-32-49,https://master-na-dom.online/master-na-chas-nizhniy-tagil,master-na-chas-nizhniy-tagil,Мастер на час в Нижнем Тагиле | ПроМастер,"Мастер на час в Нижнем Тагиле с выездом на дом. Мелкий ремонт, сборка мебели, навешивание полок. Выезд за 30 минут. Звоните!"
Нижний Тагил,Ремонт окон,remont-okon,+7 (984) 333-32-49,https://master-na-dom.online/remont-okon-nizhniy-tagil,remont-okon-nizhniy-tagil,Ремонт окон в Нижнем Тагиле | ПроМастер,"Ремонт окон в Нижнем Тагиле с выездом на дом. Регулировка фурнитуры, замена уплотнителя, устранение продувания. Звоните!"
Нижний Тагил,Клининг,klining,+7 (984) 333-32-49,https://master-na-dom.online/klining-nizhniy-tagil,klining-nizhniy-tagil,Клининг в Нижнем Тагиле — вызов мастера на дом | ПроМастер,"Клининг в Нижнем Тагиле с выездом на дом. Генеральная уборка, уборка после ремонта, мытьё окон. Профессиональная химия и оборудование. Звоните!"
Нижний Тагил,Сборка мебели,sborka-mebeli,+7 (984) 333-32-49,https://master-na-dom.online/sborka-mebeli-nizhniy-tagil,sborka-mebeli-nizhniy-tagil,Сборка мебели в Нижнем Тагиле — вызов мастера на дом | ПроМастер,"Сборка мебели в Нижнем Тагиле с выездом на дом. Сборка шкафов, кухонь, кроватей и стеллажей. Аккуратно и со своим инструментом. Звоните!"
Новоалтайск,Ремонт стиральных машин,remont-stiralnyh-mashin,+7 (969) 999-24-97,https://master-na-dom.online/remont-stiralnyh-mashin-novoaltaysk,remont-stiralnyh-mashin-novoaltaysk,Ремонт стиральных машин в Новоалтайске | ПроМастер,"Ремонт стиральных машин в Новоалтайске с выездом на дом. Samsung, LG, Bosch, Indesit и другие марки. Диагностика бесплатно. Гарантия на ремонт. Звоните!"
Новоалтайск,Ремонт холодильников,remont-holodilnikov,+7 (969) 999-24-97,https://master-na-dom.online/remont-holodilnikov-novoaltaysk,remont-holodilnikov-novoaltaysk,Ремонт холодильников в Новоалтайске | ПроМастер,"Ремонт холодильников в Новоалтайске с выездом на дом. Samsung, LG, Bosch, Atlant и другие марки. Диагностика бесплатно. Гарантия на ремонт. Звоните!"
Новоалтайск,Ремонт посудомоечных машин,remont-pmm,+7 (969) 999-24-97,https://master-na-dom.online/remont-pmm-novoaltaysk,remont-pmm-novoaltaysk,Ремонт посудомоечных машин в Новоалтайске | ПроМастер,"Ремонт посудомоечных машин в Новоалтайске с выездом на дом. Bosch, Siemens, Electrolux и другие марки. Диагностика бесплатно. Звоните!"
Новоалтайск,Ремонт кондиционеров,remont-kondicionerov,+7 (969) 999-24-97,https://master-na-dom.online/remont-kondicionerov-novoaltaysk,remont-kondicionerov-novoaltaysk,Ремонт кондиционеров в Новоалтайске | ПроМастер,"Ремонт кондиционеров в Новоалтайске с выездом на дом. Обслуживание, заправка фреоном, ремонт сплит-систем. Гарантия на работы. Звоните!"
Новоалтайск,Компьютерная помощь,kp,+7 (986) 089-07-04,https://master-na-dom.online/kp-novoaltaysk,kp-novoaltaysk,Компьютерная помощь в Новоалтайске | ПроМастер,"Компьютерная помощь в Новоалтайске с выездом на дом. Настройка ПК, удаление вирусов, восстановление данных. Выезд мастера на дом. Звоните!"
Новоалтайск,Ремонт телевизоров,remont-televizorov,+7 (986) 089-07-04,https://master-na-dom.online/remont-televizorov-novoaltaysk,remont-televizorov-novoaltaysk,Ремонт телевизоров в Новоалтайске | ПроМастер,"Ремонт телевизоров в Новоалтайске с выездом на дом. Ремонт LED, OLED, Smart TV. Диагностика бесплатно. Гарантия на ремонт. Звоните!"
Новоалтайск,Ремонт варочных панелей,remont-varochnyh-panelej,+7 (969) 999-24-97,https://master-na-dom.online/remont-varochnyh-panelej-novoaltaysk,remont-varochnyh-panelej-novoaltaysk,Ремонт варочных панелей в Новоалтайске | ПроМастер,"Ремонт варочных панелей в Новоалтайске с выездом на дом. Индукционные, электрические и газовые панели. Гарантия на ремонт. Звоните!"
Новоалтайск,Ремонт духовых шкафов,remont-duhovyh-shkafov,+7 (969) 999-24-97,https://master-na-dom.online/remont-duhovyh-shkafov-novoaltaysk,remont-duhovyh-shkafov-novoaltaysk,Ремонт духовых шкафов в Новоалтайске | ПроМастер,Ремонт духовых шкафов в Новоалтайске с выездом на дом. Электрические и газовые духовки. Диагностика бесплатно. Звоните!
Новоалтайск,Ремонт водонагревателей,remont-vodonagrevatelej,+7 (969) 999-24-97,https://master-na-dom.online/remont-vodonagrevatelej-novoaltaysk,remont-vodonagrevatelej-novoaltaysk,Ремонт водонагревателей в Новоалтайске | ПроМастер,Ремонт водонагревателей в Новоалтайске с выездом на дом. Ремонт бойлеров и проточных водонагревателей. Гарантия на работы. Звоните!
Новоалтайск,Ремонт кофемашин,remont-kofemashin,+7 (969) 999-24-97,https://master-na-dom.online/remont-kofemashin-novoaltaysk,remont-kofemashin-novoaltaysk,Ремонт кофемашин в Новоалтайске | ПроМастер,"Ремонт кофемашин в Новоалтайске с выездом на дом. DeLonghi, Saeco, Bosch, Jura и другие марки. Диагностика бесплатно. Звоните!"
Новоалтайск,Дезинфекция,dezinfekciya,+7 (984) 333-32-49,https://master-na-dom.online/dezinfekciya-novoaltaysk,dezinfekciya-novoaltaysk,Дезинфекция в Новоалтайске — вызов мастера на дом | ПроМастер,"Дезинфекция в Новоалтайске с выездом на дом. Уничтожение насекомых, грызунов и плесени. Безопасные препараты, гарантия результата. Звоните!"
Новоалтайск,Электрик,elektrik,+7 (984) 333-32-49,https://master-na-dom.online/elektrik-novoaltaysk,elektrik-novoaltaysk,Электрик в Новоалтайске | ПроМастер,"Электрик в Новоалтайске с выездом на дом. Замена проводки, установка розеток, поиск неисправностей. Гарантия на работы. Звоните!"
Новоалтайск,Сантехник,santehnik,+7 (984) 333-32-49,https://master-na-dom.online/santehnik-novoaltaysk,santehnik-novoaltaysk,Сантехник в Новоалтайске | ПроМастер,"Сантехник в Новоалтайске с выездом на дом. Устранение протечек, замена смесителей, прочистка канализации. Гарантия на работы. Звоните!"
Новоалтайск,Мастер на час,master-na-chas,+7 (984) 333-32-49,https://master-na-dom.online/master-na-chas-novoaltaysk,master-na-chas-novoaltaysk,Мастер на час в Новоалтайске | ПроМастер,"Мастер на час в Новоалтайске с выездом на дом. Мелкий ремонт, сборка мебели, навешивание полок. Выезд за 30 минут. Звоните!"
Новоалтайск,Ремонт окон,remont-okon,+7 (984) 333-32-49,https://master-na-dom.online/remont-okon-novoaltaysk,remont-okon-novoaltaysk,Ремонт окон в Новоалтайске | ПроМастер,"Ремонт окон в Новоалтайске с выездом на дом. Регулировка фурнитуры, замена уплотнителя, устранение продувания. Звоните!"
Новоалтайск,Клининг,klining,+7 (984) 333-32-49,https://master-na-dom.online/klining-novoaltaysk,klining-novoaltaysk,Клининг в Новоалтайске — вызов мастера на дом | ПроМастер,"Клининг в Новоалтайске с выездом на дом. Генеральная уборка, уборка после ремонта, мытьё окон. Профессиональная химия и оборудование. Звоните!"
Новоалтайск,Сборка мебели,sborka-mebeli,+7 (984) 333-32-49,https://master-na-dom.online/sborka-mebeli-novoaltaysk,sborka-mebeli-novoaltaysk,Сборка мебели в Новоалтайске — вызов мастера на дом | ПроМастер,"Сборка мебели в Новоалтайске с выездом на дом. Сборка шкафов, кухонь, кроватей и стеллажей. Аккуратно и со своим инструментом. Звоните!"
Новокузнецк,Ремонт стиральных машин,remont-stiralnyh-mashin,+7 (969) 999-24-97,https://master-na-dom.online/remont-stiralnyh-mashin-novokuznetsk,remont-stiralnyh-mashin-novokuznetsk,Ремонт стиральных машин в Новокузнецке | ПроМастер,"Ремонт стиральных машин в Новокузнецке с выездом на дом. Samsung, LG, Bosch, Indesit и другие марки. Диагностика бесплатно. Гарантия на ремонт. Звоните!"
Новокузнецк,Ремонт холодильников,remont-holodilnikov,+7 (969) 999-24-97,https://master-na-dom.online/remont-holodilnikov-novokuznetsk,remont-holodilnikov-novokuznetsk,Ремонт холодильников в Новокузнецке | ПроМастер,"Ремонт холодильников в Новокузнецке с выездом на дом. Samsung, LG, Bosch, Atlant и другие марки. Диагностика бесплатно. Гарантия на ремонт. Звоните!"
Новокузнецк,Ремонт посудомоечных машин,remont-pmm,+7 (969) 999-24-97,https://master-na-dom.online/remont-pmm-novokuznetsk,remont-pmm-novokuznetsk,Ремонт посудомоечных машин в Новокузнецке | ПроМастер,"Ремонт посудомоечных машин в Новокузнецке с выездом на дом. Bosch, Siemens, Electrolux и другие марки. Диагностика бесплатно. Звоните!"
Новокузнецк,Ремонт кондиционеров,remont-kondicionerov,+7 (969) 999-24-97,https://master-na-dom.online/remont-kondicionerov-novokuznetsk,remont-kondicionerov-novokuznetsk,Ремонт кондиционеров в Новокузнецке | ПроМастер,"Ремонт кондиционеров в Новокузнецке с выездом на дом. Обслуживание, заправка фреоном, ремонт сплит-систем. Гарантия на работы. Звоните!"
Новокузнецк,Компьютерная помощь,kp,+7 (986) 089-07-04,https://master-na-dom.online/kp-novokuznetsk,kp-novokuznetsk,Компьютерная помощь в Новокузнецке | ПроМастер,"Компьютерная помощь в Новокузнецке с выездом на дом. Настройка ПК, удаление вирусов, восстановление данных. Выезд мастера на дом. Звоните!"
Новокузнецк,Ремонт телевизоров,remont-televizorov,+7 (986) 089-07-04,https://master-na-dom.online/remont-televizorov-novokuznetsk,remont-televizorov-novokuznetsk,Ремонт телевизоров в Новокузнецке | ПроМастер,"Ремонт телевизоров в Новокузнецке с выездом на дом. Ремонт LED, OLED, Smart TV. Диагностика бесплатно. Гарантия на ремонт. Звоните!"
Новокузнецк,Ремонт варочных панелей,remont-varochnyh-panelej,+7 (969) 999-24-97,https://master-na-dom.online/remont-varochnyh-panelej-novokuznetsk,remont-varochnyh-panelej-novokuznetsk,Ремонт варочных панелей в Новокузнецке | ПроМастер,"Ремонт варочных панелей в Новокузнецке с выездом на дом. Индукционные, электрические и газовые панели. Гарантия на ремонт. Звоните!"
Новокузнецк,Ремонт духовых шкафов,remont-duhovyh-shkafov,+7 (969) 999-24-97,https://master-na-dom.online/remont-duhovyh-shkafov-novokuznetsk,remont-duhovyh-shkafov-novokuznetsk,Ремонт духовых шкафов в Новокузнецке | ПроМастер,Ремонт духовых шкафов в Новокузнецке с выездом на дом. Электрические и газовые духовки. Диагностика бесплатно. Звоните!
Новокузнецк,Ремонт водонагревателей,remont-vodonagrevatelej,+7 (969) 999-24-97,https://master-na-dom.online/remont-vodonagrevatelej-novokuznetsk,remont-vodonagrevatelej-novokuznetsk,Ремонт водонагревателей в Новокузнецке | ПроМастер,Ремонт водонагревателей в Новокузнецке с выездом на дом. Ремонт бойлеров и проточных водонагревателей. Гарантия на работы. Звоните!
Новокузнецк,Ремонт кофемашин,remont-kofemashin,+7 (969) 999-24-97,https://master-na-dom.online/remont-kofemashin-novokuznetsk,remont-kofemashin-novokuznetsk,Ремонт кофемашин в Новокузнецке | ПроМастер,"Ремонт кофемашин в Новокузнецке с выездом на дом. DeLonghi, Saeco, Bosch, Jura и другие марки. Диагностика бесплатно. Звоните!"
Новокузнецк,Дезинфекция,dezinfekciya,+7 (984) 333-32-49,https://master-na-dom.online/dezinfekciya-novokuznetsk,dezinfekciya-novokuznetsk,Дезинфекция в Новокузнецке — вызов мастера на дом | ПроМастер,"Дезинфекция в Новокузнецке с выездом на дом. Уничтожение насекомых, грызунов и плесени. Безопасные препараты, гарантия результата. Звоните!"
Новокузнецк,Электрик,elektrik,+7 (984) 333-32-49,https://master-na-dom.online/elektrik-novokuznetsk,elektrik-novokuznetsk,Электрик в Новокузнецке | ПроМастер,"Электрик в Новокузнецке с выездом на дом. Замена проводки, установка розеток, поиск неисправностей. Гарантия на работы. Звоните!"
Новокузнецк,Сантехник,santehnik,+7 (984) 333-32-49,https://master-na-dom.online/santehnik-novokuznetsk,santehnik-novokuznetsk,Сантехник в Новокузнецке | ПроМастер,"Сантехник в Новокузнецке с выездом на дом. Устранение протечек, замена смесителей, прочистка канализации. Гарантия на работы. Звоните!"
Новокузнецк,Мастер на час,master-na-chas,+7 (984) 333-32-49,https://master-na-dom.online/master-na-chas-novokuznetsk,master-na-chas-novokuznetsk,Мастер на час в Новокузнецке | ПроМастер,"Мастер на час в Новокузнецке с выездом на дом. Мелкий ремонт, сборка мебели, навешивание полок. Выезд за 30 минут. Звоните!"
Новокузнецк,Ремонт окон,remont-okon,+7 (984) 333-32-49,https://master-na-dom.online/remont-okon-novokuznetsk,remont-okon-novokuznetsk,Ремонт окон в Новокузнецке | ПроМастер,"Ремонт окон в Новокузнецке с выездом на дом. Регулировка фурнитуры, замена уплотнителя, устранение продувания. Звоните!"
Новокузнецк,Клининг,klining,+7 (984) 333-32-49,https://master-na-dom.online/klining-novokuznetsk,klining-novokuznetsk,Клининг в Новокузнецке — вызов мастера на дом | ПроМастер,"Клининг в Новокузнецке с выездом на дом. Генеральная уборка, уборка после ремонта, мытьё окон. Профессиональная химия и оборудование. Звоните!"
Новокузнецк,Сборка мебели,sborka-mebeli,+7 (984) 333-32-49,https://master-na-dom.online/sborka-mebeli-novokuznetsk,sborka-mebeli-novokuznetsk,Сборка мебели в Новокузнецке — вызов мастера на дом | ПроМастер,"Сборка мебели в Новокузнецке с выездом на дом. Сборка шкафов, кухонь, кроватей и стеллажей. Аккуратно и со своим инструментом. Звоните!"
Новомосковск,Ремонт стиральных машин,remont-stiralnyh-mashin,+7 (969) 999-24-97,https://master-na-dom.online/remont-stiralnyh-mashin-novomoskovsk,remont-stiralnyh-mashin-novomoskovsk,Ремонт стиральных машин в Новомосковске | ПроМастер,"Ремонт стиральных машин в Новомосковске с выездом на дом. Samsung, LG, Bosch, Indesit и другие марки. Диагностика бесплатно. Гарантия на ремонт. Звоните!"
Новомосковск,Ремонт холодильников,remont-holodilnikov,+7 (969) 999-24-97,https://master-na-dom.online/remont-holodilnikov-novomoskovsk,remont-holodilnikov-novomoskovsk,Ремонт холодильников в Новомосковске | ПроМастер,"Ремонт холодильников в Новомосковске с выездом на дом. Samsung, LG, Bosch, Atlant и другие марки. Диагностика бесплатно. Гарантия на ремонт. Звоните!"
Новомосковск,Ремонт посудомоечных машин,remont-pmm,+7 (969) 999-24-97,https://master-na-dom.online/remont-pmm-novomoskovsk,remont-pmm-novomoskovsk,Ремонт посудомоечных машин в Новомосковске | ПроМастер,"Ремонт посудомоечных машин в Новомосковске с выездом на дом. Bosch, Siemens, Electrolux и другие марки. Диагностика бесплатно. Звоните!"
Новомосковск,Ремонт кондиционеров,remont-kondicionerov,+7 (969) 999-24-97,https://master-na-dom.online/remont-kondicionerov-novomoskovsk,remont-kondicionerov-novomoskovsk,Ремонт кондиционеров в Новомосковске | ПроМастер,"Ремонт кондиционеров в Новомосковске с выездом на дом. Обслуживание, заправка фреоном, ремонт сплит-систем. Гарантия на работы. Звоните!"
Новомосковск,Компьютерная помощь,kp,+7 (986) 089-07-04,https://master-na-dom.online/kp-novomoskovsk,kp-novomoskovsk,Компьютерная помощь в Новомосковске | ПроМастер,"Компьютерная помощь в Новомосковске с выездом на дом. Настройка ПК, удаление вирусов, восстановление данных. Выезд мастера на дом. Звоните!"
Новомосковск,Ремонт телевизоров,remont-televizorov,+7 (986) 089-07-04,https://master-na-dom.online/remont-televizorov-novomoskovsk,remont-televizorov-novomoskovsk,Ремонт телевизоров в Новомосковске | ПроМастер,"Ремонт телевизоров в Новомосковске с выездом на дом. Ремонт LED, OLED, Smart TV. Диагностика бесплатно. Гарантия на ремонт. Звоните!"
Новомосковск,Ремонт варочных панелей,remont-varochnyh-panelej,+7 (969) 999-24-97,https://master-na-dom.online/remont-varochnyh-panelej-novomoskovsk,remont-varochnyh-panelej-novomoskovsk,Ремонт варочных панелей в Новомосковске | ПроМастер,"Ремонт варочных панелей в Новомосковске с выездом на дом. Индукционные, электрические и газовые панели. Гарантия на ремонт. Звоните!"
Новомосковск,Ремонт духовых шкафов,remont-duhovyh-shkafov,+7 (969) 999-24-97,https://master-na-dom.online/remont-duhovyh-shkafov-novomoskovsk,remont-duhovyh-shkafov-novomoskovsk,Ремонт духовых шкафов в Новомосковске | ПроМастер,Ремонт духовых шкафов в Новомосковске с выездом на дом. Электрические и газовые духовки. Диагностика бесплатно. Звоните!
Новомосковск,Ремонт водонагревателей,remont-vodonagrevatelej,+7 (969) 999-24-97,https://master-na-dom.online/remont-vodonagrevatelej-novomoskovsk,remont-vodonagrevatelej-novomoskovsk,Ремонт водонагревателей в Новомосковске | ПроМастер,Ремонт водонагревателей в Новомосковске с выездом на дом. Ремонт бойлеров и проточных водонагревателей. Гарантия на работы. Звоните!
Новомосковск,Ремонт кофемашин,remont-kofemashin,+7 (969) 999-24-97,https://master-na-dom.online/remont-kofemashin-novomoskovsk,remont-kofemashin-novomoskovsk,Ремонт кофемашин в Новомосковске | ПроМастер,"Ремонт кофемашин в Новомосковске с выездом на дом. DeLonghi, Saeco, Bosch, Jura и другие марки. Диагностика бесплатно. Звоните!"
Новомосковск,Дезинфекция,dezinfekciya,+7 (984) 333-32-49,https://master-na-dom.online/dezinfekciya-novomoskovsk,dezinfekciya-novomoskovsk,Дезинфекция в Новомосковске — вызов мастера на дом | ПроМастер,"Дезинфекция в Новомосковске с выездом на дом. Уничтожение насекомых, грызунов и плесени. Безопасные препараты, гарантия результата. Звоните!"
Новомосковск,Электрик,elektrik,+7 (984) 333-32-49,https://master-na-dom.online/elektrik-novomoskovsk,elektrik-novomoskovsk,Электрик в Новомосковске | ПроМастер,"Электрик в Новомосковске с выездом на дом. Замена проводки, установка розеток, поиск неисправностей. Гарантия на работы. Звоните!"
Новомосковск,Сантехник,santehnik,+7 (984) 333-32-49,https://master-na-dom.online/santehnik-novomoskovsk,santehnik-novomoskovsk,Сантехник в Новомосковске | ПроМастер,"Сантехник в Новомосковске с выездом на дом. Устранение протечек, замена смесителей, прочистка канализации. Гарантия на работы. Звоните!"
Новомосковск,Мастер на час,master-na-chas,+7 (984) 333-32-49,https://master-na-dom.online/master-na-chas-novomoskovsk,master-na-chas-novomoskovsk,Мастер на час в Новомосковске | ПроМастер,"Мастер на час в Новомосковске с выездом на дом. Мелкий ремонт, сборка мебели, навешивание полок. Выезд за 30 минут. Звоните!"
Новомосковск,Ремонт окон,remont-okon,+7 (984) 333-32-49,https://master-na-dom.online/remont-okon-novomoskovsk,remont-okon-novomoskovsk,Ремонт окон в Новомосковске | ПроМастер,"Ремонт окон в Новомосковске с выездом на дом. Регулировка фурнитуры, замена уплотнителя, устранение продувания. Звоните!"
Новомосковск,Клининг,klining,+7 (984) 333-32-49,https://master-na-dom.online/klining-novomoskovsk,klining-novomoskovsk,Клининг в Новомосковске — вызов мастера на дом | ПроМастер,"Клининг в Новомосковске с выездом на дом. Генеральная уборка, уборка после ремонта, мытьё окон. Профессиональная химия и оборудование. Звоните!"
Новомосковск,Сборка мебели,sborka-mebeli,+7 (984) 333-32-49,https://master-na-dom.online/sborka-mebeli-novomoskovsk,sborka-mebeli-novomoskovsk,Сборка мебели в Новомосковске — вызов мастера на дом | ПроМастер,"Сборка мебели в Новомосковске с выездом на дом. Сборка шкафов, кухонь, кроватей и стеллажей. Аккуратно и со своим инструментом. Звоните!"
Новочеркасск,Ремонт стиральных машин,remont-stiralnyh-mashin,+7 (969) 999-24-97,https://master-na-dom.online/remont-stiralnyh-mashin-novocherkassk,remont-stiralnyh-mashin-novocherkassk,Ремонт стиральных машин в Новочеркасске | ПроМастер,"Ремонт стиральных машин в Новочеркасске с выездом на дом. Samsung, LG, Bosch, Indesit и другие марки. Диагностика бесплатно. Гарантия на ремонт. Звоните!"
Новочеркасск,Ремонт холодильников,remont-holodilnikov,+7 (969) 999-24-97,https://master-na-dom.online/remont-holodilnikov-novocherkassk,remont-holodilnikov-novocherkassk,Ремонт холодильников в Новочеркасске | ПроМастер,"Ремонт холодильников в Новочеркасске с выездом на дом. Samsung, LG, Bosch, Atlant и другие марки. Диагностика бесплатно. Гарантия на ремонт. Звоните!"
Новочеркасск,Ремонт посудомоечных машин,remont-pmm,+7 (969) 999-24-97,https://master-na-dom.online/remont-pmm-novocherkassk,remont-pmm-novocherkassk,Ремонт посудомоечных машин в Новочеркасске | ПроМастер,"Ремонт посудомоечных машин в Новочеркасске с выездом на дом. Bosch, Siemens, Electrolux и другие марки. Диагностика бесплатно. Звоните!"
Новочеркасск,Ремонт кондиционеров,remont-kondicionerov,+7 (969) 999-24-97,https://master-na-dom.online/remont-kondicionerov-novocherkassk,remont-kondicionerov-novocherkassk,Ремонт кондиционеров в Новочеркасске | ПроМастер,"Ремонт кондиционеров в Новочеркасске с выездом на дом. Обслуживание, заправка фреоном, ремонт сплит-систем. Гарантия на работы. Звоните!"
Новочеркасск,Компьютерная помощь,kp,+7 (986) 089-07-04,https://master-na-dom.online/kp-novocherkassk,kp-novocherkassk,Компьютерная помощь в Новочеркасске | ПроМастер,"Компьютерная помощь в Новочеркасске с выездом на дом. Настройка ПК, удаление вирусов, восстановление данных. Выезд мастера на дом. Звоните!"
Новочеркасск,Ремонт телевизоров,remont-televizorov,+7 (986) 089-07-04,https://master-na-dom.online/remont-televizorov-novocherkassk,remont-televizorov-novocherkassk,Ремонт телевизоров в Новочеркасске | ПроМастер,"Ремонт телевизоров в Новочеркасске с выездом на дом. Ремонт LED, OLED, Smart TV. Диагностика бесплатно. Гарантия на ремонт. Звоните!"
Новочеркасск,Ремонт варочных панелей,remont-varochnyh-panelej,+7 (969) 999-24-97,https://master-na-dom.online/remont-varochnyh-panelej-novocherkassk,remont-varochnyh-panelej-novocherkassk,Ремонт варочных панелей в Новочеркасске | ПроМастер,"Ремонт варочных панелей в Новочеркасске с выездом на дом. Индукционные, электрические и газовые панели. Гарантия на ремонт. Звоните!"
Новочеркасск,Ремонт духовых шкафов,remont-duhovyh-shkafov,+7 (969) 999-24-97,https://master-na-dom.online/remont-duhovyh-shkafov-novocherkassk,remont-duhovyh-shkafov-novocherkassk,Ремонт духовых шкафов в Новочеркасске | ПроМастер,Ремонт духовых шкафов в Новочеркасске с выездом на дом. Электрические и газовые духовки. Диагностика бесплатно. Звоните!
Новочеркасск,Ремонт водонагревателей,remont-vodonagrevatelej,+7 (969) 999-24-97,https://master-na-dom.online/remont-vodonagrevatelej-novocherkassk,remont-vodonagrevatelej-novocherkassk,Ремонт водонагревателей в Новочеркасске | ПроМастер,Ремонт водонагревателей в Новочеркасске с выездом на дом. Ремонт бойлеров и проточных водонагревателей. Гарантия на работы. Звоните!
Новочеркасск,Ремонт кофемашин,remont-kofemashin,+7 (969) 999-24-97,https://master-na-dom.online/remont-kofemashin-novocherkassk,remont-kofemashin-novocherkassk,Ремонт кофемашин в Новочеркасске | ПроМастер,"Ремонт кофемашин в Новочеркасске с выездом на дом. DeLonghi, Saeco, Bosch, Jura и другие марки. Диагностика бесплатно. Звоните!"
Новочеркасск,Дезинфекция,dezinfekciya,+7 (984) 333-32-49,https://master-na-dom.online/dezinfekciya-novocherkassk,dezinfekciya-novocherkassk,Дезинфекция в Новочеркасске — вызов мастера на дом | ПроМастер,"Дезинфекция в Новочеркасске с выездом на дом. Уничтожение насекомых, грызунов и плесени. Безопасные препараты, гарантия результата. Звоните!"
Новочеркасск,Электрик,elektrik,+7 (984) 333-32-49,https://master-na-dom.online/elektrik-novocherkassk,elektrik-novocherkassk,Электрик в Новочеркасске | ПроМастер,"Электрик в Новочеркасске с выездом на дом. Замена проводки, установка розеток, поиск неисправностей. Гарантия на работы. Звоните!"
Новочеркасск,Сантехник,santehnik,+7 (984) 333-32-49,https://master-na-dom.online/santehnik-novocherkassk,santehnik-novocherkassk,Сантехник в Новочеркасске | ПроМастер,"Сантехник в Новочеркасске с выездом на дом. Устранение протечек, замена смесителей, прочистка канализации. Гарантия на работы. Звоните!"
Новочеркасск,Мастер на час,master-na-chas,+7 (984) 333-32-49,https://master-na-dom.online/master-na-chas-novocherkassk,master-na-chas-novocherkassk,Мастер на час в Новочеркасске | ПроМастер,"Мастер на час в Новочеркасске с выездом на дом. Мелкий ремонт, сборка мебели, навешивание полок. Выезд за 30 минут. Звоните!"
Новочеркасск,Ремонт окон,remont-okon,+7 (984) 333-32-49,https://master-na-dom.online/remont-okon-novocherkassk,remont-okon-novocherkassk,Ремонт окон в Новочеркасске | ПроМастер,"Ремонт окон в Новочеркасске с выездом на дом. Регулировка фурнитуры, замена уплотнителя, устранение продувания. Звоните!"
Новочеркасск,Клининг,klining,+7 (984) 333-32-49,https://master-na-dom.online/klining-novocherkassk,klining-novocherkassk,Клининг в Новочеркасске — вызов мастера на дом | ПроМастер,"Клининг в Новочеркасске с выездом на дом. Генеральная уборка, уборка после ремонта, мытьё окон. Профессиональная химия и оборудование. Звоните!"
Новочеркасск,Сборка мебели,sborka-mebeli,+7 (984) 333-32-49,https://master-na-dom.online/sborka-mebeli-novocherkassk,sborka-mebeli-novocherkassk,Сборка мебели в Новочеркасске — вызов мастера на дом | ПроМастер,"Сборка мебели в Новочеркасске с выездом на дом. Сборка шкафов, кухонь, кроватей и стеллажей. Аккуратно и со своим инструментом. Звоните!"
Октябрьск,Ремонт стиральных машин,remont-stiralnyh-mashin,+7 (969) 999-24-97,https://master-na-dom.online/remont-stiralnyh-mashin-oktyabrsk,remont-stiralnyh-mashin-oktyabrsk,Ремонт стиральных машин в Октябрьске | ПроМастер,"Ремонт стиральных машин в Октябрьске с выездом на дом. Samsung, LG, Bosch, Indesit и другие марки. Диагностика бесплатно. Гарантия на ремонт. Звоните!"
Октябрьск,Ремонт холодильников,remont-holodilnikov,+7 (969) 999-24-97,https://master-na-dom.online/remont-holodilnikov-oktyabrsk,remont-holodilnikov-oktyabrsk,Ремонт холодильников в Октябрьске | ПроМастер,"Ремонт холодильников в Октябрьске с выездом на дом. Samsung, LG, Bosch, Atlant и другие марки. Диагностика бесплатно. Гарантия на ремонт. Звоните!"
Октябрьск,Ремонт посудомоечных машин,remont-pmm,+7 (969) 999-24-97,https://master-na-dom.online/remont-pmm-oktyabrsk,remont-pmm-oktyabrsk,Ремонт посудомоечных машин в Октябрьске | ПроМастер,"Ремонт посудомоечных машин в Октябрьске с выездом на дом. Bosch, Siemens, Electrolux и другие марки. Диагностика бесплатно. Звоните!"
Октябрьск,Ремонт кондиционеров,remont-kondicionerov,+7 (969) 999-24-97,https://master-na-dom.online/remont-kondicionerov-oktyabrsk,remont-kondicionerov-oktyabrsk,Ремонт кондиционеров в Октябрьске | ПроМастер,"Ремонт кондиционеров в Октябрьске с выездом на дом. Обслуживание, заправка фреоном, ремонт сплит-систем. Гарантия на работы. Звоните!"
Октябрьск,Компьютерная помощь,kp,+7 (986) 089-07-04,https://master-na-dom.online/kp-oktyabrsk,kp-oktyabrsk,Компьютерная помощь в Октябрьске | ПроМастер,"Компьютерная помощь в Октябрьске с выездом на дом. Настройка ПК, удаление вирусов, восстановление данных. Выезд мастера на дом. Звоните!"
Октябрьск,Ремонт телевизоров,remont-televizorov,+7 (986) 089-07-04,https://master-na-dom.online/remont-televizorov-oktyabrsk,remont-televizorov-oktyabrsk,Ремонт телевизоров в Октябрьске | ПроМастер,"Ремонт телевизоров в Октябрьске с выездом на дом. Ремонт LED, OLED, Smart TV. Диагностика бесплатно. Гарантия на ремонт. Звоните!"
Октябрьск,Ремонт варочных панелей,remont-varochnyh-panelej,+7 (969) 999-24-97,https://master-na-dom.online/remont-varochnyh-panelej-oktyabrsk,remont-varochnyh-panelej-oktyabrsk,Ремонт варочных панелей в Октябрьске | ПроМастер,"Ремонт варочных панелей в Октябрьске с выездом на дом. Индукционные, электрические и газовые панели. Гарантия на ремонт. Звоните!"
Октябрьск,Ремонт духовых шкафов,remont-duhovyh-shkafov,+7 (969) 999-24-97,https://master-na-dom.online/remont-duhovyh-shkafov-oktyabrsk,remont-duhovyh-shkafov-oktyabrsk,Ремонт духовых шкафов в Октябрьске | ПроМастер,Ремонт духовых шкафов в Октябрьске с выездом на дом. Электрические и газовые духовки. Диагностика бесплатно. Звоните!
Октябрьск,Ремонт водонагревателей,remont-vodonagrevatelej,+7 (969) 999-24-97,https://master-na-dom.online/remont-vodonagrevatelej-oktyabrsk,remont-vodonagrevatelej-oktyabrsk,Ремонт водонагревателей в Октябрьске | ПроМастер,Ремонт водонагревателей в Октябрьске с выездом на дом. Ремонт бойлеров и проточных водонагревателей. Гарантия на работы. Звоните!
Октябрьск,Ремонт кофемашин,remont-kofemashin,+7 (969) 999-24-97,https://master-na-dom.online/remont-kofemashin-oktyabrsk,remont-kofemashin-oktyabrsk,Ремонт кофемашин в Октябрьске | ПроМастер,"Ремонт кофемашин в Октябрьске с выездом на дом. DeLonghi, Saeco, Bosch, Jura и другие марки. Диагностика бесплатно. Звоните!"
Октябрьск,Дезинфекция,dezinfekciya,+7 (984) 333-32-49,https://master-na-dom.online/dezinfekciya-oktyabrsk,dezinfekciya-oktyabrsk,Дезинфекция в Октябрьске — вызов мастера на дом | ПроМастер,"Дезинфекция в Октябрьске с выездом на дом. Уничтожение насекомых, грызунов и плесени. Безопасные препараты, гарантия результата. Звоните!"
Октябрьск,Электрик,elektrik,+7 (984) 333-32-49,https://master-na-dom.online/elektrik-oktyabrsk,elektrik-oktyabrsk,Электрик в Октябрьске | ПроМастер,"Электрик в Октябрьске с выездом на дом. Замена проводки, установка розеток, поиск неисправностей. Гарантия на работы. Звоните!"
Октябрьск,Сантехник,santehnik,+7 (984) 333-32-49,https://master-na-dom.online/santehnik-oktyabrsk,santehnik-oktyabrsk,Сантехник в Октябрьске | ПроМастер,"Сантехник в Октябрьске с выездом на дом. Устранение протечек, замена смесителей, прочистка канализации. Гарантия на работы. Звоните!"
Октябрьск,Мастер на час,master-na-chas,+7 (984) 333-32-49,https://master-na-dom.online/master-na-chas-oktyabrsk,master-na-chas-oktyabrsk,Мастер на час в Октябрьске | ПроМастер,"Мастер на час в Октябрьске с выездом на дом. Мелкий ремонт, сборка мебели, навешивание полок. Выезд за 30 минут. Звоните!"
Октябрьск,Ремонт окон,remont-okon,+7 (984) 333-32-49,https://master-na-dom.online/remont-okon-oktyabrsk,remont-okon-oktyabrsk,Ремонт окон в Октябрьске | ПроМастер,"Ремонт окон в Октябрьске с выездом на дом. Регулировка фурнитуры, замена уплотнителя, устранение продувания. Звоните!"
Октябрьск,Клининг,klining,+7 (984) 333-32-49,https://master-na-dom.online/klining-oktyabrsk,klining-oktyabrsk,Клининг в Октябрьске — вызов мастера на дом | ПроМастер,"Клининг в Октябрьске с выездом на дом. Генеральная уборка, уборка после ремонта, мытьё окон. Профессиональная химия и оборудование. Звоните!"
Октябрьск,Сборка мебели,sborka-mebeli,+7 (984) 333-32-49,https://master-na-dom.online/sborka-mebeli-oktyabrsk,sborka-mebeli-oktyabrsk,Сборка мебели в Октябрьске — вызов мастера на дом | ПроМастер,"Сборка мебели в Октябрьске с выездом на дом. Сборка шкафов, кухонь, кроватей и стеллажей. Аккуратно и со своим инструментом. Звоните!"
Орел,Ремонт стиральных машин,remont-stiralnyh-mashin,+7 (969) 999-24-97,https://master-na-dom.online/remont-stiralnyh-mashin-orel,remont-stiralnyh-mashin-orel,Ремонт стиральных машин в Орле | ПроМастер,"Ремонт стиральных машин в Орле с выездом на дом. Samsung, LG, Bosch, Indesit и другие марки. Диагностика бесплатно. Гарантия на ремонт. Звоните!"
Орел,Ремонт холодильников,remont-holodilnikov,+7 (969) 999-24-97,https://master-na-dom.online/remont-holodilnikov-orel,remont-holodilnikov-orel,Ремонт холодильников в Орле | ПроМастер,"Ремонт холодильников в Орле с выездом на дом. Samsung, LG, Bosch, Atlant и другие марки. Диагностика бесплатно. Гарантия на ремонт. Звоните!"
Орел,Ремонт посудомоечных машин,remont-pmm,+7 (969) 999-24-97,https://master-na-dom.online/remont-pmm-orel,remont-pmm-orel,Ремонт посудомоечных машин в Орле | ПроМастер,"Ремонт посудомоечных машин в Орле с выездом на дом. Bosch, Siemens, Electrolux и другие марки. Диагностика бесплатно. Звоните!"
Орел,Ремонт кондиционеров,remont-kondicionerov,+7 (969) 999-24-97,https://master-na-dom.online/remont-kondicionerov-orel,remont-kondicionerov-orel,Ремонт кондиционеров в Орле | ПроМастер,"Ремонт кондиционеров в Орле с выездом на дом. Обслуживание, заправка фреоном, ремонт сплит-систем. Гарантия на работы. Звоните!"
Орел,Компьютерная помощь,kp,+7 (986) 089-07-04,https://master-na-dom.online/kp-orel,kp-orel,Компьютерная помощь в Орле | ПроМастер,"Компьютерная помощь в Орле с выездом на дом. Настройка ПК, удаление вирусов, восстановление данных. Выезд мастера на дом. Звоните!"
Орел,Ремонт телевизоров,remont-televizorov,+7 (986) 089-07-04,https://master-na-dom.online/remont-televizorov-orel,remont-televizorov-orel,Ремонт телевизоров в Орле | ПроМастер,"Ремонт телевизоров в Орле с выездом на дом. Ремонт LED, OLED, Smart TV. Диагностика бесплатно. Гарантия на ремонт. Звоните!"
Орел,Ремонт варочных панелей,remont-varochnyh-panelej,+7 (969) 999-24-97,https://master-na-dom.online/remont-varochnyh-panelej-orel,remont-varochnyh-panelej-orel,Ремонт варочных панелей в Орле | ПроМастер,"Ремонт варочных панелей в Орле с выездом на дом. Индукционные, электрические и газовые панели. Гарантия на ремонт. Звоните!"
Орел,Ремонт духовых шкафов,remont-duhovyh-shkafov,+7 (969) 999-24-97,https://master-na-dom.online/remont-duhovyh-shkafov-orel,remont-duhovyh-shkafov-orel,Ремонт духовых шкафов в Орле | ПроМастер,Ремонт духовых шкафов в Орле с выездом на дом. Электрические и газовые духовки. Диагностика бесплатно. Звоните!
Орел,Ремонт водонагревателей,remont-vodonagrevatelej,+7 (969) 999-24-97,https://master-na-dom.online/remont-vodonagrevatelej-orel,remont-vodonagrevatelej-orel,Ремонт водонагревателей в Орле | ПроМастер,Ремонт водонагревателей в Орле с выездом на дом. Ремонт бойлеров и проточных водонагревателей. Гарантия на работы. Звоните!
Орел,Ремонт кофемашин,remont-kofemashin,+7 (969) 999-24-97,https://master-na-dom.online/remont-kofemashin-orel,remont-kofemashin-orel,Ремонт кофемашин в Орле | ПроМастер,"Ремонт кофемашин в Орле с выездом на дом. DeLonghi, Saeco, Bosch, Jura и другие марки. Диагностика бесплатно. Звоните!"
Орел,Дезинфекция,dezinfekciya,+7 (984) 333-32-49,https://master-na-dom.online/dezinfekciya-orel,dezinfekciya-orel,Дезинфекция в Орле — вызов мастера на дом | ПроМастер,"Дезинфекция в Орле с выездом на дом. Уничтожение насекомых, грызунов и плесени. Безопасные препараты, гарантия результата. Звоните!"
Орел,Электрик,elektrik,+7 (984) 333-32-49,https://master-na-dom.online/elektrik-orel,elektrik-orel,Электрик в Орле | ПроМастер,"Электрик в Орле с выездом на дом. Замена проводки, установка розеток, поиск неисправностей. Гарантия на работы. Звоните!"
Орел,Сантехник,santehnik,+7 (984) 333-32-49,https://master-na-dom.online/santehnik-orel,santehnik-orel,Сантехник в Орле | ПроМастер,"Сантехник в Орле с выездом на дом. Устранение протечек, замена смесителей, прочистка канализации. Гарантия на работы. Звоните!"
Орел,Мастер на час,master-na-chas,+7 (984) 333-32-49,https://master-na-dom.online/master-na-chas-orel,master-na-chas-orel,Мастер на час в Орле | ПроМастер,"Мастер на час в Орле с выездом на дом. Мелкий ремонт, сборка мебели, навешивание полок. Выезд за 30 минут. Звоните!"
Орел,Ремонт окон,remont-okon,+7 (984) 333-32-49,https://master-na-dom.online/remont-okon-orel,remont-okon-orel,Ремонт окон в Орле | ПроМастер,"Ремонт окон в Орле с выездом на дом. Регулировка фурнитуры, замена уплотнителя, устранение продувания. Звоните!"
Орел,Клининг,klining,+7 (984) 333-32-49,https://master-na-dom.online/klining-orel,klining-orel,Клининг в Орле — вызов мастера на дом | ПроМастер,"Клининг в Орле с выездом на дом. Генеральная уборка, уборка после ремонта, мытьё окон. Профессиональная химия и оборудование. Звоните!"
Орел,Сборка мебели,sborka-mebeli,+7 (984) 333-32-49,https://master-na-dom.online/sborka-mebeli-orel,sborka-mebeli-orel,Сборка мебели в Орле — вызов мастера на дом | ПроМастер,"Сборка мебели в Орле с выездом на дом. Сборка шкафов, кухонь, кроватей и стеллажей. Аккуратно и со своим инструментом. Звоните!"
Осинники,Ремонт стиральных машин,remont-stiralnyh-mashin,+7 (969) 999-24-97,https://master-na-dom.online/remont-stiralnyh-mashin-osinniki,remont-stiralnyh-mashin-osinniki,Ремонт стиральных машин в Осинниках | ПроМастер,"Ремонт стиральных машин в Осинниках с выездом на дом. Samsung, LG, Bosch, Indesit и другие марки. Диагностика бесплатно. Гарантия на ремонт. Звоните!"
Осинники,Ремонт холодильников,remont-holodilnikov,+7 (969) 999-24-97,https://master-na-dom.online/remont-holodilnikov-osinniki,remont-holodilnikov-osinniki,Ремонт холодильников в Осинниках | ПроМастер,"Ремонт холодильников в Осинниках с выездом на дом. Samsung, LG, Bosch, Atlant и другие марки. Диагностика бесплатно. Гарантия на ремонт. Звоните!"
Осинники,Ремонт посудомоечных машин,remont-pmm,+7 (969) 999-24-97,https://master-na-dom.online/remont-pmm-osinniki,remont-pmm-osinniki,Ремонт посудомоечных машин в Осинниках | ПроМастер,"Ремонт посудомоечных машин в Осинниках с выездом на дом. Bosch, Siemens, Electrolux и другие марки. Диагностика бесплатно. Звоните!"
Осинники,Ремонт кондиционеров,remont-kondicionerov,+7 (969) 999-24-97,https://master-na-dom.online/remont-kondicionerov-osinniki,remont-kondicionerov-osinniki,Ремонт кондиционеров в Осинниках | ПроМастер,"Ремонт кондиционеров в Осинниках с выездом на дом. Обслуживание, заправка фреоном, ремонт сплит-систем. Гарантия на работы. Звоните!"
Осинники,Компьютерная помощь,kp,+7 (986) 089-07-04,https://master-na-dom.online/kp-osinniki,kp-osinniki,Компьютерная помощь в Осинниках | ПроМастер,"Компьютерная помощь в Осинниках с выездом на дом. Настройка ПК, удаление вирусов, восстановление данных. Выезд мастера на дом. Звоните!"
Осинники,Ремонт телевизоров,remont-televizorov,+7 (986) 089-07-04,https://master-na-dom.online/remont-televizorov-osinniki,remont-televizorov-osinniki,Ремонт телевизоров в Осинниках | ПроМастер,"Ремонт телевизоров в Осинниках с выездом на дом. Ремонт LED, OLED, Smart TV. Диагностика бесплатно. Гарантия на ремонт. Звоните!"
Осинники,Ремонт варочных панелей,remont-varochnyh-panelej,+7 (969) 999-24-97,https://master-na-dom.online/remont-varochnyh-panelej-osinniki,remont-varochnyh-panelej-osinniki,Ремонт варочных панелей в Осинниках | ПроМастер,"Ремонт варочных панелей в Осинниках с выездом на дом. Индукционные, электрические и газовые панели. Гарантия на ремонт. Звоните!"
Осинники,Ремонт духовых шкафов,remont-duhovyh-shkafov,+7 (969) 999-24-97,https://master-na-dom.online/remont-duhovyh-shkafov-osinniki,remont-duhovyh-shkafov-osinniki,Ремонт духовых шкафов в Осинниках | ПроМастер,Ремонт духовых шкафов в Осинниках с выездом на дом. Электрические и газовые духовки. Диагностика бесплатно. Звоните!
Осинники,Ремонт водонагревателей,remont-vodonagrevatelej,+7 (969) 999-24-97,https://master-na-dom.online/remont-vodonagrevatelej-osinniki,remont-vodonagrevatelej-osinniki,Ремонт водонагревателей в Осинниках | ПроМастер,Ремонт водонагревателей в Осинниках с выездом на дом. Ремонт бойлеров и проточных водонагревателей. Гарантия на работы. Звоните!
Осинники,Ремонт кофемашин,remont-kofemashin,+7 (969) 999-24-97,https://master-na-dom.online/remont-kofemashin-osinniki,remont-kofemashin-osinniki,Ремонт кофемашин в Осинниках | ПроМастер,"Ремонт кофемашин в Осинниках с выездом на дом. DeLonghi, Saeco, Bosch, Jura и другие марки. Диагностика бесплатно. Звоните!"
Осинники,Дезинфекция,dezinfekciya,+7 (984) 333-32-49,https://master-na-dom.online/dezinfekciya-osinniki,dezinfekciya-osinniki,Дезинфекция в Осинниках — вызов мастера на дом | ПроМастер,"Дезинфекция в Осинниках с выездом на дом. Уничтожение насекомых, грызунов и плесени. Безопасные препараты, гарантия результата. Звоните!"
Осинники,Электрик,elektrik,+7 (984) 333-32-49,https://master-na-dom.online/elektrik-osinniki,elektrik-osinniki,Электрик в Осинниках | ПроМастер,"Электрик в Осинниках с выездом на дом. Замена проводки, установка розеток, поиск неисправностей. Гарантия на работы. Звоните!"
Осинники,Сантехник,santehnik,+7 (984) 333-32-49,https://master-na-dom.online/santehnik-osinniki,santehnik-osinniki,Сантехник в Осинниках | ПроМастер,"Сантехник в Осинниках с выездом на дом. Устранение протечек, замена смесителей, прочистка канализации. Гарантия на работы. Звоните!"
Осинники,Мастер на час,master-na-chas,+7 (984) 333-32-49,https://master-na-dom.online/master-na-chas-osinniki,master-na-chas-osinniki,Мастер на час в Осинниках | ПроМастер,"Мастер на час в Осинниках с выездом на дом. Мелкий ремонт, сборка мебели, навешивание полок. Выезд за 30 минут. Звоните!"
Осинники,Ремонт окон,remont-okon,+7 (984) 333-32-49,https://master-na-dom.online/remont-okon-osinniki,remont-okon-osinniki,Ремонт окон в Осинниках | ПроМастер,"Ремонт окон в Осинниках с выездом на дом. Регулировка фурнитуры, замена уплотнителя, устранение продувания. Звоните!"
Осинники,Клининг,klining,+7 (984) 333-32-49,https://master-na-dom.online/klining-osinniki,klining-osinniki,Клининг в Осинниках — вызов мастера на дом | ПроМастер,"Клининг в Осинниках с выездом на дом. Генеральная уборка, уборка после ремонта, мытьё окон. Профессиональная химия и оборудование. Звоните!"
Осинники,Сборка мебели,sborka-mebeli,+7 (984) 333-32-49,https://master-na-dom.online/sborka-mebeli-osinniki,sborka-mebeli-osinniki,Сборка мебели в Осинниках — вызов мастера на дом | ПроМастер,"Сборка мебели в Осинниках с выездом на дом. Сборка шкафов, кухонь, кроватей и стеллажей. Аккуратно и со своим инструментом. Звоните!"
Павловск,Ремонт стиральных машин,remont-stiralnyh-mashin,+7 (969) 999-24-97,https://master-na-dom.online/remont-stiralnyh-mashin-pavlovsk,remont-stiralnyh-mashin-pavlovsk,Ремонт стиральных машин в Павловске | ПроМастер,"Ремонт стиральных машин в Павловске с выездом на дом. Samsung, LG, Bosch, Indesit и другие марки. Диагностика бесплатно. Гарантия на ремонт. Звоните!"
Павловск,Ремонт холодильников,remont-holodilnikov,+7 (969) 999-24-97,https://master-na-dom.online/remont-holodilnikov-pavlovsk,remont-holodilnikov-pavlovsk,Ремонт холодильников в Павловске | ПроМастер,"Ремонт холодильников в Павловске с выездом на дом. Samsung, LG, Bosch, Atlant и другие марки. Диагностика бесплатно. Гарантия на ремонт. Звоните!"
Павловск,Ремонт посудомоечных машин,remont-pmm,+7 (969) 999-24-97,https://master-na-dom.online/remont-pmm-pavlovsk,remont-pmm-pavlovsk,Ремонт посудомоечных машин в Павловске | ПроМастер,"Ремонт посудомоечных машин в Павловске с выездом на дом. Bosch, Siemens, Electrolux и другие марки. Диагностика бесплатно. Звоните!"
Павловск,Ремонт кондиционеров,remont-kondicionerov,+7 (969) 999-24-97,https://master-na-dom.online/remont-kondicionerov-pavlovsk,remont-kondicionerov-pavlovsk,Ремонт кондиционеров в Павловске | ПроМастер,"Ремонт кондиционеров в Павловске с выездом на дом. Обслуживание, заправка фреоном, ремонт сплит-систем. Гарантия на работы. Звоните!"
Павловск,Компьютерная помощь,kp,+7 (986) 089-07-04,https://master-na-dom.online/kp-pavlovsk,kp-pavlovsk,Компьютерная помощь в Павловске | ПроМастер,"Компьютерная помощь в Павловске с выездом на дом. Настройка ПК, удаление вирусов, восстановление данных. Выезд мастера на дом. Звоните!"
Павловск,Ремонт телевизоров,remont-televizorov,+7 (986) 089-07-04,https://master-na-dom.online/remont-televizorov-pavlovsk,remont-televizorov-pavlovsk,Ремонт телевизоров в Павловске | ПроМастер,"Ремонт телевизоров в Павловске с выездом на дом. Ремонт LED, OLED, Smart TV. Диагностика бесплатно. Гарантия на ремонт. Звоните!"
Павловск,Ремонт варочных панелей,remont-varochnyh-panelej,+7 (969) 999-24-97,https://master-na-dom.online/remont-varochnyh-panelej-pavlovsk,remont-varochnyh-panelej-pavlovsk,Ремонт варочных панелей в Павловске | ПроМастер,"Ремонт варочных панелей в Павловске с выездом на дом. Индукционные, электрические и газовые панели. Гарантия на ремонт. Звоните!"
Павловск,Ремонт духовых шкафов,remont-duhovyh-shkafov,+7 (969) 999-24-97,https://master-na-dom.online/remont-duhovyh-shkafov-pavlovsk,remont-duhovyh-shkafov-pavlovsk,Ремонт духовых шкафов в Павловске | ПроМастер,Ремонт духовых шкафов в Павловске с выездом на дом. Электрические и газовые духовки. Диагностика бесплатно. Звоните!
Павловск,Ремонт водонагревателей,remont-vodonagrevatelej,+7 (969) 999-24-97,https://master-na-dom.online/remont-vodonagrevatelej-pavlovsk,remont-vodonagrevatelej-pavlovsk,Ремонт водонагревателей в Павловске | ПроМастер,Ремонт водонагревателей в Павловске с выездом на дом. Ремонт бойлеров и проточных водонагревателей. Гарантия на работы. Звоните!
Павловск,Ремонт кофемашин,remont-kofemashin,+7 (969) 999-24-97,https://master-na-dom.online/remont-kofemashin-pavlovsk,remont-kofemashin-pavlovsk,Ремонт кофемашин в Павловске | ПроМастер,"Ремонт кофемашин в Павловске с выездом на дом. DeLonghi, Saeco, Bosch, Jura и другие марки. Диагностика бесплатно. Звоните!"
Павловск,Дезинфекция,dezinfekciya,+7 (984) 333-32-49,https://master-na-dom.online/dezinfekciya-pavlovsk,dezinfekciya-pavlovsk,Дезинфекция в Павловске — вызов мастера на дом | ПроМастер,"Дезинфекция в Павловске с выездом на дом. Уничтожение насекомых, грызунов и плесени. Безопасные препараты, гарантия результата. Звоните!"
Павловск,Электрик,elektrik,+7 (984) 333-32-49,https://master-na-dom.online/elektrik-pavlovsk,elektrik-pavlovsk,Электрик в Павловске | ПроМастер,"Электрик в Павловске с выездом на дом. Замена проводки, установка розеток, поиск неисправностей. Гарантия на работы. Звоните!"
Павловск,Сантехник,santehnik,+7 (984) 333-32-49,https://master-na-dom.online/santehnik-pavlovsk,santehnik-pavlovsk,Сантехник в Павловске | ПроМастер,"Сантехник в Павловске с выездом на дом. Устранение протечек, замена смесителей, прочистка канализации. Гарантия на работы. Звоните!"
Павловск,Мастер на час,master-na-chas,+7 (984) 333-32-49,https://master-na-dom.online/master-na-chas-pavlovsk,master-na-chas-pavlovsk,Мастер на час в Павловске | ПроМастер,"Мастер на час в Павловске с выездом на дом. Мелкий ремонт, сборка мебели, навешивание полок. Выезд за 30 минут. Звоните!"
Павловск,Ремонт окон,remont-okon,+7 (984) 333-32-49,https://master-na-dom.online/remont-okon-pavlovsk,remont-okon-pavlovsk,Ремонт окон в Павловске | ПроМастер,"Ремонт окон в Павловске с выездом на дом. Регулировка фурнитуры, замена уплотнителя, устранение продувания. Звоните!"
Павловск,Клининг,klining,+7 (984) 333-32-49,https://master-na-dom.online/klining-pavlovsk,klining-pavlovsk,Клининг в Павловске — вызов мастера на дом | ПроМастер,"Клининг в Павловске с выездом на дом. Генеральная уборка, уборка после ремонта, мытьё окон. Профессиональная химия и оборудование. Звоните!"
Павловск,Сборка мебели,sborka-mebeli,+7 (984) 333-32-49,https://master-na-dom.online/sborka-mebeli-pavlovsk,sborka-mebeli-pavlovsk,Сборка мебели в Павловске — вызов мастера на дом | ПроМастер,"Сборка мебели в Павловске с выездом на дом. Сборка шкафов, кухонь, кроватей и стеллажей. Аккуратно и со своим инструментом. Звоните!"
Пенза,Ремонт стиральных машин,remont-stiralnyh-mashin,+7 (969) 999-24-97,https://master-na-dom.online/remont-stiralnyh-mashin-penza,remont-stiralnyh-mashin-penza,Ремонт стиральных машин в Пензе | ПроМастер,"Ремонт стиральных машин в Пензе с выездом на дом. Samsung, LG, Bosch, Indesit и другие марки. Диагностика бесплатно. Гарантия на ремонт. Звоните!"
Пенза,Ремонт холодильников,remont-holodilnikov,+7 (969) 999-24-97,https://master-na-dom.online/remont-holodilnikov-penza,remont-holodilnikov-penza,Ремонт холодильников в Пензе | ПроМастер,"Ремонт холодильников в Пензе с выездом на дом. Samsung, LG, Bosch, Atlant и другие марки. Диагностика бесплатно. Гарантия на ремонт. Звоните!"
Пенза,Ремонт посудомоечных машин,remont-pmm,+7 (969) 999-24-97,https://master-na-dom.online/remont-pmm-penza,remont-pmm-penza,Ремонт посудомоечных машин в Пензе | ПроМастер,"Ремонт посудомоечных машин в Пензе с выездом на дом. Bosch, Siemens, Electrolux и другие марки. Диагностика бесплатно. Звоните!"
Пенза,Ремонт кондиционеров,remont-kondicionerov,+7 (969) 999-24-97,https://master-na-dom.online/remont-kondicionerov-penza,remont-kondicionerov-penza,Ремонт кондиционеров в Пензе | ПроМастер,"Ремонт кондиционеров в Пензе с выездом на дом. Обслуживание, заправка фреоном, ремонт сплит-систем. Гарантия на работы. Звоните!"
Пенза,Компьютерная помощь,kp,+7 (986) 089-07-04,https://master-na-dom.online/kp-penza,kp-penza,Компьютерная помощь в Пензе | ПроМастер,"Компьютерная помощь в Пензе с выездом на дом. Настройка ПК, удаление вирусов, восстановление данных. Выезд мастера на дом. Звоните!"
Пенза,Ремонт телевизоров,remont-televizorov,+7 (986) 089-07-04,https://master-na-dom.online/remont-televizorov-penza,remont-televizorov-penza,Ремонт телевизоров в Пензе | ПроМастер,"Ремонт телевизоров в Пензе с выездом на дом. Ремонт LED, OLED, Smart TV. Диагностика бесплатно. Гарантия на ремонт. Звоните!"
Пенза,Ремонт варочных панелей,remont-varochnyh-panelej,+7 (969) 999-24-97,https://master-na-dom.online/remont-varochnyh-panelej-penza,remont-varochnyh-panelej-penza,Ремонт варочных панелей в Пензе | ПроМастер,"Ремонт варочных панелей в Пензе с выездом на дом. Индукционные, электрические и газовые панели. Гарантия на ремонт. Звоните!"
Пенза,Ремонт духовых шкафов,remont-duhovyh-shkafov,+7 (969) 999-24-97,https://master-na-dom.online/remont-duhovyh-shkafov-penza,remont-duhovyh-shkafov-penza,Ремонт духовых шкафов в Пензе | ПроМастер,Ремонт духовых шкафов в Пензе с выездом на дом. Электрические и газовые духовки. Диагностика бесплатно. Звоните!
Пенза,Ремонт водонагревателей,remont-vodonagrevatelej,+7 (969) 999-24-97,https://master-na-dom.online/remont-vodonagrevatelej-penza,remont-vodonagrevatelej-penza,Ремонт водонагревателей в Пензе | ПроМастер,Ремонт водонагревателей в Пензе с выездом на дом. Ремонт бойлеров и проточных водонагревателей. Гарантия на работы. Звоните!
Пенза,Ремонт кофемашин,remont-kofemashin,+7 (969) 999-24-97,https://master-na-dom.online/remont-kofemashin-penza,remont-kofemashin-penza,Ремонт кофемашин в Пензе | ПроМастер,"Ремонт кофемашин в Пензе с выездом на дом. DeLonghi, Saeco, Bosch, Jura и другие марки. Диагностика бесплатно. Звоните!"
Пенза,Дезинфекция,dezinfekciya,+7 (984) 333-32-49,https://master-na-dom.online/dezinfekciya-penza,dezinfekciya-penza,Дезинфекция в Пензе — вызов мастера на дом | ПроМастер,"Дезинфекция в Пензе с выездом на дом. Уничтожение насекомых, грызунов и плесени. Безопасные препараты, гарантия результата. Звоните!"
Пенза,Электрик,elektrik,+7 (984) 333-32-49,https://master-na-dom.online/elektrik-penza,elektrik-penza,Электрик в Пензе | ПроМастер,"Электрик в Пензе с выездом на дом. Замена проводки, установка розеток, поиск неисправностей. Гарантия на работы. Звоните!"
Пенза,Сантехник,santehnik,+7 (984) 333-32-49,https://master-na-dom.online/santehnik-penza,santehnik-penza,Сантехник в Пензе | ПроМастер,"Сантехник в Пензе с выездом на дом. Устранение протечек, замена смесителей, прочистка канализации. Гарантия на работы. Звоните!"
Пенза,Мастер на час,master-na-chas,+7 (984) 333-32-49,https://master-na-dom.online/master-na-chas-penza,master-na-chas-penza,Мастер на час в Пензе | ПроМастер,"Мастер на час в Пензе с выездом на дом. Мелкий ремонт, сборка мебели, навешивание полок. Выезд за 30 минут. Звоните!"
Пенза,Ремонт окон,remont-okon,+7 (984) 333-32-49,https://master-na-dom.online/remont-okon-penza,remont-okon-penza,Ремонт окон в Пензе | ПроМастер,"Ремонт окон в Пензе с выездом на дом. Регулировка фурнитуры, замена уплотнителя, устранение продувания. Звоните!"
Пенза,Клининг,klining,+7 (984) 333-32-49,https://master-na-dom.online/klining-penza,klining-penza,Клининг в Пензе — вызов мастера на дом | ПроМастер,"Клининг в Пензе с выездом на дом. Генеральная уборка, уборка после ремонта, мытьё окон. Профессиональная химия и оборудование. Звоните!"
Пенза,Сборка мебели,sborka-mebeli,+7 (984) 333-32-49,https://master-na-dom.online/sborka-mebeli-penza,sborka-mebeli-penza,Сборка мебели в Пензе — вызов мастера на дом | ПроМастер,"Сборка мебели в Пензе с выездом на дом. Сборка шкафов, кухонь, кроватей и стеллажей. Аккуратно и со своим инструментом. Звоните!"
Первоуральск,Ремонт стиральных машин,remont-stiralnyh-mashin,+7 (969) 999-24-97,https://master-na-dom.online/remont-stiralnyh-mashin-pervouralsk,remont-stiralnyh-mashin-pervouralsk,Ремонт стиральных машин в Первоуральске | ПроМастер,"Ремонт стиральных машин в Первоуральске с выездом на дом. Samsung, LG, Bosch, Indesit и другие марки. Диагностика бесплатно. Гарантия на ремонт. Звоните!"
Первоуральск,Ремонт холодильников,remont-holodilnikov,+7 (969) 999-24-97,https://master-na-dom.online/remont-holodilnikov-pervouralsk,remont-holodilnikov-pervouralsk,Ремонт холодильников в Первоуральске | ПроМастер,"Ремонт холодильников в Первоуральске с выездом на дом. Samsung, LG, Bosch, Atlant и другие марки. Диагностика бесплатно. Гарантия на ремонт. Звоните!"
Первоуральск,Ремонт посудомоечных машин,remont-pmm,+7 (969) 999-24-97,https://master-na-dom.online/remont-pmm-pervouralsk,remont-pmm-pervouralsk,Ремонт посудомоечных машин в Первоуральске | ПроМастер,"Ремонт посудомоечных машин в Первоуральске с выездом на дом. Bosch, Siemens, Electrolux и другие марки. Диагностика бесплатно. Звоните!"
Первоуральск,Ремонт кондиционеров,remont-kondicionerov,+7 (969) 999-24-97,https://master-na-dom.online/remont-kondicionerov-pervouralsk,remont-kondicionerov-pervouralsk,Ремонт кондиционеров в Первоуральске | ПроМастер,"Ремонт кондиционеров в Первоуральске с выездом на дом. Обслуживание, заправка фреоном, ремонт сплит-систем. Гарантия на работы. Звоните!"
Первоуральск,Компьютерная помощь,kp,+7 (986) 089-07-04,https://master-na-dom.online/kp-pervouralsk,kp-pervouralsk,Компьютерная помощь в Первоуральске | ПроМастер,"Компьютерная помощь в Первоуральске с выездом на дом. Настройка ПК, удаление вирусов, восстановление данных. Выезд мастера на дом. Звоните!"
Первоуральск,Ремонт телевизоров,remont-televizorov,+7 (986) 089-07-04,https://master-na-dom.online/remont-televizorov-pervouralsk,remont-televizorov-pervouralsk,Ремонт телевизоров в Первоуральске | ПроМастер,"Ремонт телевизоров в Первоуральске с выездом на дом. Ремонт LED, OLED, Smart TV. Диагностика бесплатно. Гарантия на ремонт. Звоните!"
Первоуральск,Ремонт варочных панелей,remont-varochnyh-panelej,+7 (969) 999-24-97,https://master-na-dom.online/remont-varochnyh-panelej-pervouralsk,remont-varochnyh-panelej-pervouralsk,Ремонт варочных панелей в Первоуральске | ПроМастер,"Ремонт варочных панелей в Первоуральске с выездом на дом. Индукционные, электрические и газовые панели. Гарантия на ремонт. Звоните!"
Первоуральск,Ремонт духовых шкафов,remont-duhovyh-shkafov,+7 (969) 999-24-97,https://master-na-dom.online/remont-duhovyh-shkafov-pervouralsk,remont-duhovyh-shkafov-pervouralsk,Ремонт духовых шкафов в Первоуральске | ПроМастер,Ремонт духовых шкафов в Первоуральске с выездом на дом. Электрические и газовые духовки. Диагностика бесплатно. Звоните!
Первоуральск,Ремонт водонагревателей,remont-vodonagrevatelej,+7 (969) 999-24-97,https://master-na-dom.online/remont-vodonagrevatelej-pervouralsk,remont-vodonagrevatelej-pervouralsk,Ремонт водонагревателей в Первоуральске | ПроМастер,Ремонт водонагревателей в Первоуральске с выездом на дом. Ремонт бойлеров и проточных водонагревателей. Гарантия на работы. Звоните!
Первоуральск,Ремонт кофемашин,remont-kofemashin,+7 (969) 999-24-97,https://master-na-dom.online/remont-kofemashin-pervouralsk,remont-kofemashin-pervouralsk,Ремонт кофемашин в Первоуральске | ПроМастер,"Ремонт кофемашин в Первоуральске с выездом на дом. DeLonghi, Saeco, Bosch, Jura и другие марки. Диагностика бесплатно. Звоните!"
Первоуральск,Дезинфекция,dezinfekciya,+7 (984) 333-32-49,https://master-na-dom.online/dezinfekciya-pervouralsk,dezinfekciya-pervouralsk,Дезинфекция в Первоуральске — вызов мастера на дом | ПроМастер,"Дезинфекция в Первоуральске с выездом на дом. Уничтожение насекомых, грызунов и плесени. Безопасные препараты, гарантия результата. Звоните!"
Первоуральск,Электрик,elektrik,+7 (984) 333-32-49,https://master-na-dom.online/elektrik-pervouralsk,elektrik-pervouralsk,Электрик в Первоуральске | ПроМастер,"Электрик в Первоуральске с выездом на дом. Замена проводки, установка розеток, поиск неисправностей. Гарантия на работы. Звоните!"
Первоуральск,Сантехник,santehnik,+7 (984) 333-32-49,https://master-na-dom.online/santehnik-pervouralsk,santehnik-pervouralsk,Сантехник в Первоуральске | ПроМастер,"Сантехник в Первоуральске с выездом на дом. Устранение протечек, замена смесителей, прочистка канализации. Гарантия на работы. Звоните!"
Первоуральск,Мастер на час,master-na-chas,+7 (984) 333-32-49,https://master-na-dom.online/master-na-chas-pervouralsk,master-na-chas-pervouralsk,Мастер на час в Первоуральске | ПроМастер,"Мастер на час в Первоуральске с выездом на дом. Мелкий ремонт, сборка мебели, навешивание полок. Выезд за 30 минут. Звоните!"
Первоуральск,Ремонт окон,remont-okon,+7 (984) 333-32-49,https://master-na-dom.online/remont-okon-pervouralsk,remont-okon-pervouralsk,Ремонт окон в Первоуральске | ПроМастер,"Ремонт окон в Первоуральске с выездом на дом. Регулировка фурнитуры, замена уплотнителя, устранение продувания. Звоните!"
Первоуральск,Клининг,klining,+7 (984) 333-32-49,https://master-na-dom.online/klining-pervouralsk,klining-pervouralsk,Клининг в Первоуральске — вызов мастера на дом | ПроМастер,"Клининг в Первоуральске с выездом на дом. Генеральная уборка, уборка после ремонта, мытьё окон. Профессиональная химия и оборудование. Звоните!"
Первоуральск,Сборка мебели,sborka-mebeli,+7 (984) 333-32-49,https://master-na-dom.online/sborka-mebeli-pervouralsk,sborka-mebeli-pervouralsk,Сборка мебели в Первоуральске — вызов мастера на дом | ПроМастер,"Сборка мебели в Первоуральске с выездом на дом. Сборка шкафов, кухонь, кроватей и стеллажей. Аккуратно и со своим инструментом. Звоните!"
Петергоф,Ремонт стиральных машин,remont-stiralnyh-mashin,+7 (969) 999-24-97,https://master-na-dom.online/remont-stiralnyh-mashin-petergof,remont-stiralnyh-mashin-petergof,Ремонт стиральных машин в Петергофе | ПроМастер,"Ремонт стиральных машин в Петергофе с выездом на дом. Samsung, LG, Bosch, Indesit и другие марки. Диагностика бесплатно. Гарантия на ремонт. Звоните!"
Петергоф,Ремонт холодильников,remont-holodilnikov,+7 (969) 999-24-97,https://master-na-dom.online/remont-holodilnikov-petergof,remont-holodilnikov-petergof,Ремонт холодильников в Петергофе | ПроМастер,"Ремонт холодильников в Петергофе с выездом на дом. Samsung, LG, Bosch, Atlant и другие марки. Диагностика бесплатно. Гарантия на ремонт. Звоните!"
Петергоф,Ремонт посудомоечных машин,remont-pmm,+7 (969) 999-24-97,https://master-na-dom.online/remont-pmm-petergof,remont-pmm-petergof,Ремонт посудомоечных машин в Петергофе | ПроМастер,"Ремонт посудомоечных машин в Петергофе с выездом на дом. Bosch, Siemens, Electrolux и другие марки. Диагностика бесплатно. Звоните!"
Петергоф,Ремонт кондиционеров,remont-kondicionerov,+7 (969) 999-24-97,https://master-na-dom.online/remont-kondicionerov-petergof,remont-kondicionerov-petergof,Ремонт кондиционеров в Петергофе | ПроМастер,"Ремонт кондиционеров в Петергофе с выездом на дом. Обслуживание, заправка фреоном, ремонт сплит-систем. Гарантия на работы. Звоните!"
Петергоф,Компьютерная помощь,kp,+7 (986) 089-07-04,https://master-na-dom.online/kp-petergof,kp-petergof,Компьютерная помощь в Петергофе | ПроМастер,"Компьютерная помощь в Петергофе с выездом на дом. Настройка ПК, удаление вирусов, восстановление данных. Выезд мастера на дом. Звоните!"
Петергоф,Ремонт телевизоров,remont-televizorov,+7 (986) 089-07-04,https://master-na-dom.online/remont-televizorov-petergof,remont-televizorov-petergof,Ремонт телевизоров в Петергофе | ПроМастер,"Ремонт телевизоров в Петергофе с выездом на дом. Ремонт LED, OLED, Smart TV. Диагностика бесплатно. Гарантия на ремонт. Звоните!"
Петергоф,Ремонт варочных панелей,remont-varochnyh-panelej,+7 (969) 999-24-97,https://master-na-dom.online/remont-varochnyh-panelej-petergof,remont-varochnyh-panelej-petergof,Ремонт варочных панелей в Петергофе | ПроМастер,"Ремонт варочных панелей в Петергофе с выездом на дом. Индукционные, электрические и газовые панели. Гарантия на ремонт. Звоните!"
Петергоф,Ремонт духовых шкафов,remont-duhovyh-shkafov,+7 (969) 999-24-97,https://master-na-dom.online/remont-duhovyh-shkafov-petergof,remont-duhovyh-shkafov-petergof,Ремонт духовых шкафов в Петергофе | ПроМастер,Ремонт духовых шкафов в Петергофе с выездом на дом. Электрические и газовые духовки. Диагностика бесплатно. Звоните!
Петергоф,Ремонт водонагревателей,remont-vodonagrevatelej,+7 (969) 999-24-97,https://master-na-dom.online/remont-vodonagrevatelej-petergof,remont-vodonagrevatelej-petergof,Ремонт водонагревателей в Петергофе | ПроМастер,Ремонт водонагревателей в Петергофе с выездом на дом. Ремонт бойлеров и проточных водонагревателей. Гарантия на работы. Звоните!
Петергоф,Ремонт кофемашин,remont-kofemashin,+7 (969) 999-24-97,https://master-na-dom.online/remont-kofemashin-petergof,remont-kofemashin-petergof,Ремонт кофемашин в Петергофе | ПроМастер,"Ремонт кофемашин в Петергофе с выездом на дом. DeLonghi, Saeco, Bosch, Jura и другие марки. Диагностика бесплатно. Звоните!"
Петергоф,Дезинфекция,dezinfekciya,+7 (984) 333-32-49,https://master-na-dom.online/dezinfekciya-petergof,dezinfekciya-petergof,Дезинфекция в Петергофе — вызов мастера на дом | ПроМастер,"Дезинфекция в Петергофе с выездом на дом. Уничтожение насекомых, грызунов и плесени. Безопасные препараты, гарантия результата. Звоните!"
Петергоф,Электрик,elektrik,+7 (984) 333-32-49,https://master-na-dom.online/elektrik-petergof,elektrik-petergof,Электрик в Петергофе | ПроМастер,"Электрик в Петергофе с выездом на дом. Замена проводки, установка розеток, поиск неисправностей. Гарантия на работы. Звоните!"
Петергоф,Сантехник,santehnik,+7 (984) 333-32-49,https://master-na-dom.online/santehnik-petergof,santehnik-petergof,Сантехник в Петергофе | ПроМастер,"Сантехник в Петергофе с выездом на дом. Устранение протечек, замена смесителей, прочистка канализации. Гарантия на работы. Звоните!"
Петергоф,Мастер на час,master-na-chas,+7 (984) 333-32-49,https://master-na-dom.online/master-na-chas-petergof,master-na-chas-petergof,Мастер на час в Петергофе | ПроМастер,"Мастер на час в Петергофе с выездом на дом. Мелкий ремонт, сборка мебели, навешивание полок. Выезд за 30 минут. Звоните!"
Петергоф,Ремонт окон,remont-okon,+7 (984) 333-32-49,https://master-na-dom.online/remont-okon-petergof,remont-okon-petergof,Ремонт окон в Петергофе | ПроМастер,"Ремонт окон в Петергофе с выездом на дом. Регулировка фурнитуры, замена уплотнителя, устранение продувания. Звоните!"
Петергоф,Клининг,klining,+7 (984) 333-32-49,https://master-na-dom.online/klining-petergof,klining-petergof,Клининг в Петергофе — вызов мастера на дом | ПроМастер,"Клининг в Петергофе с выездом на дом. Генеральная уборка, уборка после ремонта, мытьё окон. Профессиональная химия и оборудование. Звоните!"
Петергоф,Сборка мебели,sborka-mebeli,+7 (984) 333-32-49,https://master-na-dom.online/sborka-mebeli-petergof,sborka-mebeli-petergof,Сборка мебели в Петергофе — вызов мастера на дом | ПроМастер,"Сборка мебели в Петергофе с выездом на дом. Сборка шкафов, кухонь, кроватей и стеллажей. Аккуратно и со своим инструментом. Звоните!"
Прокопьевск,Ремонт стиральных машин,remont-stiralnyh-mashin,+7 (969) 999-24-97,https://master-na-dom.online/remont-stiralnyh-mashin-prokopevsk,remont-stiralnyh-mashin-prokopevsk,Ремонт стиральных машин в Прокопьевске | ПроМастер,"Ремонт стиральных машин в Прокопьевске с выездом на дом. Samsung, LG, Bosch, Indesit и другие марки. Диагностика бесплатно. Гарантия на ремонт. Звоните!"
Прокопьевск,Ремонт холодильников,remont-holodilnikov,+7 (969) 999-24-97,https://master-na-dom.online/remont-holodilnikov-prokopevsk,remont-holodilnikov-prokopevsk,Ремонт холодильников в Прокопьевске | ПроМастер,"Ремонт холодильников в Прокопьевске с выездом на дом. Samsung, LG, Bosch, Atlant и другие марки. Диагностика бесплатно. Гарантия на ремонт. Звоните!"
Прокопьевск,Ремонт посудомоечных машин,remont-pmm,+7 (969) 999-24-97,https://master-na-dom.online/remont-pmm-prokopevsk,remont-pmm-prokopevsk,Ремонт посудомоечных машин в Прокопьевске | ПроМастер,"Ремонт посудомоечных машин в Прокопьевске с выездом на дом. Bosch, Siemens, Electrolux и другие марки. Диагностика бесплатно. Звоните!"
Прокопьевск,Ремонт кондиционеров,remont-kondicionerov,+7 (969) 999-24-97,https://master-na-dom.online/remont-kondicionerov-prokopevsk,remont-kondicionerov-prokopevsk,Ремонт кондиционеров в Прокопьевске | ПроМастер,"Ремонт кондиционеров в Прокопьевске с выездом на дом. Обслуживание, заправка фреоном, ремонт сплит-систем. Гарантия на работы. Звоните!"
Прокопьевск,Компьютерная помощь,kp,+7 (986) 089-07-04,https://master-na-dom.online/kp-prokopevsk,kp-prokopevsk,Компьютерная помощь в Прокопьевске | ПроМастер,"Компьютерная помощь в Прокопьевске с выездом на дом. Настройка ПК, удаление вирусов, восстановление данных. Выезд мастера на дом. Звоните!"
Прокопьевск,Ремонт телевизоров,remont-televizorov,+7 (986) 089-07-04,https://master-na-dom.online/remont-televizorov-prokopevsk,remont-televizorov-prokopevsk,Ремонт телевизоров в Прокопьевске | ПроМастер,"Ремонт телевизоров в Прокопьевске с выездом на дом. Ремонт LED, OLED, Smart TV. Диагностика бесплатно. Гарантия на ремонт. Звоните!"
Прокопьевск,Ремонт варочных панелей,remont-varochnyh-panelej,+7 (969) 999-24-97,https://master-na-dom.online/remont-varochnyh-panelej-prokopevsk,remont-varochnyh-panelej-prokopevsk,Ремонт варочных панелей в Прокопьевске | ПроМастер,"Ремонт варочных панелей в Прокопьевске с выездом на дом. Индукционные, электрические и газовые панели. Гарантия на ремонт. Звоните!"
Прокопьевск,Ремонт духовых шкафов,remont-duhovyh-shkafov,+7 (969) 999-24-97,https://master-na-dom.online/remont-duhovyh-shkafov-prokopevsk,remont-duhovyh-shkafov-prokopevsk,Ремонт духовых шкафов в Прокопьевске | ПроМастер,Ремонт духовых шкафов в Прокопьевске с выездом на дом. Электрические и газовые духовки. Диагностика бесплатно. Звоните!
Прокопьевск,Ремонт водонагревателей,remont-vodonagrevatelej,+7 (969) 999-24-97,https://master-na-dom.online/remont-vodonagrevatelej-prokopevsk,remont-vodonagrevatelej-prokopevsk,Ремонт водонагревателей в Прокопьевске | ПроМастер,Ремонт водонагревателей в Прокопьевске с выездом на дом. Ремонт бойлеров и проточных водонагревателей. Гарантия на работы. Звоните!
Прокопьевск,Ремонт кофемашин,remont-kofemashin,+7 (969) 999-24-97,https://master-na-dom.online/remont-kofemashin-prokopevsk,remont-kofemashin-prokopevsk,Ремонт кофемашин в Прокопьевске | ПроМастер,"Ремонт кофемашин в Прокопьевске с выездом на дом. DeLonghi, Saeco, Bosch, Jura и другие марки. Диагностика бесплатно. Звоните!"
Прокопьевск,Дезинфекция,dezinfekciya,+7 (984) 333-32-49,https://master-na-dom.online/dezinfekciya-prokopevsk,dezinfekciya-prokopevsk,Дезинфекция в Прокопьевске — вызов мастера на дом | ПроМастер,"Дезинфекция в Прокопьевске с выездом на дом. Уничтожение насекомых, грызунов и плесени. Безопасные препараты, гарантия результата. Звоните!"
Прокопьевск,Электрик,elektrik,+7 (984) 333-32-49,https://master-na-dom.online/elektrik-prokopevsk,elektrik-prokopevsk,Электрик в Прокопьевске | ПроМастер,"Электрик в Прокопьевске с выездом на дом. Замена проводки, установка розеток, поиск неисправностей. Гарантия на работы. Звоните!"
Прокопьевск,Сантехник,santehnik,+7 (984) 333-32-49,https://master-na-dom.online/santehnik-prokopevsk,santehnik-prokopevsk,Сантехник в Прокопьевске | ПроМастер,"Сантехник в Прокопьевске с выездом на дом. Устранение протечек, замена смесителей, прочистка канализации. Гарантия на работы. Звоните!"
Прокопьевск,Мастер на час,master-na-chas,+7 (984) 333-32-49,https://master-na-dom.online/master-na-chas-prokopevsk,master-na-chas-prokopevsk,Мастер на час в Прокопьевске | ПроМастер,"Мастер на час в Прокопьевске с выездом на дом. Мелкий ремонт, сборка мебели, навешивание полок. Выезд за 30 минут. Звоните!"
Прокопьевск,Ремонт окон,remont-okon,+7 (984) 333-32-49,https://master-na-dom.online/remont-okon-prokopevsk,remont-okon-prokopevsk,Ремонт окон в Прокопьевске | ПроМастер,"Ремонт окон в Прокопьевске с выездом на дом. Регулировка фурнитуры, замена уплотнителя, устранение продувания. Звоните!"
Прокопьевск,Клининг,klining,+7 (984) 333-32-49,https://master-na-dom.online/klining-prokopevsk,klining-prokopevsk,Клининг в Прокопьевске — вызов мастера на дом | ПроМастер,"Клининг в Прокопьевске с выездом на дом. Генеральная уборка, уборка после ремонта, мытьё окон. Профессиональная химия и оборудование. Звоните!"
Прокопьевск,Сборка мебели,sborka-mebeli,+7 (984) 333-32-49,https://master-na-dom.online/sborka-mebeli-prokopevsk,sborka-mebeli-prokopevsk,Сборка мебели в Прокопьевске — вызов мастера на дом | ПроМастер,"Сборка мебели в Прокопьевске с выездом на дом. Сборка шкафов, кухонь, кроватей и стеллажей. Аккуратно и со своим инструментом. Звоните!"
Пушкин,Ремонт стиральных машин,remont-stiralnyh-mashin,+7 (969) 999-24-97,https://master-na-dom.online/remont-stiralnyh-mashin-pushkin,remont-stiralnyh-mashin-pushkin,Ремонт стиральных машин в Пушкине | ПроМастер,"Ремонт стиральных машин в Пушкине с выездом на дом. Samsung, LG, Bosch, Indesit и другие марки. Диагностика бесплатно. Гарантия на ремонт. Звоните!"
Пушкин,Ремонт холодильников,remont-holodilnikov,+7 (969) 999-24-97,https://master-na-dom.online/remont-holodilnikov-pushkin,remont-holodilnikov-pushkin,Ремонт холодильников в Пушкине | ПроМастер,"Ремонт холодильников в Пушкине с выездом на дом. Samsung, LG, Bosch, Atlant и другие марки. Диагностика бесплатно. Гарантия на ремонт. Звоните!"
Пушкин,Ремонт посудомоечных машин,remont-pmm,+7 (969) 999-24-97,https://master-na-dom.online/remont-pmm-pushkin,remont-pmm-pushkin,Ремонт посудомоечных машин в Пушкине | ПроМастер,"Ремонт посудомоечных машин в Пушкине с выездом на дом. Bosch, Siemens, Electrolux и другие марки. Диагностика бесплатно. Звоните!"
Пушкин,Ремонт кондиционеров,remont-kondicionerov,+7 (969) 999-24-97,https://master-na-dom.online/remont-kondicionerov-pushkin,remont-kondicionerov-pushkin,Ремонт кондиционеров в Пушкине | ПроМастер,"Ремонт кондиционеров в Пушкине с выездом на дом. Обслуживание, заправка фреоном, ремонт сплит-систем. Гарантия на работы. Звоните!"
Пушкин,Компьютерная помощь,kp,+7 (986) 089-07-04,https://master-na-dom.online/kp-pushkin,kp-pushkin,Компьютерная помощь в Пушкине | ПроМастер,"Компьютерная помощь в Пушкине с выездом на дом. Настройка ПК, удаление вирусов, восстановление данных. Выезд мастера на дом. Звоните!"
Пушкин,Ремонт телевизоров,remont-televizorov,+7 (986) 089-07-04,https://master-na-dom.online/remont-televizorov-pushkin,remont-televizorov-pushkin,Ремонт телевизоров в Пушкине | ПроМастер,"Ремонт телевизоров в Пушкине с выездом на дом. Ремонт LED, OLED, Smart TV. Диагностика бесплатно. Гарантия на ремонт. Звоните!"
Пушкин,Ремонт варочных панелей,remont-varochnyh-panelej,+7 (969) 999-24-97,https://master-na-dom.online/remont-varochnyh-panelej-pushkin,remont-varochnyh-panelej-pushkin,Ремонт варочных панелей в Пушкине | ПроМастер,"Ремонт варочных панелей в Пушкине с выездом на дом. Индукционные, электрические и газовые панели. Гарантия на ремонт. Звоните!"
Пушкин,Ремонт духовых шкафов,remont-duhovyh-shkafov,+7 (969) 999-24-97,https://master-na-dom.online/remont-duhovyh-shkafov-pushkin,remont-duhovyh-shkafov-pushkin,Ремонт духовых шкафов в Пушкине | ПроМастер,Ремонт духовых шкафов в Пушкине с выездом на дом. Электрические и газовые духовки. Диагностика бесплатно. Звоните!
Пушкин,Ремонт водонагревателей,remont-vodonagrevatelej,+7 (969) 999-24-97,https://master-na-dom.online/remont-vodonagrevatelej-pushkin,remont-vodonagrevatelej-pushkin,Ремонт водонагревателей в Пушкине | ПроМастер,Ремонт водонагревателей в Пушкине с выездом на дом. Ремонт бойлеров и проточных водонагревателей. Гарантия на работы. Звоните!
Пушкин,Ремонт кофемашин,remont-kofemashin,+7 (969) 999-24-97,https://master-na-dom.online/remont-kofemashin-pushkin,remont-kofemashin-pushkin,Ремонт кофемашин в Пушкине | ПроМастер,"Ремонт кофемашин в Пушкине с выездом на дом. DeLonghi, Saeco, Bosch, Jura и другие марки. Диагностика бесплатно. Звоните!"
Пушкин,Дезинфекция,dezinfekciya,+7 (984) 333-32-49,https://master-na-dom.online/dezinfekciya-pushkin,dezinfekciya-pushkin,Дезинфекция в Пушкине — вызов мастера на дом | ПроМастер,"Дезинфекция в Пушкине с выездом на дом. Уничтожение насекомых, грызунов и плесени. Безопасные препараты, гарантия результата. Звоните!"
Пушкин,Электрик,elektrik,+7 (984) 333-32-49,https://master-na-dom.online/elektrik-pushkin,elektrik-pushkin,Электрик в Пушкине | ПроМастер,"Электрик в Пушкине с выездом на дом. Замена проводки, установка розеток, поиск неисправностей. Гарантия на работы. Звоните!"
Пушкин,Сантехник,santehnik,+7 (984) 333-32-49,https://master-na-dom.online/santehnik-pushkin,santehnik-pushkin,Сантехник в Пушкине | ПроМастер,"Сантехник в Пушкине с выездом на дом. Устранение протечек, замена смесителей, прочистка канализации. Гарантия на работы. Звоните!"
Пушкин,Мастер на час,master-na-chas,+7 (984) 333-32-49,https://master-na-dom.online/master-na-chas-pushkin,master-na-chas-pushkin,Мастер на час в Пушкине | ПроМастер,"Мастер на час в Пушкине с выездом на дом. Мелкий ремонт, сборка мебели, навешивание полок. Выезд за 30 минут. Звоните!"
Пушкин,Ремонт окон,remont-okon,+7 (984) 333-32-49,https://master-na-dom.online/remont-okon-pushkin,remont-okon-pushkin,Ремонт окон в Пушкине | ПроМастер,"Ремонт окон в Пушкине с выездом на дом. Регулировка фурнитуры, замена уплотнителя, устранение продувания. Звоните!"
Пушкин,Клининг,klining,+7 (984) 333-32-49,https://master-na-dom.online/klining-pushkin,klining-pushkin,Клининг в Пушкине — вызов мастера на дом | ПроМастер,"Клининг в Пушкине с выездом на дом. Генеральная уборка, уборка после ремонта, мытьё окон. Профессиональная химия и оборудование. Звоните!"
Пушкин,Сборка мебели,sborka-mebeli,+7 (984) 333-32-49,https://master-na-dom.online/sborka-mebeli-pushkin,sborka-mebeli-pushkin,Сборка мебели в Пушкине — вызов мастера на дом | ПроМастер,"Сборка мебели в Пушкине с выездом на дом. Сборка шкафов, кухонь, кроватей и стеллажей. Аккуратно и со своим инструментом. Звоните!"
Саки,Ремонт стиральных машин,remont-stiralnyh-mashin,+7 (969) 999-24-97,https://master-na-dom.online/remont-stiralnyh-mashin-saki,remont-stiralnyh-mashin-saki,Ремонт стиральных машин в Саках | ПроМастер,"Ремонт стиральных машин в Саках с выездом на дом. Samsung, LG, Bosch, Indesit и другие марки. Диагностика бесплатно. Гарантия на ремонт. Звоните!"
Саки,Ремонт холодильников,remont-holodilnikov,+7 (969) 999-24-97,https://master-na-dom.online/remont-holodilnikov-saki,remont-holodilnikov-saki,Ремонт холодильников в Саках | ПроМастер,"Ремонт холодильников в Саках с выездом на дом. Samsung, LG, Bosch, Atlant и другие марки. Диагностика бесплатно. Гарантия на ремонт. Звоните!"
Саки,Ремонт посудомоечных машин,remont-pmm,+7 (969) 999-24-97,https://master-na-dom.online/remont-pmm-saki,remont-pmm-saki,Ремонт посудомоечных машин в Саках | ПроМастер,"Ремонт посудомоечных машин в Саках с выездом на дом. Bosch, Siemens, Electrolux и другие марки. Диагностика бесплатно. Звоните!"
Саки,Ремонт кондиционеров,remont-kondicionerov,+7 (969) 999-24-97,https://master-na-dom.online/remont-kondicionerov-saki,remont-kondicionerov-saki,Ремонт кондиционеров в Саках | ПроМастер,"Ремонт кондиционеров в Саках с выездом на дом. Обслуживание, заправка фреоном, ремонт сплит-систем. Гарантия на работы. Звоните!"
Саки,Компьютерная помощь,kp,+7 (986) 089-07-04,https://master-na-dom.online/kp-saki,kp-saki,Компьютерная помощь в Саках | ПроМастер,"Компьютерная помощь в Саках с выездом на дом. Настройка ПК, удаление вирусов, восстановление данных. Выезд мастера на дом. Звоните!"
Саки,Ремонт телевизоров,remont-televizorov,+7 (986) 089-07-04,https://master-na-dom.online/remont-televizorov-saki,remont-televizorov-saki,Ремонт телевизоров в Саках | ПроМастер,"Ремонт телевизоров в Саках с выездом на дом. Ремонт LED, OLED, Smart TV. Диагностика бесплатно. Гарантия на ремонт. Звоните!"
Саки,Ремонт варочных панелей,remont-varochnyh-panelej,+7 (969) 999-24-97,https://master-na-dom.online/remont-varochnyh-panelej-saki,remont-varochnyh-panelej-saki,Ремонт варочных панелей в Саках | ПроМастер,"Ремонт варочных панелей в Саках с выездом на дом. Индукционные, электрические и газовые панели. Гарантия на ремонт. Звоните!"
Саки,Ремонт духовых шкафов,remont-duhovyh-shkafov,+7 (969) 999-24-97,https://master-na-dom.online/remont-duhovyh-shkafov-saki,remont-duhovyh-shkafov-saki,Ремонт духовых шкафов в Саках | ПроМастер,Ремонт духовых шкафов в Саках с выездом на дом. Электрические и газовые духовки. Диагностика бесплатно. Звоните!
Саки,Ремонт водонагревателей,remont-vodonagrevatelej,+7 (969) 999-24-97,https://master-na-dom.online/remont-vodonagrevatelej-saki,remont-vodonagrevatelej-saki,Ремонт водонагревателей в Саках | ПроМастер,Ремонт водонагревателей в Саках с выездом на дом. Ремонт бойлеров и проточных водонагревателей. Гарантия на работы. Звоните!
Саки,Ремонт кофемашин,remont-kofemashin,+7 (969) 999-24-97,https://master-na-dom.online/remont-kofemashin-saki,remont-kofemashin-saki,Ремонт кофемашин в Саках | ПроМастер,"Ремонт кофемашин в Саках с выездом на дом. DeLonghi, Saeco, Bosch, Jura и другие марки. Диагностика бесплатно. Звоните!"
Саки,Дезинфекция,dezinfekciya,+7 (984) 333-32-49,https://master-na-dom.online/dezinfekciya-saki,dezinfekciya-saki,Дезинфекция в Саках — вызов мастера на дом | ПроМастер,"Дезинфекция в Саках с выездом на дом. Уничтожение насекомых, грызунов и плесени. Безопасные препараты, гарантия результата. Звоните!"
Саки,Электрик,elektrik,+7 (984) 333-32-49,https://master-na-dom.online/elektrik-saki,elektrik-saki,Электрик в Саках | ПроМастер,"Электрик в Саках с выездом на дом. Замена проводки, установка розеток, поиск неисправностей. Гарантия на работы. Звоните!"
Саки,Сантехник,santehnik,+7 (984) 333-32-49,https://master-na-dom.online/santehnik-saki,santehnik-saki,Сантехник в Саках | ПроМастер,"Сантехник в Саках с выездом на дом. Устранение протечек, замена смесителей, прочистка канализации. Гарантия на работы. Звоните!"
Саки,Мастер на час,master-na-chas,+7 (984) 333-32-49,https://master-na-dom.online/master-na-chas-saki,master-na-chas-saki,Мастер на час в Саках | ПроМастер,"Мастер на час в Саках с выездом на дом. Мелкий ремонт, сборка мебели, навешивание полок. Выезд за 30 минут. Звоните!"
Саки,Ремонт окон,remont-okon,+7 (984) 333-32-49,https://master-na-dom.online/remont-okon-saki,remont-okon-saki,Ремонт окон в Саках | ПроМастер,"Ремонт окон в Саках с выездом на дом. Регулировка фурнитуры, замена уплотнителя, устранение продувания. Звоните!"
Саки,Клининг,klining,+7 (984) 333-32-49,https://master-na-dom.online/klining-saki,klining-saki,Клининг в Саках — вызов мастера на дом | ПроМастер,"Клининг в Саках с выездом на дом. Генеральная уборка, уборка после ремонта, мытьё окон. Профессиональная химия и оборудование. Звоните!"
Саки,Сборка мебели,sborka-mebeli,+7 (984) 333-32-49,https://master-na-dom.online/sborka-mebeli-saki,sborka-mebeli-saki,Сборка мебели в Саках — вызов мастера на дом | ПроМастер,"Сборка мебели в Саках с выездом на дом. Сборка шкафов, кухонь, кроватей и стеллажей. Аккуратно и со своим инструментом. Звоните!"
Салават,Ремонт стиральных машин,remont-stiralnyh-mashin,+7 (969) 999-24-97,https://master-na-dom.online/remont-stiralnyh-mashin-salavat,remont-stiralnyh-mashin-salavat,Ремонт стиральных машин в Салавате | ПроМастер,"Ремонт стиральных машин в Салавате с выездом на дом. Samsung, LG, Bosch, Indesit и другие марки. Диагностика бесплатно. Гарантия на ремонт. Звоните!"
Салават,Ремонт холодильников,remont-holodilnikov,+7 (969) 999-24-97,https://master-na-dom.online/remont-holodilnikov-salavat,remont-holodilnikov-salavat,Ремонт холодильников в Салавате | ПроМастер,"Ремонт холодильников в Салавате с выездом на дом. Samsung, LG, Bosch, Atlant и другие марки. Диагностика бесплатно. Гарантия на ремонт. Звоните!"
Салават,Ремонт посудомоечных машин,remont-pmm,+7 (969) 999-24-97,https://master-na-dom.online/remont-pmm-salavat,remont-pmm-salavat,Ремонт посудомоечных машин в Салавате | ПроМастер,"Ремонт посудомоечных машин в Салавате с выездом на дом. Bosch, Siemens, Electrolux и другие марки. Диагностика бесплатно. Звоните!"
Салават,Ремонт кондиционеров,remont-kondicionerov,+7 (969) 999-24-97,https://master-na-dom.online/remont-kondicionerov-salavat,remont-kondicionerov-salavat,Ремонт кондиционеров в Салавате | ПроМастер,"Ремонт кондиционеров в Салавате с выездом на дом. Обслуживание, заправка фреоном, ремонт сплит-систем. Гарантия на работы. Звоните!"
Салават,Компьютерная помощь,kp,+7 (986) 089-07-04,https://master-na-dom.online/kp-salavat,kp-salavat,Компьютерная помощь в Салавате | ПроМастер,"Компьютерная помощь в Салавате с выездом на дом. Настройка ПК, удаление вирусов, восстановление данных. Выезд мастера на дом. Звоните!"
Салават,Ремонт телевизоров,remont-televizorov,+7 (986) 089-07-04,https://master-na-dom.online/remont-televizorov-salavat,remont-televizorov-salavat,Ремонт телевизоров в Салавате | ПроМастер,"Ремонт телевизоров в Салавате с выездом на дом. Ремонт LED, OLED, Smart TV. Диагностика бесплатно. Гарантия на ремонт. Звоните!"
Салават,Ремонт варочных панелей,remont-varochnyh-panelej,+7 (969) 999-24-97,https://master-na-dom.online/remont-varochnyh-panelej-salavat,remont-varochnyh-panelej-salavat,Ремонт варочных панелей в Салавате | ПроМастер,"Ремонт варочных панелей в Салавате с выездом на дом. Индукционные, электрические и газовые панели. Гарантия на ремонт. Звоните!"
Салават,Ремонт духовых шкафов,remont-duhovyh-shkafov,+7 (969) 999-24-97,https://master-na-dom.online/remont-duhovyh-shkafov-salavat,remont-duhovyh-shkafov-salavat,Ремонт духовых шкафов в Салавате | ПроМастер,Ремонт духовых шкафов в Салавате с выездом на дом. Электрические и газовые духовки. Диагностика бесплатно. Звоните!
Салават,Ремонт водонагревателей,remont-vodonagrevatelej,+7 (969) 999-24-97,https://master-na-dom.online/remont-vodonagrevatelej-salavat,remont-vodonagrevatelej-salavat,Ремонт водонагревателей в Салавате | ПроМастер,Ремонт водонагревателей в Салавате с выездом на дом. Ремонт бойлеров и проточных водонагревателей. Гарантия на работы. Звоните!
Салават,Ремонт кофемашин,remont-kofemashin,+7 (969) 999-24-97,https://master-na-dom.online/remont-kofemashin-salavat,remont-kofemashin-salavat,Ремонт кофемашин в Салавате | ПроМастер,"Ремонт кофемашин в Салавате с выездом на дом. DeLonghi, Saeco, Bosch, Jura и другие марки. Диагностика бесплатно. Звоните!"
Салават,Дезинфекция,dezinfekciya,+7 (984) 333-32-49,https://master-na-dom.online/dezinfekciya-salavat,dezinfekciya-salavat,Дезинфекция в Салавате — вызов мастера на дом | ПроМастер,"Дезинфекция в Салавате с выездом на дом. Уничтожение насекомых, грызунов и плесени. Безопасные препараты, гарантия результата. Звоните!"
Салават,Электрик,elektrik,+7 (984) 333-32-49,https://master-na-dom.online/elektrik-salavat,elektrik-salavat,Электрик в Салавате | ПроМастер,"Электрик в Салавате с выездом на дом. Замена проводки, установка розеток, поиск неисправностей. Гарантия на работы. Звоните!"
Салават,Сантехник,santehnik,+7 (984) 333-32-49,https://master-na-dom.online/santehnik-salavat,santehnik-salavat,Сантехник в Салавате | ПроМастер,"Сантехник в Салавате с выездом на дом. Устранение протечек, замена смесителей, прочистка канализации. Гарантия на работы. Звоните!"
Салават,Мастер на час,master-na-chas,+7 (984) 333-32-49,https://master-na-dom.online/master-na-chas-salavat,master-na-chas-salavat,Мастер на час в Салавате | ПроМастер,"Мастер на час в Салавате с выездом на дом. Мелкий ремонт, сборка мебели, навешивание полок. Выезд за 30 минут. Звоните!"
Салават,Ремонт окон,remont-okon,+7 (984) 333-32-49,https://master-na-dom.online/remont-okon-salavat,remont-okon-salavat,Ремонт окон в Салавате | ПроМастер,"Ремонт окон в Салавате с выездом на дом. Регулировка фурнитуры, замена уплотнителя, устранение продувания. Звоните!"
Салават,Клининг,klining,+7 (984) 333-32-49,https://master-na-dom.online/klining-salavat,klining-salavat,Клининг в Салавате — вызов мастера на дом | ПроМастер,"Клининг в Салавате с выездом на дом. Генеральная уборка, уборка после ремонта, мытьё окон. Профессиональная химия и оборудование. Звоните!"
Салават,Сборка мебели,sborka-mebeli,+7 (984) 333-32-49,https://master-na-dom.online/sborka-mebeli-salavat,sborka-mebeli-salavat,Сборка мебели в Салавате — вызов мастера на дом | ПроМастер,"Сборка мебели в Салавате с выездом на дом. Сборка шкафов, кухонь, кроватей и стеллажей. Аккуратно и со своим инструментом. Звоните!"
Семилуки,Ремонт стиральных машин,remont-stiralnyh-mashin,+7 (969) 999-24-97,https://master-na-dom.online/remont-stiralnyh-mashin-semiluki,remont-stiralnyh-mashin-semiluki,Ремонт стиральных машин в Семилуках | ПроМастер,"Ремонт стиральных машин в Семилуках с выездом на дом. Samsung, LG, Bosch, Indesit и другие марки. Диагностика бесплатно. Гарантия на ремонт. Звоните!"
Семилуки,Ремонт холодильников,remont-holodilnikov,+7 (969) 999-24-97,https://master-na-dom.online/remont-holodilnikov-semiluki,remont-holodilnikov-semiluki,Ремонт холодильников в Семилуках | ПроМастер,"Ремонт холодильников в Семилуках с выездом на дом. Samsung, LG, Bosch, Atlant и другие марки. Диагностика бесплатно. Гарантия на ремонт. Звоните!"
Семилуки,Ремонт посудомоечных машин,remont-pmm,+7 (969) 999-24-97,https://master-na-dom.online/remont-pmm-semiluki,remont-pmm-semiluki,Ремонт посудомоечных машин в Семилуках | ПроМастер,"Ремонт посудомоечных машин в Семилуках с выездом на дом. Bosch, Siemens, Electrolux и другие марки. Диагностика бесплатно. Звоните!"
Семилуки,Ремонт кондиционеров,remont-kondicionerov,+7 (969) 999-24-97,https://master-na-dom.online/remont-kondicionerov-semiluki,remont-kondicionerov-semiluki,Ремонт кондиционеров в Семилуках | ПроМастер,"Ремонт кондиционеров в Семилуках с выездом на дом. Обслуживание, заправка фреоном, ремонт сплит-систем. Гарантия на работы. Звоните!"
Семилуки,Компьютерная помощь,kp,+7 (986) 089-07-04,https://master-na-dom.online/kp-semiluki,kp-semiluki,Компьютерная помощь в Семилуках | ПроМастер,"Компьютерная помощь в Семилуках с выездом на дом. Настройка ПК, удаление вирусов, восстановление данных. Выезд мастера на дом. Звоните!"
Семилуки,Ремонт телевизоров,remont-televizorov,+7 (986) 089-07-04,https://master-na-dom.online/remont-televizorov-semiluki,remont-televizorov-semiluki,Ремонт телевизоров в Семилуках | ПроМастер,"Ремонт телевизоров в Семилуках с выездом на дом. Ремонт LED, OLED, Smart TV. Диагностика бесплатно. Гарантия на ремонт. Звоните!"
Семилуки,Ремонт варочных панелей,remont-varochnyh-panelej,+7 (969) 999-24-97,https://master-na-dom.online/remont-varochnyh-panelej-semiluki,remont-varochnyh-panelej-semiluki,Ремонт варочных панелей в Семилуках | ПроМастер,"Ремонт варочных панелей в Семилуках с выездом на дом. Индукционные, электрические и газовые панели. Гарантия на ремонт. Звоните!"
Семилуки,Ремонт духовых шкафов,remont-duhovyh-shkafov,+7 (969) 999-24-97,https://master-na-dom.online/remont-duhovyh-shkafov-semiluki,remont-duhovyh-shkafov-semiluki,Ремонт духовых шкафов в Семилуках | ПроМастер,Ремонт духовых шкафов в Семилуках с выездом на дом. Электрические и газовые духовки. Диагностика бесплатно. Звоните!
Семилуки,Ремонт водонагревателей,remont-vodonagrevatelej,+7 (969) 999-24-97,https://master-na-dom.online/remont-vodonagrevatelej-semiluki,remont-vodonagrevatelej-semiluki,Ремонт водонагревателей в Семилуках | ПроМастер,Ремонт водонагревателей в Семилуках с выездом на дом. Ремонт бойлеров и проточных водонагревателей. Гарантия на работы. Звоните!
Семилуки,Ремонт кофемашин,remont-kofemashin,+7 (969) 999-24-97,https://master-na-dom.online/remont-kofemashin-semiluki,remont-kofemashin-semiluki,Ремонт кофемашин в Семилуках | ПроМастер,"Ремонт кофемашин в Семилуках с выездом на дом. DeLonghi, Saeco, Bosch, Jura и другие марки. Диагностика бесплатно. Звоните!"
Семилуки,Дезинфекция,dezinfekciya,+7 (984) 333-32-49,https://master-na-dom.online/dezinfekciya-semiluki,dezinfekciya-semiluki,Дезинфекция в Семилуках — вызов мастера на дом | ПроМастер,"Дезинфекция в Семилуках с выездом на дом. Уничтожение насекомых, грызунов и плесени. Безопасные препараты, гарантия результата. Звоните!"
Семилуки,Электрик,elektrik,+7 (984) 333-32-49,https://master-na-dom.online/elektrik-semiluki,elektrik-semiluki,Электрик в Семилуках | ПроМастер,"Электрик в Семилуках с выездом на дом. Замена проводки, установка розеток, поиск неисправностей. Гарантия на работы. Звоните!"
Семилуки,Сантехник,santehnik,+7 (984) 333-32-49,https://master-na-dom.online/santehnik-semiluki,santehnik-semiluki,Сантехник в Семилуках | ПроМастер,"Сантехник в Семилуках с выездом на дом. Устранение протечек, замена смесителей, прочистка канализации. Гарантия на работы. Звоните!"
Семилуки,Мастер на час,master-na-chas,+7 (984) 333-32-49,https://master-na-dom.online/master-na-chas-semiluki,master-na-chas-semiluki,Мастер на час в Семилуках | ПроМастер,"Мастер на час в Семилуках с выездом на дом. Мелкий ремонт, сборка мебели, навешивание полок. Выезд за 30 минут. Звоните!"
Семилуки,Ремонт окон,remont-okon,+7 (984) 333-32-49,https://master-na-dom.online/remont-okon-semiluki,remont-okon-semiluki,Ремонт окон в Семилуках | ПроМастер,"Ремонт окон в Семилуках с выездом на дом. Регулировка фурнитуры, замена уплотнителя, устранение продувания. Звоните!"
Семилуки,Клининг,klining,+7 (984) 333-32-49,https://master-na-dom.online/klining-semiluki,klining-semiluki,Клининг в Семилуках — вызов мастера на дом | ПроМастер,"Клининг в Семилуках с выездом на дом. Генеральная уборка, уборка после ремонта, мытьё окон. Профессиональная химия и оборудование. Звоните!"
Семилуки,Сборка мебели,sborka-mebeli,+7 (984) 333-32-49,https://master-na-dom.online/sborka-mebeli-semiluki,sborka-mebeli-semiluki,Сборка мебели в Семилуках — вызов мастера на дом | ПроМастер,"Сборка мебели в Семилуках с выездом на дом. Сборка шкафов, кухонь, кроватей и стеллажей. Аккуратно и со своим инструментом. Звоните!"
Сертолово,Ремонт стиральных машин,remont-stiralnyh-mashin,+7 (969) 999-24-97,https://master-na-dom.online/remont-stiralnyh-mashin-sertolovo,remont-stiralnyh-mashin-sertolovo,Ремонт стиральных машин в Сертолово | ПроМастер,"Ремонт стиральных машин в Сертолово с выездом на дом. Samsung, LG, Bosch, Indesit и другие марки. Диагностика бесплатно. Гарантия на ремонт. Звоните!"
Сертолово,Ремонт холодильников,remont-holodilnikov,+7 (969) 999-24-97,https://master-na-dom.online/remont-holodilnikov-sertolovo,remont-holodilnikov-sertolovo,Ремонт холодильников в Сертолово | ПроМастер,"Ремонт холодильников в Сертолово с выездом на дом. Samsung, LG, Bosch, Atlant и другие марки. Диагностика бесплатно. Гарантия на ремонт. Звоните!"
Сертолово,Ремонт посудомоечных машин,remont-pmm,+7 (969) 999-24-97,https://master-na-dom.online/remont-pmm-sertolovo,remont-pmm-sertolovo,Ремонт посудомоечных машин в Сертолово | ПроМастер,"Ремонт посудомоечных машин в Сертолово с выездом на дом. Bosch, Siemens, Electrolux и другие марки. Диагностика бесплатно. Звоните!"
Сертолово,Ремонт кондиционеров,remont-kondicionerov,+7 (969) 999-24-97,https://master-na-dom.online/remont-kondicionerov-sertolovo,remont-kondicionerov-sertolovo,Ремонт кондиционеров в Сертолово | ПроМастер,"Ремонт кондиционеров в Сертолово с выездом на дом. Обслуживание, заправка фреоном, ремонт сплит-систем. Гарантия на работы. Звоните!"
Сертолово,Компьютерная помощь,kp,+7 (986) 089-07-04,https://master-na-dom.online/kp-sertolovo,kp-sertolovo,Компьютерная помощь в Сертолово | ПроМастер,"Компьютерная помощь в Сертолово с выездом на дом. Настройка ПК, удаление вирусов, восстановление данных. Выезд мастера на дом. Звоните!"
Сертолово,Ремонт телевизоров,remont-televizorov,+7 (986) 089-07-04,https://master-na-dom.online/remont-televizorov-sertolovo,remont-televizorov-sertolovo,Ремонт телевизоров в Сертолово | ПроМастер,"Ремонт телевизоров в Сертолово с выездом на дом. Ремонт LED, OLED, Smart TV. Диагностика бесплатно. Гарантия на ремонт. Звоните!"
Сертолово,Ремонт варочных панелей,remont-varochnyh-panelej,+7 (969) 999-24-97,https://master-na-dom.online/remont-varochnyh-panelej-sertolovo,remont-varochnyh-panelej-sertolovo,Ремонт варочных панелей в Сертолово | ПроМастер,"Ремонт варочных панелей в Сертолово с выездом на дом. Индукционные, электрические и газовые панели. Гарантия на ремонт. Звоните!"
Сертолово,Ремонт духовых шкафов,remont-duhovyh-shkafov,+7 (969) 999-24-97,https://master-na-dom.online/remont-duhovyh-shkafov-sertolovo,remont-duhovyh-shkafov-sertolovo,Ремонт духовых шкафов в Сертолово | ПроМастер,Ремонт духовых шкафов в Сертолово с выездом на дом. Электрические и газовые духовки. Диагностика бесплатно. Звоните!
Сертолово,Ремонт водонагревателей,remont-vodonagrevatelej,+7 (969) 999-24-97,https://master-na-dom.online/remont-vodonagrevatelej-sertolovo,remont-vodonagrevatelej-sertolovo,Ремонт водонагревателей в Сертолово | ПроМастер,Ремонт водонагревателей в Сертолово с выездом на дом. Ремонт бойлеров и проточных водонагревателей. Гарантия на работы. Звоните!
Сертолово,Ремонт кофемашин,remont-kofemashin,+7 (969) 999-24-97,https://master-na-dom.online/remont-kofemashin-sertolovo,remont-kofemashin-sertolovo,Ремонт кофемашин в Сертолово | ПроМастер,"Ремонт кофемашин в Сертолово с выездом на дом. DeLonghi, Saeco, Bosch, Jura и другие марки. Диагностика бесплатно. Звоните!"
Сертолово,Дезинфекция,dezinfekciya,+7 (984) 333-32-49,https://master-na-dom.online/dezinfekciya-sertolovo,dezinfekciya-sertolovo,Дезинфекция в Сертолово — вызов мастера на дом | ПроМастер,"Дезинфекция в Сертолово с выездом на дом. Уничтожение насекомых, грызунов и плесени. Безопасные препараты, гарантия результата. Звоните!"
Сертолово,Электрик,elektrik,+7 (984) 333-32-49,https://master-na-dom.online/elektrik-sertolovo,elektrik-sertolovo,Электрик в Сертолово | ПроМастер,"Электрик в Сертолово с выездом на дом. Замена проводки, установка розеток, поиск неисправностей. Гарантия на работы. Звоните!"
Сертолово,Сантехник,santehnik,+7 (984) 333-32-49,https://master-na-dom.online/santehnik-sertolovo,santehnik-sertolovo,Сантехник в Сертолово | ПроМастер,"Сантехник в Сертолово с выездом на дом. Устранение протечек, замена смесителей, прочистка канализации. Гарантия на работы. Звоните!"
Сертолово,Мастер на час,master-na-chas,+7 (984) 333-32-49,https://master-na-dom.online/master-na-chas-sertolovo,master-na-chas-sertolovo,Мастер на час в Сертолово | ПроМастер,"Мастер на час в Сертолово с выездом на дом. Мелкий ремонт, сборка мебели, навешивание полок. Выезд за 30 минут. Звоните!"
Сертолово,Ремонт окон,remont-okon,+7 (984) 333-32-49,https://master-na-dom.online/remont-okon-sertolovo,remont-okon-sertolovo,Ремонт окон в Сертолово | ПроМастер,"Ремонт окон в Сертолово с выездом на дом. Регулировка фурнитуры, замена уплотнителя, устранение продувания. Звоните!"
Сертолово,Клининг,klining,+7 (984) 333-32-49,https://master-na-dom.online/klining-sertolovo,klining-sertolovo,Клининг в Сертолово — вызов мастера на дом | ПроМастер,"Клининг в Сертолово с выездом на дом. Генеральная уборка, уборка после ремонта, мытьё окон. Профессиональная химия и оборудование. Звоните!"
Сертолово,Сборка мебели,sborka-mebeli,+7 (984) 333-32-49,https://master-na-dom.online/sborka-mebeli-sertolovo,sborka-mebeli-sertolovo,Сборка мебели в Сертолово — вызов мастера на дом | ПроМастер,"Сборка мебели в Сертолово с выездом на дом. Сборка шкафов, кухонь, кроватей и стеллажей. Аккуратно и со своим инструментом. Звоните!"
Сестрорецк,Ремонт стиральных машин,remont-stiralnyh-mashin,+7 (969) 999-24-97,https://master-na-dom.online/remont-stiralnyh-mashin-sestroretsk,remont-stiralnyh-mashin-sestroretsk,Ремонт стиральных машин в Сестрорецке | ПроМастер,"Ремонт стиральных машин в Сестрорецке с выездом на дом. Samsung, LG, Bosch, Indesit и другие марки. Диагностика бесплатно. Гарантия на ремонт. Звоните!"
Сестрорецк,Ремонт холодильников,remont-holodilnikov,+7 (969) 999-24-97,https://master-na-dom.online/remont-holodilnikov-sestroretsk,remont-holodilnikov-sestroretsk,Ремонт холодильников в Сестрорецке | ПроМастер,"Ремонт холодильников в Сестрорецке с выездом на дом. Samsung, LG, Bosch, Atlant и другие марки. Диагностика бесплатно. Гарантия на ремонт. Звоните!"
Сестрорецк,Ремонт посудомоечных машин,remont-pmm,+7 (969) 999-24-97,https://master-na-dom.online/remont-pmm-sestroretsk,remont-pmm-sestroretsk,Ремонт посудомоечных машин в Сестрорецке | ПроМастер,"Ремонт посудомоечных машин в Сестрорецке с выездом на дом. Bosch, Siemens, Electrolux и другие марки. Диагностика бесплатно. Звоните!"
Сестрорецк,Ремонт кондиционеров,remont-kondicionerov,+7 (969) 999-24-97,https://master-na-dom.online/remont-kondicionerov-sestroretsk,remont-kondicionerov-sestroretsk,Ремонт кондиционеров в Сестрорецке | ПроМастер,"Ремонт кондиционеров в Сестрорецке с выездом на дом. Обслуживание, заправка фреоном, ремонт сплит-систем. Гарантия на работы. Звоните!"
Сестрорецк,Компьютерная помощь,kp,+7 (986) 089-07-04,https://master-na-dom.online/kp-sestroretsk,kp-sestroretsk,Компьютерная помощь в Сестрорецке | ПроМастер,"Компьютерная помощь в Сестрорецке с выездом на дом. Настройка ПК, удаление вирусов, восстановление данных. Выезд мастера на дом. Звоните!"
Сестрорецк,Ремонт телевизоров,remont-televizorov,+7 (986) 089-07-04,https://master-na-dom.online/remont-televizorov-sestroretsk,remont-televizorov-sestroretsk,Ремонт телевизоров в Сестрорецке | ПроМастер,"Ремонт телевизоров в Сестрорецке с выездом на дом. Ремонт LED, OLED, Smart TV. Диагностика бесплатно. Гарантия на ремонт. Звоните!"
Сестрорецк,Ремонт варочных панелей,remont-varochnyh-panelej,+7 (969) 999-24-97,https://master-na-dom.online/remont-varochnyh-panelej-sestroretsk,remont-varochnyh-panelej-sestroretsk,Ремонт варочных панелей в Сестрорецке | ПроМастер,"Ремонт варочных панелей в Сестрорецке с выездом на дом. Индукционные, электрические и газовые панели. Гарантия на ремонт. Звоните!"
Сестрорецк,Ремонт духовых шкафов,remont-duhovyh-shkafov,+7 (969) 999-24-97,https://master-na-dom.online/remont-duhovyh-shkafov-sestroretsk,remont-duhovyh-shkafov-sestroretsk,Ремонт духовых шкафов в Сестрорецке | ПроМастер,Ремонт духовых шкафов в Сестрорецке с выездом на дом. Электрические и газовые духовки. Диагностика бесплатно. Звоните!
Сестрорецк,Ремонт водонагревателей,remont-vodonagrevatelej,+7 (969) 999-24-97,https://master-na-dom.online/remont-vodonagrevatelej-sestroretsk,remont-vodonagrevatelej-sestroretsk,Ремонт водонагревателей в Сестрорецке | ПроМастер,Ремонт водонагревателей в Сестрорецке с выездом на дом. Ремонт бойлеров и проточных водонагревателей. Гарантия на работы. Звоните!
Сестрорецк,Ремонт кофемашин,remont-kofemashin,+7 (969) 999-24-97,https://master-na-dom.online/remont-kofemashin-sestroretsk,remont-kofemashin-sestroretsk,Ремонт кофемашин в Сестрорецке | ПроМастер,"Ремонт кофемашин в Сестрорецке с выездом на дом. DeLonghi, Saeco, Bosch, Jura и другие марки. Диагностика бесплатно. Звоните!"
Сестрорецк,Дезинфекция,dezinfekciya,+7 (984) 333-32-49,https://master-na-dom.online/dezinfekciya-sestroretsk,dezinfekciya-sestroretsk,Дезинфекция в Сестрорецке — вызов мастера на дом | ПроМастер,"Дезинфекция в Сестрорецке с выездом на дом. Уничтожение насекомых, грызунов и плесени. Безопасные препараты, гарантия результата. Звоните!"
Сестрорецк,Электрик,elektrik,+7 (984) 333-32-49,https://master-na-dom.online/elektrik-sestroretsk,elektrik-sestroretsk,Электрик в Сестрорецке | ПроМастер,"Электрик в Сестрорецке с выездом на дом. Замена проводки, установка розеток, поиск неисправностей. Гарантия на работы. Звоните!"
Сестрорецк,Сантехник,santehnik,+7 (984) 333-32-49,https://master-na-dom.online/santehnik-sestroretsk,santehnik-sestroretsk,Сантехник в Сестрорецке | ПроМастер,"Сантехник в Сестрорецке с выездом на дом. Устранение протечек, замена смесителей, прочистка канализации. Гарантия на работы. Звоните!"
Сестрорецк,Мастер на час,master-na-chas,+7 (984) 333-32-49,https://master-na-dom.online/master-na-chas-sestroretsk,master-na-chas-sestroretsk,Мастер на час в Сестрорецке | ПроМастер,"Мастер на час в Сестрорецке с выездом на дом. Мелкий ремонт, сборка мебели, навешивание полок. Выезд за 30 минут. Звоните!"
Сестрорецк,Ремонт окон,remont-okon,+7 (984) 333-32-49,https://master-na-dom.online/remont-okon-sestroretsk,remont-okon-sestroretsk,Ремонт окон в Сестрорецке | ПроМастер,"Ремонт окон в Сестрорецке с выездом на дом. Регулировка фурнитуры, замена уплотнителя, устранение продувания. Звоните!"
Сестрорецк,Клининг,klining,+7 (984) 333-32-49,https://master-na-dom.online/klining-sestroretsk,klining-sestroretsk,Клининг в Сестрорецке — вызов мастера на дом | ПроМастер,"Клининг в Сестрорецке с выездом на дом. Генеральная уборка, уборка после ремонта, мытьё окон. Профессиональная химия и оборудование. Звоните!"
Сестрорецк,Сборка мебели,sborka-mebeli,+7 (984) 333-32-49,https://master-na-dom.online/sborka-mebeli-sestroretsk,sborka-mebeli-sestroretsk,Сборка мебели в Сестрорецке — вызов мастера на дом | ПроМастер,"Сборка мебели в Сестрорецке с выездом на дом. Сборка шкафов, кухонь, кроватей и стеллажей. Аккуратно и со своим инструментом. Звоните!"
Смоленск,Ремонт стиральных машин,remont-stiralnyh-mashin,+7 (969) 999-24-97,https://master-na-dom.online/remont-stiralnyh-mashin-smolensk,remont-stiralnyh-mashin-smolensk,Ремонт стиральных машин в Смоленске | ПроМастер,"Ремонт стиральных машин в Смоленске с выездом на дом. Samsung, LG, Bosch, Indesit и другие марки. Диагностика бесплатно. Гарантия на ремонт. Звоните!"
Смоленск,Ремонт холодильников,remont-holodilnikov,+7 (969) 999-24-97,https://master-na-dom.online/remont-holodilnikov-smolensk,remont-holodilnikov-smolensk,Ремонт холодильников в Смоленске | ПроМастер,"Ремонт холодильников в Смоленске с выездом на дом. Samsung, LG, Bosch, Atlant и другие марки. Диагностика бесплатно. Гарантия на ремонт. Звоните!"
Смоленск,Ремонт посудомоечных машин,remont-pmm,+7 (969) 999-24-97,https://master-na-dom.online/remont-pmm-smolensk,remont-pmm-smolensk,Ремонт посудомоечных машин в Смоленске | ПроМастер,"Ремонт посудомоечных машин в Смоленске с выездом на дом. Bosch, Siemens, Electrolux и другие марки. Диагностика бесплатно. Звоните!"
Смоленск,Ремонт кондиционеров,remont-kondicionerov,+7 (969) 999-24-97,https://master-na-dom.online/remont-kondicionerov-smolensk,remont-kondicionerov-smolensk,Ремонт кондиционеров в Смоленске | ПроМастер,"Ремонт кондиционеров в Смоленске с выездом на дом. Обслуживание, заправка фреоном, ремонт сплит-систем. Гарантия на работы. Звоните!"
Смоленск,Компьютерная помощь,kp,+7 (986) 089-07-04,https://master-na-dom.online/kp-smolensk,kp-smolensk,Компьютерная помощь в Смоленске | ПроМастер,"Компьютерная помощь в Смоленске с выездом на дом. Настройка ПК, удаление вирусов, восстановление данных. Выезд мастера на дом. Звоните!"
Смоленск,Ремонт телевизоров,remont-televizorov,+7 (986) 089-07-04,https://master-na-dom.online/remont-televizorov-smolensk,remont-televizorov-smolensk,Ремонт телевизоров в Смоленске | ПроМастер,"Ремонт телевизоров в Смоленске с выездом на дом. Ремонт LED, OLED, Smart TV. Диагностика бесплатно. Гарантия на ремонт. Звоните!"
Смоленск,Ремонт варочных панелей,remont-varochnyh-panelej,+7 (969) 999-24-97,https://master-na-dom.online/remont-varochnyh-panelej-smolensk,remont-varochnyh-panelej-smolensk,Ремонт варочных панелей в Смоленске | ПроМастер,"Ремонт варочных панелей в Смоленске с выездом на дом. Индукционные, электрические и газовые панели. Гарантия на ремонт. Звоните!"
Смоленск,Ремонт духовых шкафов,remont-duhovyh-shkafov,+7 (969) 999-24-97,https://master-na-dom.online/remont-duhovyh-shkafov-smolensk,remont-duhovyh-shkafov-smolensk,Ремонт духовых шкафов в Смоленске | ПроМастер,Ремонт духовых шкафов в Смоленске с выездом на дом. Электрические и газовые духовки. Диагностика бесплатно. Звоните!
Смоленск,Ремонт водонагревателей,remont-vodonagrevatelej,+7 (969) 999-24-97,https://master-na-dom.online/remont-vodonagrevatelej-smolensk,remont-vodonagrevatelej-smolensk,Ремонт водонагревателей в Смоленске | ПроМастер,Ремонт водонагревателей в Смоленске с выездом на дом. Ремонт бойлеров и проточных водонагревателей. Гарантия на работы. Звоните!
Смоленск,Ремонт кофемашин,remont-kofemashin,+7 (969) 999-24-97,https://master-na-dom.online/remont-kofemashin-smolensk,remont-kofemashin-smolensk,Ремонт кофемашин в Смоленске | ПроМастер,"Ремонт кофемашин в Смоленске с выездом на дом. DeLonghi, Saeco, Bosch, Jura и другие марки. Диагностика бесплатно. Звоните!"
Смоленск,Дезинфекция,dezinfekciya,+7 (984) 333-32-49,https://master-na-dom.online/dezinfekciya-smolensk,dezinfekciya-smolensk,Дезинфекция в Смоленске — вызов мастера на дом | ПроМастер,"Дезинфекция в Смоленске с выездом на дом. Уничтожение насекомых, грызунов и плесени. Безопасные препараты, гарантия результата. Звоните!"
Смоленск,Электрик,elektrik,+7 (984) 333-32-49,https://master-na-dom.online/elektrik-smolensk,elektrik-smolensk,Электрик в Смоленске | ПроМастер,"Электрик в Смоленске с выездом на дом. Замена проводки, установка розеток, поиск неисправностей. Гарантия на работы. Звоните!"
Смоленск,Сантехник,santehnik,+7 (984) 333-32-49,https://master-na-dom.online/santehnik-smolensk,santehnik-smolensk,Сантехник в Смоленске | ПроМастер,"Сантехник в Смоленске с выездом на дом. Устранение протечек, замена смесителей, прочистка канализации. Гарантия на работы. Звоните!"
Смоленск,Мастер на час,master-na-chas,+7 (984) 333-32-49,https://master-na-dom.online/master-na-chas-smolensk,master-na-chas-smolensk,Мастер на час в Смоленске | ПроМастер,"Мастер на час в Смоленске с выездом на дом. Мелкий ремонт, сборка мебели, навешивание полок. Выезд за 30 минут. Звоните!"
Смоленск,Ремонт окон,remont-okon,+7 (984) 333-32-49,https://master-na-dom.online/remont-okon-smolensk,remont-okon-smolensk,Ремонт окон в Смоленске | ПроМастер,"Ремонт окон в Смоленске с выездом на дом. Регулировка фурнитуры, замена уплотнителя, устранение продувания. Звоните!"
Смоленск,Клининг,klining,+7 (984) 333-32-49,https://master-na-dom.online/klining-smolensk,klining-smolensk,Клининг в Смоленске — вызов мастера на дом | ПроМастер,"Клининг в Смоленске с выездом на дом. Генеральная уборка, уборка после ремонта, мытьё окон. Профессиональная химия и оборудование. Звоните!"
Смоленск,Сборка мебели,sborka-mebeli,+7 (984) 333-32-49,https://master-na-dom.online/sborka-mebeli-smolensk,sborka-mebeli-smolensk,Сборка мебели в Смоленске — вызов мастера на дом | ПроМастер,"Сборка мебели в Смоленске с выездом на дом. Сборка шкафов, кухонь, кроватей и стеллажей. Аккуратно и со своим инструментом. Звоните!"
Сосновоборск,Ремонт стиральных машин,remont-stiralnyh-mashin,+7 (969) 999-24-97,https://master-na-dom.online/remont-stiralnyh-mashin-sosnovoborsk,remont-stiralnyh-mashin-sosnovoborsk,Ремонт стиральных машин в Сосновоборске | ПроМастер,"Ремонт стиральных машин в Сосновоборске с выездом на дом. Samsung, LG, Bosch, Indesit и другие марки. Диагностика бесплатно. Гарантия на ремонт. Звоните!"
Сосновоборск,Ремонт холодильников,remont-holodilnikov,+7 (969) 999-24-97,https://master-na-dom.online/remont-holodilnikov-sosnovoborsk,remont-holodilnikov-sosnovoborsk,Ремонт холодильников в Сосновоборске | ПроМастер,"Ремонт холодильников в Сосновоборске с выездом на дом. Samsung, LG, Bosch, Atlant и другие марки. Диагностика бесплатно. Гарантия на ремонт. Звоните!"
Сосновоборск,Ремонт посудомоечных машин,remont-pmm,+7 (969) 999-24-97,https://master-na-dom.online/remont-pmm-sosnovoborsk,remont-pmm-sosnovoborsk,Ремонт посудомоечных машин в Сосновоборске | ПроМастер,"Ремонт посудомоечных машин в Сосновоборске с выездом на дом. Bosch, Siemens, Electrolux и другие марки. Диагностика бесплатно. Звоните!"
Сосновоборск,Ремонт кондиционеров,remont-kondicionerov,+7 (969) 999-24-97,https://master-na-dom.online/remont-kondicionerov-sosnovoborsk,remont-kondicionerov-sosnovoborsk,Ремонт кондиционеров в Сосновоборске | ПроМастер,"Ремонт кондиционеров в Сосновоборске с выездом на дом. Обслуживание, заправка фреоном, ремонт сплит-систем. Гарантия на работы. Звоните!"
Сосновоборск,Компьютерная помощь,kp,+7 (986) 089-07-04,https://master-na-dom.online/kp-sosnovoborsk,kp-sosnovoborsk,Компьютерная помощь в Сосновоборске | ПроМастер,"Компьютерная помощь в Сосновоборске с выездом на дом. Настройка ПК, удаление вирусов, восстановление данных. Выезд мастера на дом. Звоните!"
Сосновоборск,Ремонт телевизоров,remont-televizorov,+7 (986) 089-07-04,https://master-na-dom.online/remont-televizorov-sosnovoborsk,remont-televizorov-sosnovoborsk,Ремонт телевизоров в Сосновоборске | ПроМастер,"Ремонт телевизоров в Сосновоборске с выездом на дом. Ремонт LED, OLED, Smart TV. Диагностика бесплатно. Гарантия на ремонт. Звоните!"
Сосновоборск,Ремонт варочных панелей,remont-varochnyh-panelej,+7 (969) 999-24-97,https://master-na-dom.online/remont-varochnyh-panelej-sosnovoborsk,remont-varochnyh-panelej-sosnovoborsk,Ремонт варочных панелей в Сосновоборске | ПроМастер,"Ремонт варочных панелей в Сосновоборске с выездом на дом. Индукционные, электрические и газовые панели. Гарантия на ремонт. Звоните!"
Сосновоборск,Ремонт духовых шкафов,remont-duhovyh-shkafov,+7 (969) 999-24-97,https://master-na-dom.online/remont-duhovyh-shkafov-sosnovoborsk,remont-duhovyh-shkafov-sosnovoborsk,Ремонт духовых шкафов в Сосновоборске | ПроМастер,Ремонт духовых шкафов в Сосновоборске с выездом на дом. Электрические и газовые духовки. Диагностика бесплатно. Звоните!
Сосновоборск,Ремонт водонагревателей,remont-vodonagrevatelej,+7 (969) 999-24-97,https://master-na-dom.online/remont-vodonagrevatelej-sosnovoborsk,remont-vodonagrevatelej-sosnovoborsk,Ремонт водонагревателей в Сосновоборске | ПроМастер,Ремонт водонагревателей в Сосновоборске с выездом на дом. Ремонт бойлеров и проточных водонагревателей. Гарантия на работы. Звоните!
Сосновоборск,Ремонт кофемашин,remont-kofemashin,+7 (969) 999-24-97,https://master-na-dom.online/remont-kofemashin-sosnovoborsk,remont-kofemashin-sosnovoborsk,Ремонт кофемашин в Сосновоборске | ПроМастер,"Ремонт кофемашин в Сосновоборске с выездом на дом. DeLonghi, Saeco, Bosch, Jura и другие марки. Диагностика бесплатно. Звоните!"
Сосновоборск,Дезинфекция,dezinfekciya,+7 (984) 333-32-49,https://master-na-dom.online/dezinfekciya-sosnovoborsk,dezinfekciya-sosnovoborsk,Дезинфекция в Сосновоборске — вызов мастера на дом | ПроМастер,"Дезинфекция в Сосновоборске с выездом на дом. Уничтожение насекомых, грызунов и плесени. Безопасные препараты, гарантия результата. Звоните!"
Сосновоборск,Электрик,elektrik,+7 (984) 333-32-49,https://master-na-dom.online/elektrik-sosnovoborsk,elektrik-sosnovoborsk,Электрик в Сосновоборске | ПроМастер,"Электрик в Сосновоборске с выездом на дом. Замена проводки, установка розеток, поиск неисправностей. Гарантия на работы. Звоните!"
Сосновоборск,Сантехник,santehnik,+7 (984) 333-32-49,https://master-na-dom.online/santehnik-sosnovoborsk,santehnik-sosnovoborsk,Сантехник в Сосновоборске | ПроМастер,"Сантехник в Сосновоборске с выездом на дом. Устранение протечек, замена смесителей, прочистка канализации. Гарантия на работы. Звоните!"
Сосновоборск,Мастер на час,master-na-chas,+7 (984) 333-32-49,https://master-na-dom.online/master-na-chas-sosnovoborsk,master-na-chas-sosnovoborsk,Мастер на час в Сосновоборске | ПроМастер,"Мастер на час в Сосновоборске с выездом на дом. Мелкий ремонт, сборка мебели, навешивание полок. Выезд за 30 минут. Звоните!"
Сосновоборск,Ремонт окон,remont-okon,+7 (984) 333-32-49,https://master-na-dom.online/remont-okon-sosnovoborsk,remont-okon-sosnovoborsk,Ремонт окон в Сосновоборске | ПроМастер,"Ремонт окон в Сосновоборске с выездом на дом. Регулировка фурнитуры, замена уплотнителя, устранение продувания. Звоните!"
Сосновоборск,Клининг,klining,+7 (984) 333-32-49,https://master-na-dom.online/klining-sosnovoborsk,klining-sosnovoborsk,Клининг в Сосновоборске — вызов мастера на дом | ПроМастер,"Клининг в Сосновоборске с выездом на дом. Генеральная уборка, уборка после ремонта, мытьё окон. Профессиональная химия и оборудование. Звоните!"
Сосновоборск,Сборка мебели,sborka-mebeli,+7 (984) 333-32-49,https://master-na-dom.online/sborka-mebeli-sosnovoborsk,sborka-mebeli-sosnovoborsk,Сборка мебели в Сосновоборске — вызов мастера на дом | ПроМастер,"Сборка мебели в Сосновоборске с выездом на дом. Сборка шкафов, кухонь, кроватей и стеллажей. Аккуратно и со своим инструментом. Звоните!"
Сочи,Ремонт стиральных машин,remont-stiralnyh-mashin,+7 (969) 999-24-97,https://master-na-dom.online/remont-stiralnyh-mashin-sochi,remont-stiralnyh-mashin-sochi,Ремонт стиральных машин в Сочи | ПроМастер,"Ремонт стиральных машин в Сочи с выездом на дом. Samsung, LG, Bosch, Indesit и другие марки. Диагностика бесплатно. Гарантия на ремонт. Звоните!"
Сочи,Ремонт холодильников,remont-holodilnikov,+7 (969) 999-24-97,https://master-na-dom.online/remont-holodilnikov-sochi,remont-holodilnikov-sochi,Ремонт холодильников в Сочи | ПроМастер,"Ремонт холодильников в Сочи с выездом на дом. Samsung, LG, Bosch, Atlant и другие марки. Диагностика бесплатно. Гарантия на ремонт. Звоните!"
Сочи,Ремонт посудомоечных машин,remont-pmm,+7 (969) 999-24-97,https://master-na-dom.online/remont-pmm-sochi,remont-pmm-sochi,Ремонт посудомоечных машин в Сочи | ПроМастер,"Ремонт посудомоечных машин в Сочи с выездом на дом. Bosch, Siemens, Electrolux и другие марки. Диагностика бесплатно. Звоните!"
Сочи,Ремонт кондиционеров,remont-kondicionerov,+7 (969) 999-24-97,https://master-na-dom.online/remont-kondicionerov-sochi,remont-kondicionerov-sochi,Ремонт кондиционеров в Сочи | ПроМастер,"Ремонт кондиционеров в Сочи с выездом на дом. Обслуживание, заправка фреоном, ремонт сплит-систем. Гарантия на работы. Звоните!"
Сочи,Компьютерная помощь,kp,+7 (986) 089-07-04,https://master-na-dom.online/kp-sochi,kp-sochi,Компьютерная помощь в Сочи | ПроМастер,"Компьютерная помощь в Сочи с выездом на дом. Настройка ПК, удаление вирусов, восстановление данных. Выезд мастера на дом. Звоните!"
Сочи,Ремонт телевизоров,remont-televizorov,+7 (986) 089-07-04,https://master-na-dom.online/remont-televizorov-sochi,remont-televizorov-sochi,Ремонт телевизоров в Сочи | ПроМастер,"Ремонт телевизоров в Сочи с выездом на дом. Ремонт LED, OLED, Smart TV. Диагностика бесплатно. Гарантия на ремонт. Звоните!"
Сочи,Ремонт варочных панелей,remont-varochnyh-panelej,+7 (969) 999-24-97,https://master-na-dom.online/remont-varochnyh-panelej-sochi,remont-varochnyh-panelej-sochi,Ремонт варочных панелей в Сочи | ПроМастер,"Ремонт варочных панелей в Сочи с выездом на дом. Индукционные, электрические и газовые панели. Гарантия на ремонт. Звоните!"
Сочи,Ремонт духовых шкафов,remont-duhovyh-shkafov,+7 (969) 999-24-97,https://master-na-dom.online/remont-duhovyh-shkafov-sochi,remont-duhovyh-shkafov-sochi,Ремонт духовых шкафов в Сочи | ПроМастер,Ремонт духовых шкафов в Сочи с выездом на дом. Электрические и газовые духовки. Диагностика бесплатно. Звоните!
Сочи,Ремонт водонагревателей,remont-vodonagrevatelej,+7 (969) 999-24-97,https://master-na-dom.online/remont-vodonagrevatelej-sochi,remont-vodonagrevatelej-sochi,Ремонт водонагревателей в Сочи | ПроМастер,Ремонт водонагревателей в Сочи с выездом на дом. Ремонт бойлеров и проточных водонагревателей. Гарантия на работы. Звоните!
Сочи,Ремонт кофемашин,remont-kofemashin,+7 (969) 999-24-97,https://master-na-dom.online/remont-kofemashin-sochi,remont-kofemashin-sochi,Ремонт кофемашин в Сочи | ПроМастер,"Ремонт кофемашин в Сочи с выездом на дом. DeLonghi, Saeco, Bosch, Jura и другие марки. Диагностика бесплатно. Звоните!"
Сочи,Дезинфекция,dezinfekciya,+7 (984) 333-32-49,https://master-na-dom.online/dezinfekciya-sochi,dezinfekciya-sochi,Дезинфекция в Сочи — вызов мастера на дом | ПроМастер,"Дезинфекция в Сочи с выездом на дом. Уничтожение насекомых, грызунов и плесени. Безопасные препараты, гарантия результата. Звоните!"
Сочи,Электрик,elektrik,+7 (984) 333-32-49,https://master-na-dom.online/elektrik-sochi,elektrik-sochi,Электрик в Сочи | ПроМастер,"Электрик в Сочи с выездом на дом. Замена проводки, установка розеток, поиск неисправностей. Гарантия на работы. Звоните!"
Сочи,Сантехник,santehnik,+7 (984) 333-32-49,https://master-na-dom.online/santehnik-sochi,santehnik-sochi,Сантехник в Сочи | ПроМастер,"Сантехник в Сочи с выездом на дом. Устранение протечек, замена смесителей, прочистка канализации. Гарантия на работы. Звоните!"
Сочи,Мастер на час,master-na-chas,+7 (984) 333-32-49,https://master-na-dom.online/master-na-chas-sochi,master-na-chas-sochi,Мастер на час в Сочи | ПроМастер,"Мастер на час в Сочи с выездом на дом. Мелкий ремонт, сборка мебели, навешивание полок. Выезд за 30 минут. Звоните!"
Сочи,Ремонт окон,remont-okon,+7 (984) 333-32-49,https://master-na-dom.online/remont-okon-sochi,remont-okon-sochi,Ремонт окон в Сочи | ПроМастер,"Ремонт окон в Сочи с выездом на дом. Регулировка фурнитуры, замена уплотнителя, устранение продувания. Звоните!"
Сочи,Клининг,klining,+7 (984) 333-32-49,https://master-na-dom.online/klining-sochi,klining-sochi,Клининг в Сочи — вызов мастера на дом | ПроМастер,"Клининг в Сочи с выездом на дом. Генеральная уборка, уборка после ремонта, мытьё окон. Профессиональная химия и оборудование. Звоните!"
Сочи,Сборка мебели,sborka-mebeli,+7 (984) 333-32-49,https://master-na-dom.online/sborka-mebeli-sochi,sborka-mebeli-sochi,Сборка мебели в Сочи — вызов мастера на дом | ПроМастер,"Сборка мебели в Сочи с выездом на дом. Сборка шкафов, кухонь, кроватей и стеллажей. Аккуратно и со своим инструментом. Звоните!"
Стерлитамак,Ремонт стиральных машин,remont-stiralnyh-mashin,+7 (969) 999-24-97,https://master-na-dom.online/remont-stiralnyh-mashin-sterlitamak,remont-stiralnyh-mashin-sterlitamak,Ремонт стиральных машин в Стерлитамаке | ПроМастер,"Ремонт стиральных машин в Стерлитамаке с выездом на дом. Samsung, LG, Bosch, Indesit и другие марки. Диагностика бесплатно. Гарантия на ремонт. Звоните!"
Стерлитамак,Ремонт холодильников,remont-holodilnikov,+7 (969) 999-24-97,https://master-na-dom.online/remont-holodilnikov-sterlitamak,remont-holodilnikov-sterlitamak,Ремонт холодильников в Стерлитамаке | ПроМастер,"Ремонт холодильников в Стерлитамаке с выездом на дом. Samsung, LG, Bosch, Atlant и другие марки. Диагностика бесплатно. Гарантия на ремонт. Звоните!"
Стерлитамак,Ремонт посудомоечных машин,remont-pmm,+7 (969) 999-24-97,https://master-na-dom.online/remont-pmm-sterlitamak,remont-pmm-sterlitamak,Ремонт посудомоечных машин в Стерлитамаке | ПроМастер,"Ремонт посудомоечных машин в Стерлитамаке с выездом на дом. Bosch, Siemens, Electrolux и другие марки. Диагностика бесплатно. Звоните!"
Стерлитамак,Ремонт кондиционеров,remont-kondicionerov,+7 (969) 999-24-97,https://master-na-dom.online/remont-kondicionerov-sterlitamak,remont-kondicionerov-sterlitamak,Ремонт кондиционеров в Стерлитамаке | ПроМастер,"Ремонт кондиционеров в Стерлитамаке с выездом на дом. Обслуживание, заправка фреоном, ремонт сплит-систем. Гарантия на работы. Звоните!"
Стерлитамак,Компьютерная помощь,kp,+7 (986) 089-07-04,https://master-na-dom.online/kp-sterlitamak,kp-sterlitamak,Компьютерная помощь в Стерлитамаке | ПроМастер,"Компьютерная помощь в Стерлитамаке с выездом на дом. Настройка ПК, удаление вирусов, восстановление данных. Выезд мастера на дом. Звоните!"
Стерлитамак,Ремонт телевизоров,remont-televizorov,+7 (986) 089-07-04,https://master-na-dom.online/remont-televizorov-sterlitamak,remont-televizorov-sterlitamak,Ремонт телевизоров в Стерлитамаке | ПроМастер,"Ремонт телевизоров в Стерлитамаке с выездом на дом. Ремонт LED, OLED, Smart TV. Диагностика бесплатно. Гарантия на ремонт. Звоните!"
Стерлитамак,Ремонт варочных панелей,remont-varochnyh-panelej,+7 (969) 999-24-97,https://master-na-dom.online/remont-varochnyh-panelej-sterlitamak,remont-varochnyh-panelej-sterlitamak,Ремонт варочных панелей в Стерлитамаке | ПроМастер,"Ремонт варочных панелей в Стерлитамаке с выездом на дом. Индукционные, электрические и газовые панели. Гарантия на ремонт. Звоните!"
Стерлитамак,Ремонт духовых шкафов,remont-duhovyh-shkafov,+7 (969) 999-24-97,https://master-na-dom.online/remont-duhovyh-shkafov-sterlitamak,remont-duhovyh-shkafov-sterlitamak,Ремонт духовых шкафов в Стерлитамаке | ПроМастер,Ремонт духовых шкафов в Стерлитамаке с выездом на дом. Электрические и газовые духовки. Диагностика бесплатно. Звоните!
Стерлитамак,Ремонт водонагревателей,remont-vodonagrevatelej,+7 (969) 999-24-97,https://master-na-dom.online/remont-vodonagrevatelej-sterlitamak,remont-vodonagrevatelej-sterlitamak,Ремонт водонагревателей в Стерлитамаке | ПроМастер,Ремонт водонагревателей в Стерлитамаке с выездом на дом. Ремонт бойлеров и проточных водонагревателей. Гарантия на работы. Звоните!
Стерлитамак,Ремонт кофемашин,remont-kofemashin,+7 (969) 999-24-97,https://master-na-dom.online/remont-kofemashin-sterlitamak,remont-kofemashin-sterlitamak,Ремонт кофемашин в Стерлитамаке | ПроМастер,"Ремонт кофемашин в Стерлитамаке с выездом на дом. DeLonghi, Saeco, Bosch, Jura и другие марки. Диагностика бесплатно. Звоните!"
Стерлитамак,Дезинфекция,dezinfekciya,+7 (984) 333-32-49,https://master-na-dom.online/dezinfekciya-sterlitamak,dezinfekciya-sterlitamak,Дезинфекция в Стерлитамаке — вызов мастера на дом | ПроМастер,"Дезинфекция в Стерлитамаке с выездом на дом. Уничтожение насекомых, грызунов и плесени. Безопасные препараты, гарантия результата. Звоните!"
Стерлитамак,Электрик,elektrik,+7 (984) 333-32-49,https://master-na-dom.online/elektrik-sterlitamak,elektrik-sterlitamak,Электрик в Стерлитамаке | ПроМастер,"Электрик в Стерлитамаке с выездом на дом. Замена проводки, установка розеток, поиск неисправностей. Гарантия на работы. Звоните!"
Стерлитамак,Сантехник,santehnik,+7 (984) 333-32-49,https://master-na-dom.online/santehnik-sterlitamak,santehnik-sterlitamak,Сантехник в Стерлитамаке | ПроМастер,"Сантехник в Стерлитамаке с выездом на дом. Устранение протечек, замена смесителей, прочистка канализации. Гарантия на работы. Звоните!"
Стерлитамак,Мастер на час,master-na-chas,+7 (984) 333-32-49,https://master-na-dom.online/master-na-chas-sterlitamak,master-na-chas-sterlitamak,Мастер на час в Стерлитамаке | ПроМастер,"Мастер на час в Стерлитамаке с выездом на дом. Мелкий ремонт, сборка мебели, навешивание полок. Выезд за 30 минут. Звоните!"
Стерлитамак,Ремонт окон,remont-okon,+7 (984) 333-32-49,https://master-na-dom.online/remont-okon-sterlitamak,remont-okon-sterlitamak,Ремонт окон в Стерлитамаке | ПроМастер,"Ремонт окон в Стерлитамаке с выездом на дом. Регулировка фурнитуры, замена уплотнителя, устранение продувания. Звоните!"
Стерлитамак,Клининг,klining,+7 (984) 333-32-49,https://master-na-dom.online/klining-sterlitamak,klining-sterlitamak,Клининг в Стерлитамаке — вызов мастера на дом | ПроМастер,"Клининг в Стерлитамаке с выездом на дом. Генеральная уборка, уборка после ремонта, мытьё окон. Профессиональная химия и оборудование. Звоните!"
Стерлитамак,Сборка мебели,sborka-mebeli,+7 (984) 333-32-49,https://master-na-dom.online/sborka-mebeli-sterlitamak,sborka-mebeli-sterlitamak,Сборка мебели в Стерлитамаке — вызов мастера на дом | ПроМастер,"Сборка мебели в Стерлитамаке с выездом на дом. Сборка шкафов, кухонь, кроватей и стеллажей. Аккуратно и со своим инструментом. Звоните!"
Сургут,Ремонт стиральных машин,remont-stiralnyh-mashin,+7 (969) 999-24-97,https://master-na-dom.online/remont-stiralnyh-mashin-surgut,remont-stiralnyh-mashin-surgut,Ремонт стиральных машин в Сургуте | ПроМастер,"Ремонт стиральных машин в Сургуте с выездом на дом. Samsung, LG, Bosch, Indesit и другие марки. Диагностика бесплатно. Гарантия на ремонт. Звоните!"
Сургут,Ремонт холодильников,remont-holodilnikov,+7 (969) 999-24-97,https://master-na-dom.online/remont-holodilnikov-surgut,remont-holodilnikov-surgut,Ремонт холодильников в Сургуте | ПроМастер,"Ремонт холодильников в Сургуте с выездом на дом. Samsung, LG, Bosch, Atlant и другие марки. Диагностика бесплатно. Гарантия на ремонт. Звоните!"
Сургут,Ремонт посудомоечных машин,remont-pmm,+7 (969) 999-24-97,https://master-na-dom.online/remont-pmm-surgut,remont-pmm-surgut,Ремонт посудомоечных машин в Сургуте | ПроМастер,"Ремонт посудомоечных машин в Сургуте с выездом на дом. Bosch, Siemens, Electrolux и другие марки. Диагностика бесплатно. Звоните!"
Сургут,Ремонт кондиционеров,remont-kondicionerov,+7 (969) 999-24-97,https://master-na-dom.online/remont-kondicionerov-surgut,remont-kondicionerov-surgut,Ремонт кондиционеров в Сургуте | ПроМастер,"Ремонт кондиционеров в Сургуте с выездом на дом. Обслуживание, заправка фреоном, ремонт сплит-систем. Гарантия на работы. Звоните!"
Сургут,Компьютерная помощь,kp,+7 (986) 089-07-04,https://master-na-dom.online/kp-surgut,kp-surgut,Компьютерная помощь в Сургуте | ПроМастер,"Компьютерная помощь в Сургуте с выездом на дом. Настройка ПК, удаление вирусов, восстановление данных. Выезд мастера на дом. Звоните!"
Сургут,Ремонт телевизоров,remont-televizorov,+7 (986) 089-07-04,https://master-na-dom.online/remont-televizorov-surgut,remont-televizorov-surgut,Ремонт телевизоров в Сургуте | ПроМастер,"Ремонт телевизоров в Сургуте с выездом на дом. Ремонт LED, OLED, Smart TV. Диагностика бесплатно. Гарантия на ремонт. Звоните!"
Сургут,Ремонт варочных панелей,remont-varochnyh-panelej,+7 (969) 999-24-97,https://master-na-dom.online/remont-varochnyh-panelej-surgut,remont-varochnyh-panelej-surgut,Ремонт варочных панелей в Сургуте | ПроМастер,"Ремонт варочных панелей в Сургуте с выездом на дом. Индукционные, электрические и газовые панели. Гарантия на ремонт. Звоните!"
Сургут,Ремонт духовых шкафов,remont-duhovyh-shkafov,+7 (969) 999-24-97,https://master-na-dom.online/remont-duhovyh-shkafov-surgut,remont-duhovyh-shkafov-surgut,Ремонт духовых шкафов в Сургуте | ПроМастер,Ремонт духовых шкафов в Сургуте с выездом на дом. Электрические и газовые духовки. Диагностика бесплатно. Звоните!
Сургут,Ремонт водонагревателей,remont-vodonagrevatelej,+7 (969) 999-24-97,https://master-na-dom.online/remont-vodonagrevatelej-surgut,remont-vodonagrevatelej-surgut,Ремонт водонагревателей в Сургуте | ПроМастер,Ремонт водонагревателей в Сургуте с выездом на дом. Ремонт бойлеров и проточных водонагревателей. Гарантия на работы. Звоните!
Сургут,Ремонт кофемашин,remont-kofemashin,+7 (969) 999-24-97,https://master-na-dom.online/remont-kofemashin-surgut,remont-kofemashin-surgut,Ремонт кофемашин в Сургуте | ПроМастер,"Ремонт кофемашин в Сургуте с выездом на дом. DeLonghi, Saeco, Bosch, Jura и другие марки. Диагностика бесплатно. Звоните!"
Сургут,Дезинфекция,dezinfekciya,+7 (984) 333-32-49,https://master-na-dom.online/dezinfekciya-surgut,dezinfekciya-surgut,Дезинфекция в Сургуте — вызов мастера на дом | ПроМастер,"Дезинфекция в Сургуте с выездом на дом. Уничтожение насекомых, грызунов и плесени. Безопасные препараты, гарантия результата. Звоните!"
Сургут,Электрик,elektrik,+7 (984) 333-32-49,https://master-na-dom.online/elektrik-surgut,elektrik-surgut,Электрик в Сургуте | ПроМастер,"Электрик в Сургуте с выездом на дом. Замена проводки, установка розеток, поиск неисправностей. Гарантия на работы. Звоните!"
Сургут,Сантехник,santehnik,+7 (984) 333-32-49,https://master-na-dom.online/santehnik-surgut,santehnik-surgut,Сантехник в Сургуте | ПроМастер,"Сантехник в Сургуте с выездом на дом. Устранение протечек, замена смесителей, прочистка канализации. Гарантия на работы. Звоните!"
Сургут,Мастер на час,master-na-chas,+7 (984) 333-32-49,https://master-na-dom.online/master-na-chas-surgut,master-na-chas-surgut,Мастер на час в Сургуте | ПроМастер,"Мастер на час в Сургуте с выездом на дом. Мелкий ремонт, сборка мебели, навешивание полок. Выезд за 30 минут. Звоните!"
Сургут,Ремонт окон,remont-okon,+7 (984) 333-32-49,https://master-na-dom.online/remont-okon-surgut,remont-okon-surgut,Ремонт окон в Сургуте | ПроМастер,"Ремонт окон в Сургуте с выездом на дом. Регулировка фурнитуры, замена уплотнителя, устранение продувания. Звоните!"
Сургут,Клининг,klining,+7 (984) 333-32-49,https://master-na-dom.online/klining-surgut,klining-surgut,Клининг в Сургуте — вызов мастера на дом | ПроМастер,"Клининг в Сургуте с выездом на дом. Генеральная уборка, уборка после ремонта, мытьё окон. Профессиональная химия и оборудование. Звоните!"
Сургут,Сборка мебели,sborka-mebeli,+7 (984) 333-32-49,https://master-na-dom.online/sborka-mebeli-surgut,sborka-mebeli-surgut,Сборка мебели в Сургуте — вызов мастера на дом | ПроМастер,"Сборка мебели в Сургуте с выездом на дом. Сборка шкафов, кухонь, кроватей и стеллажей. Аккуратно и со своим инструментом. Звоните!"
Сызрань,Ремонт стиральных машин,remont-stiralnyh-mashin,+7 (969) 999-24-97,https://master-na-dom.online/remont-stiralnyh-mashin-syzran,remont-stiralnyh-mashin-syzran,Ремонт стиральных машин в Сызрани | ПроМастер,"Ремонт стиральных машин в Сызрани с выездом на дом. Samsung, LG, Bosch, Indesit и другие марки. Диагностика бесплатно. Гарантия на ремонт. Звоните!"
Сызрань,Ремонт холодильников,remont-holodilnikov,+7 (969) 999-24-97,https://master-na-dom.online/remont-holodilnikov-syzran,remont-holodilnikov-syzran,Ремонт холодильников в Сызрани | ПроМастер,"Ремонт холодильников в Сызрани с выездом на дом. Samsung, LG, Bosch, Atlant и другие марки. Диагностика бесплатно. Гарантия на ремонт. Звоните!"
Сызрань,Ремонт посудомоечных машин,remont-pmm,+7 (969) 999-24-97,https://master-na-dom.online/remont-pmm-syzran,remont-pmm-syzran,Ремонт посудомоечных машин в Сызрани | ПроМастер,"Ремонт посудомоечных машин в Сызрани с выездом на дом. Bosch, Siemens, Electrolux и другие марки. Диагностика бесплатно. Звоните!"
Сызрань,Ремонт кондиционеров,remont-kondicionerov,+7 (969) 999-24-97,https://master-na-dom.online/remont-kondicionerov-syzran,remont-kondicionerov-syzran,Ремонт кондиционеров в Сызрани | ПроМастер,"Ремонт кондиционеров в Сызрани с выездом на дом. Обслуживание, заправка фреоном, ремонт сплит-систем. Гарантия на работы. Звоните!"
Сызрань,Компьютерная помощь,kp,+7 (986) 089-07-04,https://master-na-dom.online/kp-syzran,kp-syzran,Компьютерная помощь в Сызрани | ПроМастер,"Компьютерная помощь в Сызрани с выездом на дом. Настройка ПК, удаление вирусов, восстановление данных. Выезд мастера на дом. Звоните!"
Сызрань,Ремонт телевизоров,remont-televizorov,+7 (986) 089-07-04,https://master-na-dom.online/remont-televizorov-syzran,remont-televizorov-syzran,Ремонт телевизоров в Сызрани | ПроМастер,"Ремонт телевизоров в Сызрани с выездом на дом. Ремонт LED, OLED, Smart TV. Диагностика бесплатно. Гарантия на ремонт. Звоните!"
Сызрань,Ремонт варочных панелей,remont-varochnyh-panelej,+7 (969) 999-24-97,https://master-na-dom.online/remont-varochnyh-panelej-syzran,remont-varochnyh-panelej-syzran,Ремонт варочных панелей в Сызрани | ПроМастер,"Ремонт варочных панелей в Сызрани с выездом на дом. Индукционные, электрические и газовые панели. Гарантия на ремонт. Звоните!"
Сызрань,Ремонт духовых шкафов,remont-duhovyh-shkafov,+7 (969) 999-24-97,https://master-na-dom.online/remont-duhovyh-shkafov-syzran,remont-duhovyh-shkafov-syzran,Ремонт духовых шкафов в Сызрани | ПроМастер,Ремонт духовых шкафов в Сызрани с выездом на дом. Электрические и газовые духовки. Диагностика бесплатно. Звоните!
Сызрань,Ремонт водонагревателей,remont-vodonagrevatelej,+7 (969) 999-24-97,https://master-na-dom.online/remont-vodonagrevatelej-syzran,remont-vodonagrevatelej-syzran,Ремонт водонагревателей в Сызрани | ПроМастер,Ремонт водонагревателей в Сызрани с выездом на дом. Ремонт бойлеров и проточных водонагревателей. Гарантия на работы. Звоните!
Сызрань,Ремонт кофемашин,remont-kofemashin,+7 (969) 999-24-97,https://master-na-dom.online/remont-kofemashin-syzran,remont-kofemashin-syzran,Ремонт кофемашин в Сызрани | ПроМастер,"Ремонт кофемашин в Сызрани с выездом на дом. DeLonghi, Saeco, Bosch, Jura и другие марки. Диагностика бесплатно. Звоните!"
Сызрань,Дезинфекция,dezinfekciya,+7 (984) 333-32-49,https://master-na-dom.online/dezinfekciya-syzran,dezinfekciya-syzran,Дезинфекция в Сызрани — вызов мастера на дом | ПроМастер,"Дезинфекция в Сызрани с выездом на дом. Уничтожение насекомых, грызунов и плесени. Безопасные препараты, гарантия результата. Звоните!"
Сызрань,Электрик,elektrik,+7 (984) 333-32-49,https://master-na-dom.online/elektrik-syzran,elektrik-syzran,Электрик в Сызрани | ПроМастер,"Электрик в Сызрани с выездом на дом. Замена проводки, установка розеток, поиск неисправностей. Гарантия на работы. Звоните!"
Сызрань,Сантехник,santehnik,+7 (984) 333-32-49,https://master-na-dom.online/santehnik-syzran,santehnik-syzran,Сантехник в Сызрани | ПроМастер,"Сантехник в Сызрани с выездом на дом. Устранение протечек, замена смесителей, прочистка канализации. Гарантия на работы. Звоните!"
Сызрань,Мастер на час,master-na-chas,+7 (984) 333-32-49,https://master-na-dom.online/master-na-chas-syzran,master-na-chas-syzran,Мастер на час в Сызрани | ПроМастер,"Мастер на час в Сызрани с выездом на дом. Мелкий ремонт, сборка мебели, навешивание полок. Выезд за 30 минут. Звоните!"
Сызрань,Ремонт окон,remont-okon,+7 (984) 333-32-49,https://master-na-dom.online/remont-okon-syzran,remont-okon-syzran,Ремонт окон в Сызрани | ПроМастер,"Ремонт окон в Сызрани с выездом на дом. Регулировка фурнитуры, замена уплотнителя, устранение продувания. Звоните!"
Сызрань,Клининг,klining,+7 (984) 333-32-49,https://master-na-dom.online/klining-syzran,klining-syzran,Клининг в Сызрани — вызов мастера на дом | ПроМастер,"Клининг в Сызрани с выездом на дом. Генеральная уборка, уборка после ремонта, мытьё окон. Профессиональная химия и оборудование. Звоните!"
Сызрань,Сборка мебели,sborka-mebeli,+7 (984) 333-32-49,https://master-na-dom.online/sborka-mebeli-syzran,sborka-mebeli-syzran,Сборка мебели в Сызрани — вызов мастера на дом | ПроМастер,"Сборка мебели в Сызрани с выездом на дом. Сборка шкафов, кухонь, кроватей и стеллажей. Аккуратно и со своим инструментом. Звоните!"
Тамбов,Ремонт стиральных машин,remont-stiralnyh-mashin,+7 (969) 999-24-97,https://master-na-dom.online/remont-stiralnyh-mashin-tambov,remont-stiralnyh-mashin-tambov,Ремонт стиральных машин в Тамбове | ПроМастер,"Ремонт стиральных машин в Тамбове с выездом на дом. Samsung, LG, Bosch, Indesit и другие марки. Диагностика бесплатно. Гарантия на ремонт. Звоните!"
Тамбов,Ремонт холодильников,remont-holodilnikov,+7 (969) 999-24-97,https://master-na-dom.online/remont-holodilnikov-tambov,remont-holodilnikov-tambov,Ремонт холодильников в Тамбове | ПроМастер,"Ремонт холодильников в Тамбове с выездом на дом. Samsung, LG, Bosch, Atlant и другие марки. Диагностика бесплатно. Гарантия на ремонт. Звоните!"
Тамбов,Ремонт посудомоечных машин,remont-pmm,+7 (969) 999-24-97,https://master-na-dom.online/remont-pmm-tambov,remont-pmm-tambov,Ремонт посудомоечных машин в Тамбове | ПроМастер,"Ремонт посудомоечных машин в Тамбове с выездом на дом. Bosch, Siemens, Electrolux и другие марки. Диагностика бесплатно. Звоните!"
Тамбов,Ремонт кондиционеров,remont-kondicionerov,+7 (969) 999-24-97,https://master-na-dom.online/remont-kondicionerov-tambov,remont-kondicionerov-tambov,Ремонт кондиционеров в Тамбове | ПроМастер,"Ремонт кондиционеров в Тамбове с выездом на дом. Обслуживание, заправка фреоном, ремонт сплит-систем. Гарантия на работы. Звоните!"
Тамбов,Компьютерная помощь,kp,+7 (986) 089-07-04,https://master-na-dom.online/kp-tambov,kp-tambov,Компьютерная помощь в Тамбове | ПроМастер,"Компьютерная помощь в Тамбове с выездом на дом. Настройка ПК, удаление вирусов, восстановление данных. Выезд мастера на дом. Звоните!"
Тамбов,Ремонт телевизоров,remont-televizorov,+7 (986) 089-07-04,https://master-na-dom.online/remont-televizorov-tambov,remont-televizorov-tambov,Ремонт телевизоров в Тамбове | ПроМастер,"Ремонт телевизоров в Тамбове с выездом на дом. Ремонт LED, OLED, Smart TV. Диагностика бесплатно. Гарантия на ремонт. Звоните!"
Тамбов,Ремонт варочных панелей,remont-varochnyh-panelej,+7 (969) 999-24-97,https://master-na-dom.online/remont-varochnyh-panelej-tambov,remont-varochnyh-panelej-tambov,Ремонт варочных панелей в Тамбове | ПроМастер,"Ремонт варочных панелей в Тамбове с выездом на дом. Индукционные, электрические и газовые панели. Гарантия на ремонт. Звоните!"
Тамбов,Ремонт духовых шкафов,remont-duhovyh-shkafov,+7 (969) 999-24-97,https://master-na-dom.online/remont-duhovyh-shkafov-tambov,remont-duhovyh-shkafov-tambov,Ремонт духовых шкафов в Тамбове | ПроМастер,Ремонт духовых шкафов в Тамбове с выездом на дом. Электрические и газовые духовки. Диагностика бесплатно. Звоните!
Тамбов,Ремонт водонагревателей,remont-vodonagrevatelej,+7 (969) 999-24-97,https://master-na-dom.online/remont-vodonagrevatelej-tambov,remont-vodonagrevatelej-tambov,Ремонт водонагревателей в Тамбове | ПроМастер,Ремонт водонагревателей в Тамбове с выездом на дом. Ремонт бойлеров и проточных водонагревателей. Гарантия на работы. Звоните!
Тамбов,Ремонт кофемашин,remont-kofemashin,+7 (969) 999-24-97,https://master-na-dom.online/remont-kofemashin-tambov,remont-kofemashin-tambov,Ремонт кофемашин в Тамбове | ПроМастер,"Ремонт кофемашин в Тамбове с выездом на дом. DeLonghi, Saeco, Bosch, Jura и другие марки. Диагностика бесплатно. Звоните!"
Тамбов,Дезинфекция,dezinfekciya,+7 (984) 333-32-49,https://master-na-dom.online/dezinfekciya-tambov,dezinfekciya-tambov,Дезинфекция в Тамбове — вызов мастера на дом | ПроМастер,"Дезинфекция в Тамбове с выездом на дом. Уничтожение насекомых, грызунов и плесени. Безопасные препараты, гарантия результата. Звоните!"
Тамбов,Электрик,elektrik,+7 (984) 333-32-49,https://master-na-dom.online/elektrik-tambov,elektrik-tambov,Электрик в Тамбове | ПроМастер,"Электрик в Тамбове с выездом на дом. Замена проводки, установка розеток, поиск неисправностей. Гарантия на работы. Звоните!"
Тамбов,Сантехник,santehnik,+7 (984) 333-32-49,https://master-na-dom.online/santehnik-tambov,santehnik-tambov,Сантехник в Тамбове | ПроМастер,"Сантехник в Тамбове с выездом на дом. Устранение протечек, замена смесителей, прочистка канализации. Гарантия на работы. Звоните!"
Тамбов,Мастер на час,master-na-chas,+7 (984) 333-32-49,https://master-na-dom.online/master-na-chas-tambov,master-na-chas-tambov,Мастер на час в Тамбове | ПроМастер,"Мастер на час в Тамбове с выездом на дом. Мелкий ремонт, сборка мебели, навешивание полок. Выезд за 30 минут. Звоните!"
Тамбов,Ремонт окон,remont-okon,+7 (984) 333-32-49,https://master-na-dom.online/remont-okon-tambov,remont-okon-tambov,Ремонт окон в Тамбове | ПроМастер,"Ремонт окон в Тамбове с выездом на дом. Регулировка фурнитуры, замена уплотнителя, устранение продувания. Звоните!"
Тамбов,Клининг,klining,+7 (984) 333-32-49,https://master-na-dom.online/klining-tambov,klining-tambov,Клининг в Тамбове — вызов мастера на дом | ПроМастер,"Клининг в Тамбове с выездом на дом. Генеральная уборка, уборка после ремонта, мытьё окон. Профессиональная химия и оборудование. Звоните!"
Тамбов,Сборка мебели,sborka-mebeli,+7 (984) 333-32-49,https://master-na-dom.online/sborka-mebeli-tambov,sborka-mebeli-tambov,Сборка мебели в Тамбове — вызов мастера на дом | ПроМастер,"Сборка мебели в Тамбове с выездом на дом. Сборка шкафов, кухонь, кроватей и стеллажей. Аккуратно и со своим инструментом. Звоните!"
Топки,Ремонт стиральных машин,remont-stiralnyh-mashin,+7 (969) 999-24-97,https://master-na-dom.online/remont-stiralnyh-mashin-topki,remont-stiralnyh-mashin-topki,Ремонт стиральных машин в Топках | ПроМастер,"Ремонт стиральных машин в Топках с выездом на дом. Samsung, LG, Bosch, Indesit и другие марки. Диагностика бесплатно. Гарантия на ремонт. Звоните!"
Топки,Ремонт холодильников,remont-holodilnikov,+7 (969) 999-24-97,https://master-na-dom.online/remont-holodilnikov-topki,remont-holodilnikov-topki,Ремонт холодильников в Топках | ПроМастер,"Ремонт холодильников в Топках с выездом на дом. Samsung, LG, Bosch, Atlant и другие марки. Диагностика бесплатно. Гарантия на ремонт. Звоните!"
Топки,Ремонт посудомоечных машин,remont-pmm,+7 (969) 999-24-97,https://master-na-dom.online/remont-pmm-topki,remont-pmm-topki,Ремонт посудомоечных машин в Топках | ПроМастер,"Ремонт посудомоечных машин в Топках с выездом на дом. Bosch, Siemens, Electrolux и другие марки. Диагностика бесплатно. Звоните!"
Топки,Ремонт кондиционеров,remont-kondicionerov,+7 (969) 999-24-97,https://master-na-dom.online/remont-kondicionerov-topki,remont-kondicionerov-topki,Ремонт кондиционеров в Топках | ПроМастер,"Ремонт кондиционеров в Топках с выездом на дом. Обслуживание, заправка фреоном, ремонт сплит-систем. Гарантия на работы. Звоните!"
Топки,Компьютерная помощь,kp,+7 (986) 089-07-04,https://master-na-dom.online/kp-topki,kp-topki,Компьютерная помощь в Топках | ПроМастер,"Компьютерная помощь в Топках с выездом на дом. Настройка ПК, удаление вирусов, восстановление данных. Выезд мастера на дом. Звоните!"
Топки,Ремонт телевизоров,remont-televizorov,+7 (986) 089-07-04,https://master-na-dom.online/remont-televizorov-topki,remont-televizorov-topki,Ремонт телевизоров в Топках | ПроМастер,"Ремонт телевизоров в Топках с выездом на дом. Ремонт LED, OLED, Smart TV. Диагностика бесплатно. Гарантия на ремонт. Звоните!"
Топки,Ремонт варочных панелей,remont-varochnyh-panelej,+7 (969) 999-24-97,https://master-na-dom.online/remont-varochnyh-panelej-topki,remont-varochnyh-panelej-topki,Ремонт варочных панелей в Топках | ПроМастер,"Ремонт варочных панелей в Топках с выездом на дом. Индукционные, электрические и газовые панели. Гарантия на ремонт. Звоните!"
Топки,Ремонт духовых шкафов,remont-duhovyh-shkafov,+7 (969) 999-24-97,https://master-na-dom.online/remont-duhovyh-shkafov-topki,remont-duhovyh-shkafov-topki,Ремонт духовых шкафов в Топках | ПроМастер,Ремонт духовых шкафов в Топках с выездом на дом. Электрические и газовые духовки. Диагностика бесплатно. Звоните!
Топки,Ремонт водонагревателей,remont-vodonagrevatelej,+7 (969) 999-24-97,https://master-na-dom.online/remont-vodonagrevatelej-topki,remont-vodonagrevatelej-topki,Ремонт водонагревателей в Топках | ПроМастер,Ремонт водонагревателей в Топках с выездом на дом. Ремонт бойлеров и проточных водонагревателей. Гарантия на работы. Звоните!
Топки,Ремонт кофемашин,remont-kofemashin,+7 (969) 999-24-97,https://master-na-dom.online/remont-kofemashin-topki,remont-kofemashin-topki,Ремонт кофемашин в Топках | ПроМастер,"Ремонт кофемашин в Топках с выездом на дом. DeLonghi, Saeco, Bosch, Jura и другие марки. Диагностика бесплатно. Звоните!"
Топки,Дезинфекция,dezinfekciya,+7 (984) 333-32-49,https://master-na-dom.online/dezinfekciya-topki,dezinfekciya-topki,Дезинфекция в Топках — вызов мастера на дом | ПроМастер,"Дезинфекция в Топках с выездом на дом. Уничтожение насекомых, грызунов и плесени. Безопасные препараты, гарантия результата. Звоните!"
Топки,Электрик,elektrik,+7 (984) 333-32-49,https://master-na-dom.online/elektrik-topki,elektrik-topki,Электрик в Топках | ПроМастер,"Электрик в Топках с выездом на дом. Замена проводки, установка розеток, поиск неисправностей. Гарантия на работы. Звоните!"
Топки,Сантехник,santehnik,+7 (984) 333-32-49,https://master-na-dom.online/santehnik-topki,santehnik-topki,Сантехник в Топках | ПроМастер,"Сантехник в Топках с выездом на дом. Устранение протечек, замена смесителей, прочистка канализации. Гарантия на работы. Звоните!"
Топки,Мастер на час,master-na-chas,+7 (984) 333-32-49,https://master-na-dom.online/master-na-chas-topki,master-na-chas-topki,Мастер на час в Топках | ПроМастер,"Мастер на час в Топках с выездом на дом. Мелкий ремонт, сборка мебели, навешивание полок. Выезд за 30 минут. Звоните!"
Топки,Ремонт окон,remont-okon,+7 (984) 333-32-49,https://master-na-dom.online/remont-okon-topki,remont-okon-topki,Ремонт окон в Топках | ПроМастер,"Ремонт окон в Топках с выездом на дом. Регулировка фурнитуры, замена уплотнителя, устранение продувания. Звоните!"
Топки,Клининг,klining,+7 (984) 333-32-49,https://master-na-dom.online/klining-topki,klining-topki,Клининг в Топках — вызов мастера на дом | ПроМастер,"Клининг в Топках с выездом на дом. Генеральная уборка, уборка после ремонта, мытьё окон. Профессиональная химия и оборудование. Звоните!"
Топки,Сборка мебели,sborka-mebeli,+7 (984) 333-32-49,https://master-na-dom.online/sborka-mebeli-topki,sborka-mebeli-topki,Сборка мебели в Топках — вызов мастера на дом | ПроМастер,"Сборка мебели в Топках с выездом на дом. Сборка шкафов, кухонь, кроватей и стеллажей. Аккуратно и со своим инструментом. Звоните!"
Тула,Ремонт стиральных машин,remont-stiralnyh-mashin,+7 (969) 999-24-97,https://master-na-dom.online/remont-stiralnyh-mashin-tula,remont-stiralnyh-mashin-tula,Ремонт стиральных машин в Туле | ПроМастер,"Ремонт стиральных машин в Туле с выездом на дом. Samsung, LG, Bosch, Indesit и другие марки. Диагностика бесплатно. Гарантия на ремонт. Звоните!"
Тула,Ремонт холодильников,remont-holodilnikov,+7 (969) 999-24-97,https://master-na-dom.online/remont-holodilnikov-tula,remont-holodilnikov-tula,Ремонт холодильников в Туле | ПроМастер,"Ремонт холодильников в Туле с выездом на дом. Samsung, LG, Bosch, Atlant и другие марки. Диагностика бесплатно. Гарантия на ремонт. Звоните!"
Тула,Ремонт посудомоечных машин,remont-pmm,+7 (969) 999-24-97,https://master-na-dom.online/remont-pmm-tula,remont-pmm-tula,Ремонт посудомоечных машин в Туле | ПроМастер,"Ремонт посудомоечных машин в Туле с выездом на дом. Bosch, Siemens, Electrolux и другие марки. Диагностика бесплатно. Звоните!"
Тула,Ремонт кондиционеров,remont-kondicionerov,+7 (969) 999-24-97,https://master-na-dom.online/remont-kondicionerov-tula,remont-kondicionerov-tula,Ремонт кондиционеров в Туле | ПроМастер,"Ремонт кондиционеров в Туле с выездом на дом. Обслуживание, заправка фреоном, ремонт сплит-систем. Гарантия на работы. Звоните!"
Тула,Компьютерная помощь,kp,+7 (986) 089-07-04,https://master-na-dom.online/kp-tula,kp-tula,Компьютерная помощь в Туле | ПроМастер,"Компьютерная помощь в Туле с выездом на дом. Настройка ПК, удаление вирусов, восстановление данных. Выезд мастера на дом. Звоните!"
Тула,Ремонт телевизоров,remont-televizorov,+7 (986) 089-07-04,https://master-na-dom.online/remont-televizorov-tula,remont-televizorov-tula,Ремонт телевизоров в Туле | ПроМастер,"Ремонт телевизоров в Туле с выездом на дом. Ремонт LED, OLED, Smart TV. Диагностика бесплатно. Гарантия на ремонт. Звоните!"
Тула,Ремонт варочных панелей,remont-varochnyh-panelej,+7 (969) 999-24-97,https://master-na-dom.online/remont-varochnyh-panelej-tula,remont-varochnyh-panelej-tula,Ремонт варочных панелей в Туле | ПроМастер,"Ремонт варочных панелей в Туле с выездом на дом. Индукционные, электрические и газовые панели. Гарантия на ремонт. Звоните!"
Тула,Ремонт духовых шкафов,remont-duhovyh-shkafov,+7 (969) 999-24-97,https://master-na-dom.online/remont-duhovyh-shkafov-tula,remont-duhovyh-shkafov-tula,Ремонт духовых шкафов в Туле | ПроМастер,Ремонт духовых шкафов в Туле с выездом на дом. Электрические и газовые духовки. Диагностика бесплатно. Звоните!
Тула,Ремонт водонагревателей,remont-vodonagrevatelej,+7 (969) 999-24-97,https://master-na-dom.online/remont-vodonagrevatelej-tula,remont-vodonagrevatelej-tula,Ремонт водонагревателей в Туле | ПроМастер,Ремонт водонагревателей в Туле с выездом на дом. Ремонт бойлеров и проточных водонагревателей. Гарантия на работы. Звоните!
Тула,Ремонт кофемашин,remont-kofemashin,+7 (969) 999-24-97,https://master-na-dom.online/remont-kofemashin-tula,remont-kofemashin-tula,Ремонт кофемашин в Туле | ПроМастер,"Ремонт кофемашин в Туле с выездом на дом. DeLonghi, Saeco, Bosch, Jura и другие марки. Диагностика бесплатно. Звоните!"
Тула,Дезинфекция,dezinfekciya,+7 (984) 333-32-49,https://master-na-dom.online/dezinfekciya-tula,dezinfekciya-tula,Дезинфекция в Туле — вызов мастера на дом | ПроМастер,"Дезинфекция в Туле с выездом на дом. Уничтожение насекомых, грызунов и плесени. Безопасные препараты, гарантия результата. Звоните!"
Тула,Электрик,elektrik,+7 (984) 333-32-49,https://master-na-dom.online/elektrik-tula,elektrik-tula,Электрик в Туле | ПроМастер,"Электрик в Туле с выездом на дом. Замена проводки, установка розеток, поиск неисправностей. Гарантия на работы. Звоните!"
Тула,Сантехник,santehnik,+7 (984) 333-32-49,https://master-na-dom.online/santehnik-tula,santehnik-tula,Сантехник в Туле | ПроМастер,"Сантехник в Туле с выездом на дом. Устранение протечек, замена смесителей, прочистка канализации. Гарантия на работы. Звоните!"
Тула,Мастер на час,master-na-chas,+7 (984) 333-32-49,https://master-na-dom.online/master-na-chas-tula,master-na-chas-tula,Мастер на час в Туле | ПроМастер,"Мастер на час в Туле с выездом на дом. Мелкий ремонт, сборка мебели, навешивание полок. Выезд за 30 минут. Звоните!"
Тула,Ремонт окон,remont-okon,+7 (984) 333-32-49,https://master-na-dom.online/remont-okon-tula,remont-okon-tula,Ремонт окон в Туле | ПроМастер,"Ремонт окон в Туле с выездом на дом. Регулировка фурнитуры, замена уплотнителя, устранение продувания. Звоните!"
Тула,Клининг,klining,+7 (984) 333-32-49,https://master-na-dom.online/klining-tula,klining-tula,Клининг в Туле — вызов мастера на дом | ПроМастер,"Клининг в Туле с выездом на дом. Генеральная уборка, уборка после ремонта, мытьё окон. Профессиональная химия и оборудование. Звоните!"
Тула,Сборка мебели,sborka-mebeli,+7 (984) 333-32-49,https://master-na-dom.online/sborka-mebeli-tula,sborka-mebeli-tula,Сборка мебели в Туле — вызов мастера на дом | ПроМастер,"Сборка мебели в Туле с выездом на дом. Сборка шкафов, кухонь, кроватей и стеллажей. Аккуратно и со своим инструментом. Звоните!"
Тутаев,Ремонт стиральных машин,remont-stiralnyh-mashin,+7 (969) 999-24-97,https://master-na-dom.online/remont-stiralnyh-mashin-tutaev,remont-stiralnyh-mashin-tutaev,Ремонт стиральных машин в Тутаеве | ПроМастер,"Ремонт стиральных машин в Тутаеве с выездом на дом. Samsung, LG, Bosch, Indesit и другие марки. Диагностика бесплатно. Гарантия на ремонт. Звоните!"
Тутаев,Ремонт холодильников,remont-holodilnikov,+7 (969) 999-24-97,https://master-na-dom.online/remont-holodilnikov-tutaev,remont-holodilnikov-tutaev,Ремонт холодильников в Тутаеве | ПроМастер,"Ремонт холодильников в Тутаеве с выездом на дом. Samsung, LG, Bosch, Atlant и другие марки. Диагностика бесплатно. Гарантия на ремонт. Звоните!"
Тутаев,Ремонт посудомоечных машин,remont-pmm,+7 (969) 999-24-97,https://master-na-dom.online/remont-pmm-tutaev,remont-pmm-tutaev,Ремонт посудомоечных машин в Тутаеве | ПроМастер,"Ремонт посудомоечных машин в Тутаеве с выездом на дом. Bosch, Siemens, Electrolux и другие марки. Диагностика бесплатно. Звоните!"
Тутаев,Ремонт кондиционеров,remont-kondicionerov,+7 (969) 999-24-97,https://master-na-dom.online/remont-kondicionerov-tutaev,remont-kondicionerov-tutaev,Ремонт кондиционеров в Тутаеве | ПроМастер,"Ремонт кондиционеров в Тутаеве с выездом на дом. Обслуживание, заправка фреоном, ремонт сплит-систем. Гарантия на работы. Звоните!"
Тутаев,Компьютерная помощь,kp,+7 (986) 089-07-04,https://master-na-dom.online/kp-tutaev,kp-tutaev,Компьютерная помощь в Тутаеве | ПроМастер,"Компьютерная помощь в Тутаеве с выездом на дом. Настройка ПК, удаление вирусов, восстановление данных. Выезд мастера на дом. Звоните!"
Тутаев,Ремонт телевизоров,remont-televizorov,+7 (986) 089-07-04,https://master-na-dom.online/remont-televizorov-tutaev,remont-televizorov-tutaev,Ремонт телевизоров в Тутаеве | ПроМастер,"Ремонт телевизоров в Тутаеве с выездом на дом. Ремонт LED, OLED, Smart TV. Диагностика бесплатно. Гарантия на ремонт. Звоните!"
Тутаев,Ремонт варочных панелей,remont-varochnyh-panelej,+7 (969) 999-24-97,https://master-na-dom.online/remont-varochnyh-panelej-tutaev,remont-varochnyh-panelej-tutaev,Ремонт варочных панелей в Тутаеве | ПроМастер,"Ремонт варочных панелей в Тутаеве с выездом на дом. Индукционные, электрические и газовые панели. Гарантия на ремонт. Звоните!"
Тутаев,Ремонт духовых шкафов,remont-duhovyh-shkafov,+7 (969) 999-24-97,https://master-na-dom.online/remont-duhovyh-shkafov-tutaev,remont-duhovyh-shkafov-tutaev,Ремонт духовых шкафов в Тутаеве | ПроМастер,Ремонт духовых шкафов в Тутаеве с выездом на дом. Электрические и газовые духовки. Диагностика бесплатно. Звоните!
Тутаев,Ремонт водонагревателей,remont-vodonagrevatelej,+7 (969) 999-24-97,https://master-na-dom.online/remont-vodonagrevatelej-tutaev,remont-vodonagrevatelej-tutaev,Ремонт водонагревателей в Тутаеве | ПроМастер,Ремонт водонагревателей в Тутаеве с выездом на дом. Ремонт бойлеров и проточных водонагревателей. Гарантия на работы. Звоните!
Тутаев,Ремонт кофемашин,remont-kofemashin,+7 (969) 999-24-97,https://master-na-dom.online/remont-kofemashin-tutaev,remont-kofemashin-tutaev,Ремонт кофемашин в Тутаеве | ПроМастер,"Ремонт кофемашин в Тутаеве с выездом на дом. DeLonghi, Saeco, Bosch, Jura и другие марки. Диагностика бесплатно. Звоните!"
Тутаев,Дезинфекция,dezinfekciya,+7 (984) 333-32-49,https://master-na-dom.online/dezinfekciya-tutaev,dezinfekciya-tutaev,Дезинфекция в Тутаеве — вызов мастера на дом | ПроМастер,"Дезинфекция в Тутаеве с выездом на дом. Уничтожение насекомых, грызунов и плесени. Безопасные препараты, гарантия результата. Звоните!"
Тутаев,Электрик,elektrik,+7 (984) 333-32-49,https://master-na-dom.online/elektrik-tutaev,elektrik-tutaev,Электрик в Тутаеве | ПроМастер,"Электрик в Тутаеве с выездом на дом. Замена проводки, установка розеток, поиск неисправностей. Гарантия на работы. Звоните!"
Тутаев,Сантехник,santehnik,+7 (984) 333-32-49,https://master-na-dom.online/santehnik-tutaev,santehnik-tutaev,Сантехник в Тутаеве | ПроМастер,"Сантехник в Тутаеве с выездом на дом. Устранение протечек, замена смесителей, прочистка канализации. Гарантия на работы. Звоните!"
Тутаев,Мастер на час,master-na-chas,+7 (984) 333-32-49,https://master-na-dom.online/master-na-chas-tutaev,master-na-chas-tutaev,Мастер на час в Тутаеве | ПроМастер,"Мастер на час в Тутаеве с выездом на дом. Мелкий ремонт, сборка мебели, навешивание полок. Выезд за 30 минут. Звоните!"
Тутаев,Ремонт окон,remont-okon,+7 (984) 333-32-49,https://master-na-dom.online/remont-okon-tutaev,remont-okon-tutaev,Ремонт окон в Тутаеве | ПроМастер,"Ремонт окон в Тутаеве с выездом на дом. Регулировка фурнитуры, замена уплотнителя, устранение продувания. Звоните!"
Тутаев,Клининг,klining,+7 (984) 333-32-49,https://master-na-dom.online/klining-tutaev,klining-tutaev,Клининг в Тутаеве — вызов мастера на дом | ПроМастер,"Клининг в Тутаеве с выездом на дом. Генеральная уборка, уборка после ремонта, мытьё окон. Профессиональная химия и оборудование. Звоните!"
Тутаев,Сборка мебели,sborka-mebeli,+7 (984) 333-32-49,https://master-na-dom.online/sborka-mebeli-tutaev,sborka-mebeli-tutaev,Сборка мебели в Тутаеве — вызов мастера на дом | ПроМастер,"Сборка мебели в Тутаеве с выездом на дом. Сборка шкафов, кухонь, кроватей и стеллажей. Аккуратно и со своим инструментом. Звоните!"
Тюмень,Ремонт стиральных машин,remont-stiralnyh-mashin,+7 (969) 999-24-97,https://master-na-dom.online/remont-stiralnyh-mashin-tyumen,remont-stiralnyh-mashin-tyumen,Ремонт стиральных машин в Тюмени | ПроМастер,"Ремонт стиральных машин в Тюмени с выездом на дом. Samsung, LG, Bosch, Indesit и другие марки. Диагностика бесплатно. Гарантия на ремонт. Звоните!"
Тюмень,Ремонт холодильников,remont-holodilnikov,+7 (969) 999-24-97,https://master-na-dom.online/remont-holodilnikov-tyumen,remont-holodilnikov-tyumen,Ремонт холодильников в Тюмени | ПроМастер,"Ремонт холодильников в Тюмени с выездом на дом. Samsung, LG, Bosch, Atlant и другие марки. Диагностика бесплатно. Гарантия на ремонт. Звоните!"
Тюмень,Ремонт посудомоечных машин,remont-pmm,+7 (969) 999-24-97,https://master-na-dom.online/remont-pmm-tyumen,remont-pmm-tyumen,Ремонт посудомоечных машин в Тюмени | ПроМастер,"Ремонт посудомоечных машин в Тюмени с выездом на дом. Bosch, Siemens, Electrolux и другие марки. Диагностика бесплатно. Звоните!"
Тюмень,Ремонт кондиционеров,remont-kondicionerov,+7 (969) 999-24-97,https://master-na-dom.online/remont-kondicionerov-tyumen,remont-kondicionerov-tyumen,Ремонт кондиционеров в Тюмени | ПроМастер,"Ремонт кондиционеров в Тюмени с выездом на дом. Обслуживание, заправка фреоном, ремонт сплит-систем. Гарантия на работы. Звоните!"
Тюмень,Компьютерная помощь,kp,+7 (986) 089-07-04,https://master-na-dom.online/kp-tyumen,kp-tyumen,Компьютерная помощь в Тюмени | ПроМастер,"Компьютерная помощь в Тюмени с выездом на дом. Настройка ПК, удаление вирусов, восстановление данных. Выезд мастера на дом. Звоните!"
Тюмень,Ремонт телевизоров,remont-televizorov,+7 (986) 089-07-04,https://master-na-dom.online/remont-televizorov-tyumen,remont-televizorov-tyumen,Ремонт телевизоров в Тюмени | ПроМастер,"Ремонт телевизоров в Тюмени с выездом на дом. Ремонт LED, OLED, Smart TV. Диагностика бесплатно. Гарантия на ремонт. Звоните!"
Тюмень,Ремонт варочных панелей,remont-varochnyh-panelej,+7 (969) 999-24-97,https://master-na-dom.online/remont-varochnyh-panelej-tyumen,remont-varochnyh-panelej-tyumen,Ремонт варочных панелей в Тюмени | ПроМастер,"Ремонт варочных панелей в Тюмени с выездом на дом. Индукционные, электрические и газовые панели. Гарантия на ремонт. Звоните!"
Тюмень,Ремонт духовых шкафов,remont-duhovyh-shkafov,+7 (969) 999-24-97,https://master-na-dom.online/remont-duhovyh-shkafov-tyumen,remont-duhovyh-shkafov-tyumen,Ремонт духовых шкафов в Тюмени | ПроМастер,Ремонт духовых шкафов в Тюмени с выездом на дом. Электрические и газовые духовки. Диагностика бесплатно. Звоните!
Тюмень,Ремонт водонагревателей,remont-vodonagrevatelej,+7 (969) 999-24-97,https://master-na-dom.online/remont-vodonagrevatelej-tyumen,remont-vodonagrevatelej-tyumen,Ремонт водонагревателей в Тюмени | ПроМастер,Ремонт водонагревателей в Тюмени с выездом на дом. Ремонт бойлеров и проточных водонагревателей. Гарантия на работы. Звоните!
Тюмень,Ремонт кофемашин,remont-kofemashin,+7 (969) 999-24-97,https://master-na-dom.online/remont-kofemashin-tyumen,remont-kofemashin-tyumen,Ремонт кофемашин в Тюмени | ПроМастер,"Ремонт кофемашин в Тюмени с выездом на дом. DeLonghi, Saeco, Bosch, Jura и другие марки. Диагностика бесплатно. Звоните!"
Тюмень,Дезинфекция,dezinfekciya,+7 (984) 333-32-49,https://master-na-dom.online/dezinfekciya-tyumen,dezinfekciya-tyumen,Дезинфекция в Тюмени — вызов мастера на дом | ПроМастер,"Дезинфекция в Тюмени с выездом на дом. Уничтожение насекомых, грызунов и плесени. Безопасные препараты, гарантия результата. Звоните!"
Тюмень,Электрик,elektrik,+7 (984) 333-32-49,https://master-na-dom.online/elektrik-tyumen,elektrik-tyumen,Электрик в Тюмени | ПроМастер,"Электрик в Тюмени с выездом на дом. Замена проводки, установка розеток, поиск неисправностей. Гарантия на работы. Звоните!"
Тюмень,Сантехник,santehnik,+7 (984) 333-32-49,https://master-na-dom.online/santehnik-tyumen,santehnik-tyumen,Сантехник в Тюмени | ПроМастер,"Сантехник в Тюмени с выездом на дом. Устранение протечек, замена смесителей, прочистка канализации. Гарантия на работы. Звоните!"
Тюмень,Мастер на час,master-na-chas,+7 (984) 333-32-49,https://master-na-dom.online/master-na-chas-tyumen,master-na-chas-tyumen,Мастер на час в Тюмени | ПроМастер,"Мастер на час в Тюмени с выездом на дом. Мелкий ремонт, сборка мебели, навешивание полок. Выезд за 30 минут. Звоните!"
Тюмень,Ремонт окон,remont-okon,+7 (984) 333-32-49,https://master-na-dom.online/remont-okon-tyumen,remont-okon-tyumen,Ремонт окон в Тюмени | ПроМастер,"Ремонт окон в Тюмени с выездом на дом. Регулировка фурнитуры, замена уплотнителя, устранение продувания. Звоните!"
Тюмень,Клининг,klining,+7 (984) 333-32-49,https://master-na-dom.online/klining-tyumen,klining-tyumen,Клининг в Тюмени — вызов мастера на дом | ПроМастер,"Клининг в Тюмени с выездом на дом. Генеральная уборка, уборка после ремонта, мытьё окон. Профессиональная химия и оборудование. Звоните!"
Тюмень,Сборка мебели,sborka-mebeli,+7 (984) 333-32-49,https://master-na-dom.online/sborka-mebeli-tyumen,sborka-mebeli-tyumen,Сборка мебели в Тюмени — вызов мастера на дом | ПроМастер,"Сборка мебели в Тюмени с выездом на дом. Сборка шкафов, кухонь, кроватей и стеллажей. Аккуратно и со своим инструментом. Звоните!"
Усть-Лабинск,Ремонт стиральных машин,remont-stiralnyh-mashin,+7 (969) 999-24-97,https://master-na-dom.online/remont-stiralnyh-mashin-ust-labinsk,remont-stiralnyh-mashin-ust-labinsk,Ремонт стиральных машин в Усть-Лабинске | ПроМастер,"Ремонт стиральных машин в Усть-Лабинске с выездом на дом. Samsung, LG, Bosch, Indesit и другие марки. Диагностика бесплатно. Гарантия на ремонт. Звоните!"
Усть-Лабинск,Ремонт холодильников,remont-holodilnikov,+7 (969) 999-24-97,https://master-na-dom.online/remont-holodilnikov-ust-labinsk,remont-holodilnikov-ust-labinsk,Ремонт холодильников в Усть-Лабинске | ПроМастер,"Ремонт холодильников в Усть-Лабинске с выездом на дом. Samsung, LG, Bosch, Atlant и другие марки. Диагностика бесплатно. Гарантия на ремонт. Звоните!"
Усть-Лабинск,Ремонт посудомоечных машин,remont-pmm,+7 (969) 999-24-97,https://master-na-dom.online/remont-pmm-ust-labinsk,remont-pmm-ust-labinsk,Ремонт посудомоечных машин в Усть-Лабинске | ПроМастер,"Ремонт посудомоечных машин в Усть-Лабинске с выездом на дом. Bosch, Siemens, Electrolux и другие марки. Диагностика бесплатно. Звоните!"
Усть-Лабинск,Ремонт кондиционеров,remont-kondicionerov,+7 (969) 999-24-97,https://master-na-dom.online/remont-kondicionerov-ust-labinsk,remont-kondicionerov-ust-labinsk,Ремонт кондиционеров в Усть-Лабинске | ПроМастер,"Ремонт кондиционеров в Усть-Лабинске с выездом на дом. Обслуживание, заправка фреоном, ремонт сплит-систем. Гарантия на работы. Звоните!"
Усть-Лабинск,Компьютерная помощь,kp,+7 (986) 089-07-04,https://master-na-dom.online/kp-ust-labinsk,kp-ust-labinsk,Компьютерная помощь в Усть-Лабинске | ПроМастер,"Компьютерная помощь в Усть-Лабинске с выездом на дом. Настройка ПК, удаление вирусов, восстановление данных. Выезд мастера на дом. Звоните!"
Усть-Лабинск,Ремонт телевизоров,remont-televizorov,+7 (986) 089-07-04,https://master-na-dom.online/remont-televizorov-ust-labinsk,remont-televizorov-ust-labinsk,Ремонт телевизоров в Усть-Лабинске | ПроМастер,"Ремонт телевизоров в Усть-Лабинске с выездом на дом. Ремонт LED, OLED, Smart TV. Диагностика бесплатно. Гарантия на ремонт. Звоните!"
Усть-Лабинск,Ремонт варочных панелей,remont-varochnyh-panelej,+7 (969) 999-24-97,https://master-na-dom.online/remont-varochnyh-panelej-ust-labinsk,remont-varochnyh-panelej-ust-labinsk,Ремонт варочных панелей в Усть-Лабинске | ПроМастер,"Ремонт варочных панелей в Усть-Лабинске с выездом на дом. Индукционные, электрические и газовые панели. Гарантия на ремонт. Звоните!"
Усть-Лабинск,Ремонт духовых шкафов,remont-duhovyh-shkafov,+7 (969) 999-24-97,https://master-na-dom.online/remont-duhovyh-shkafov-ust-labinsk,remont-duhovyh-shkafov-ust-labinsk,Ремонт духовых шкафов в Усть-Лабинске | ПроМастер,Ремонт духовых шкафов в Усть-Лабинске с выездом на дом. Электрические и газовые духовки. Диагностика бесплатно. Звоните!
Усть-Лабинск,Ремонт водонагревателей,remont-vodonagrevatelej,+7 (969) 999-24-97,https://master-na-dom.online/remont-vodonagrevatelej-ust-labinsk,remont-vodonagrevatelej-ust-labinsk,Ремонт водонагревателей в Усть-Лабинске | ПроМастер,Ремонт водонагревателей в Усть-Лабинске с выездом на дом. Ремонт бойлеров и проточных водонагревателей. Гарантия на работы. Звоните!
Усть-Лабинск,Ремонт кофемашин,remont-kofemashin,+7 (969) 999-24-97,https://master-na-dom.online/remont-kofemashin-ust-labinsk,remont-kofemashin-ust-labinsk,Ремонт кофемашин в Усть-Лабинске | ПроМастер,"Ремонт кофемашин в Усть-Лабинске с выездом на дом. DeLonghi, Saeco, Bosch, Jura и другие марки. Диагностика бесплатно. Звоните!"
Усть-Лабинск,Дезинфекция,dezinfekciya,+7 (984) 333-32-49,https://master-na-dom.online/dezinfekciya-ust-labinsk,dezinfekciya-ust-labinsk,Дезинфекция в Усть-Лабинске — вызов мастера на дом | ПроМастер,"Дезинфекция в Усть-Лабинске с выездом на дом. Уничтожение насекомых, грызунов и плесени. Безопасные препараты, гарантия результата. Звоните!"
Усть-Лабинск,Электрик,elektrik,+7 (984) 333-32-49,https://master-na-dom.online/elektrik-ust-labinsk,elektrik-ust-labinsk,Электрик в Усть-Лабинске | ПроМастер,"Электрик в Усть-Лабинске с выездом на дом. Замена проводки, установка розеток, поиск неисправностей. Гарантия на работы. Звоните!"
Усть-Лабинск,Сантехник,santehnik,+7 (984) 333-32-49,https://master-na-dom.online/santehnik-ust-labinsk,santehnik-ust-labinsk,Сантехник в Усть-Лабинске | ПроМастер,"Сантехник в Усть-Лабинске с выездом на дом. Устранение протечек, замена смесителей, прочистка канализации. Гарантия на работы. Звоните!"
Усть-Лабинск,Мастер на час,master-na-chas,+7 (984) 333-32-49,https://master-na-dom.online/master-na-chas-ust-labinsk,master-na-chas-ust-labinsk,Мастер на час в Усть-Лабинске | ПроМастер,"Мастер на час в Усть-Лабинске с выездом на дом. Мелкий ремонт, сборка мебели, навешивание полок. Выезд за 30 минут. Звоните!"
Усть-Лабинск,Ремонт окон,remont-okon,+7 (984) 333-32-49,https://master-na-dom.online/remont-okon-ust-labinsk,remont-okon-ust-labinsk,Ремонт окон в Усть-Лабинске | ПроМастер,"Ремонт окон в Усть-Лабинске с выездом на дом. Регулировка фурнитуры, замена уплотнителя, устранение продувания. Звоните!"
Усть-Лабинск,Клининг,klining,+7 (984) 333-32-49,https://master-na-dom.online/klining-ust-labinsk,klining-ust-labinsk,Клининг в Усть-Лабинске — вызов мастера на дом | ПроМастер,"Клининг в Усть-Лабинске с выездом на дом. Генеральная уборка, уборка после ремонта, мытьё окон. Профессиональная химия и оборудование. Звоните!"
Усть-Лабинск,Сборка мебели,sborka-mebeli,+7 (984) 333-32-49,https://master-na-dom.online/sborka-mebeli-ust-labinsk,sborka-mebeli-ust-labinsk,Сборка мебели в Усть-Лабинске — вызов мастера на дом | ПроМастер,"Сборка мебели в Усть-Лабинске с выездом на дом. Сборка шкафов, кухонь, кроватей и стеллажей. Аккуратно и со своим инструментом. Звоните!"
Шелехов,Ремонт стиральных машин,remont-stiralnyh-mashin,+7 (969) 999-24-97,https://master-na-dom.online/remont-stiralnyh-mashin-shelekhov,remont-stiralnyh-mashin-shelekhov,Ремонт стиральных машин в Шелехове | ПроМастер,"Ремонт стиральных машин в Шелехове с выездом на дом. Samsung, LG, Bosch, Indesit и другие марки. Диагностика бесплатно. Гарантия на ремонт. Звоните!"
Шелехов,Ремонт холодильников,remont-holodilnikov,+7 (969) 999-24-97,https://master-na-dom.online/remont-holodilnikov-shelekhov,remont-holodilnikov-shelekhov,Ремонт холодильников в Шелехове | ПроМастер,"Ремонт холодильников в Шелехове с выездом на дом. Samsung, LG, Bosch, Atlant и другие марки. Диагностика бесплатно. Гарантия на ремонт. Звоните!"
Шелехов,Ремонт посудомоечных машин,remont-pmm,+7 (969) 999-24-97,https://master-na-dom.online/remont-pmm-shelekhov,remont-pmm-shelekhov,Ремонт посудомоечных машин в Шелехове | ПроМастер,"Ремонт посудомоечных машин в Шелехове с выездом на дом. Bosch, Siemens, Electrolux и другие марки. Диагностика бесплатно. Звоните!"
Шелехов,Ремонт кондиционеров,remont-kondicionerov,+7 (969) 999-24-97,https://master-na-dom.online/remont-kondicionerov-shelekhov,remont-kondicionerov-shelekhov,Ремонт кондиционеров в Шелехове | ПроМастер,"Ремонт кондиционеров в Шелехове с выездом на дом. Обслуживание, заправка фреоном, ремонт сплит-систем. Гарантия на работы. Звоните!"
Шелехов,Компьютерная помощь,kp,+7 (986) 089-07-04,https://master-na-dom.online/kp-shelekhov,kp-shelekhov,Компьютерная помощь в Шелехове | ПроМастер,"Компьютерная помощь в Шелехове с выездом на дом. Настройка ПК, удаление вирусов, восстановление данных. Выезд мастера на дом. Звоните!"
Шелехов,Ремонт телевизоров,remont-televizorov,+7 (986) 089-07-04,https://master-na-dom.online/remont-televizorov-shelekhov,remont-televizorov-shelekhov,Ремонт телевизоров в Шелехове | ПроМастер,"Ремонт телевизоров в Шелехове с выездом на дом. Ремонт LED, OLED, Smart TV. Диагностика бесплатно. Гарантия на ремонт. Звоните!"
Шелехов,Ремонт варочных панелей,remont-varochnyh-panelej,+7 (969) 999-24-97,https://master-na-dom.online/remont-varochnyh-panelej-shelekhov,remont-varochnyh-panelej-shelekhov,Ремонт варочных панелей в Шелехове | ПроМастер,"Ремонт варочных панелей в Шелехове с выездом на дом. Индукционные, электрические и газовые панели. Гарантия на ремонт. Звоните!"
Шелехов,Ремонт духовых шкафов,remont-duhovyh-shkafov,+7 (969) 999-24-97,https://master-na-dom.online/remont-duhovyh-shkafov-shelekhov,remont-duhovyh-shkafov-shelekhov,Ремонт духовых шкафов в Шелехове | ПроМастер,Ремонт духовых шкафов в Шелехове с выездом на дом. Электрические и газовые духовки. Диагностика бесплатно. Звоните!
Шелехов,Ремонт водонагревателей,remont-vodonagrevatelej,+7 (969) 999-24-97,https://master-na-dom.online/remont-vodonagrevatelej-shelekhov,remont-vodonagrevatelej-shelekhov,Ремонт водонагревателей в Шелехове | ПроМастер,Ремонт водонагревателей в Шелехове с выездом на дом. Ремонт бойлеров и проточных водонагревателей. Гарантия на работы. Звоните!
Шелехов,Ремонт кофемашин,remont-kofemashin,+7 (969) 999-24-97,https://master-na-dom.online/remont-kofemashin-shelekhov,remont-kofemashin-shelekhov,Ремонт кофемашин в Шелехове | ПроМастер,"Ремонт кофемашин в Шелехове с выездом на дом. DeLonghi, Saeco, Bosch, Jura и другие марки. Диагностика бесплатно. Звоните!"
Шелехов,Дезинфекция,dezinfekciya,+7 (984) 333-32-49,https://master-na-dom.online/dezinfekciya-shelekhov,dezinfekciya-shelekhov,Дезинфекция в Шелехове — вызов мастера на дом | ПроМастер,"Дезинфекция в Шелехове с выездом на дом. Уничтожение насекомых, грызунов и плесени. Безопасные препараты, гарантия результата. Звоните!"
Шелехов,Электрик,elektrik,+7 (984) 333-32-49,https://master-na-dom.online/elektrik-shelekhov,elektrik-shelekhov,Электрик в Шелехове | ПроМастер,"Электрик в Шелехове с выездом на дом. Замена проводки, установка розеток, поиск неисправностей. Гарантия на работы. Звоните!"
Шелехов,Сантехник,santehnik,+7 (984) 333-32-49,https://master-na-dom.online/santehnik-shelekhov,santehnik-shelekhov,Сантехник в Шелехове | ПроМастер,"Сантехник в Шелехове с выездом на дом. Устранение протечек, замена смесителей, прочистка канализации. Гарантия на работы. Звоните!"
Шелехов,Мастер на час,master-na-chas,+7 (984) 333-32-49,https://master-na-dom.online/master-na-chas-shelekhov,master-na-chas-shelekhov,Мастер на час в Шелехове | ПроМастер,"Мастер на час в Шелехове с выездом на дом. Мелкий ремонт, сборка мебели, навешивание полок. Выезд за 30 минут. Звоните!"
Шелехов,Ремонт окон,remont-okon,+7 (984) 333-32-49,https://master-na-dom.online/remont-okon-shelekhov,remont-okon-shelekhov,Ремонт окон в Шелехове | ПроМастер,"Ремонт окон в Шелехове с выездом на дом. Регулировка фурнитуры, замена уплотнителя, устранение продувания. Звоните!"
Шелехов,Клининг,klining,+7 (984) 333-32-49,https://master-na-dom.online/klining-shelekhov,klining-shelekhov,Клининг в Шелехове — вызов мастера на дом | ПроМастер,"Клининг в Шелехове с выездом на дом. Генеральная уборка, уборка после ремонта, мытьё окон. Профессиональная химия и оборудование. Звоните!"
Шелехов,Сборка мебели,sborka-mebeli,+7 (984) 333-32-49,https://master-na-dom.online/sborka-mebeli-shelekhov,sborka-mebeli-shelekhov,Сборка мебели в Шелехове — вызов мастера на дом | ПроМастер,"Сборка мебели в Шелехове с выездом на дом. Сборка шкафов, кухонь, кроватей и стеллажей. Аккуратно и со своим инструментом. Звоните!"
Ярославль,Ремонт стиральных машин,remont-stiralnyh-mashin,+7 (969) 999-24-97,https://master-na-dom.online/remont-stiralnyh-mashin-yaroslavl,remont-stiralnyh-mashin-yaroslavl,Ремонт стиральных машин в Ярославле | ПроМастер,"Ремонт стиральных машин в Ярославле с выездом на дом. Samsung, LG, Bosch, Indesit и другие марки. Диагностика бесплатно. Гарантия на ремонт. Звоните!"
Ярославль,Ремонт холодильников,remont-holodilnikov,+7 (969) 999-24-97,https://master-na-dom.online/remont-holodilnikov-yaroslavl,remont-holodilnikov-yaroslavl,Ремонт холодильников в Ярославле | ПроМастер,"Ремонт холодильников в Ярославле с выездом на дом. Samsung, LG, Bosch, Atlant и другие марки. Диагностика бесплатно. Гарантия на ремонт. Звоните!"
Ярославль,Ремонт посудомоечных машин,remont-pmm,+7 (969) 999-24-97,https://master-na-dom.online/remont-pmm-yaroslavl,remont-pmm-yaroslavl,Ремонт посудомоечных машин в Ярославле | ПроМастер,"Ремонт посудомоечных машин в Ярославле с выездом на дом. Bosch, Siemens, Electrolux и другие марки. Диагностика бесплатно. Звоните!"
Ярославль,Ремонт кондиционеров,remont-kondicionerov,+7 (969) 999-24-97,https://master-na-dom.online/remont-kondicionerov-yaroslavl,remont-kondicionerov-yaroslavl,Ремонт кондиционеров в Ярославле | ПроМастер,"Ремонт кондиционеров в Ярославле с выездом на дом. Обслуживание, заправка фреоном, ремонт сплит-систем. Гарантия на работы. Звоните!"
Ярославль,Компьютерная помощь,kp,+7 (986) 089-07-04,https://master-na-dom.online/kp-yaroslavl,kp-yaroslavl,Компьютерная помощь в Ярославле | ПроМастер,"Компьютерная помощь в Ярославле с выездом на дом. Настройка ПК, удаление вирусов, восстановление данных. Выезд мастера на дом. Звоните!"
Ярославль,Ремонт телевизоров,remont-televizorov,+7 (986) 089-07-04,https://master-na-dom.online/remont-televizorov-yaroslavl,remont-televizorov-yaroslavl,Ремонт телевизоров в Ярославле | ПроМастер,"Ремонт телевизоров в Ярославле с выездом на дом. Ремонт LED, OLED, Smart TV. Диагностика бесплатно. Гарантия на ремонт. Звоните!"
Ярославль,Ремонт варочных панелей,remont-varochnyh-panelej,+7 (969) 999-24-97,https://master-na-dom.online/remont-varochnyh-panelej-yaroslavl,remont-varochnyh-panelej-yaroslavl,Ремонт варочных панелей в Ярославле | ПроМастер,"Ремонт варочных панелей в Ярославле с выездом на дом. Индукционные, электрические и газовые панели. Гарантия на ремонт. Звоните!"
Ярославль,Ремонт духовых шкафов,remont-duhovyh-shkafov,+7 (969) 999-24-97,https://master-na-dom.online/remont-duhovyh-shkafov-yaroslavl,remont-duhovyh-shkafov-yaroslavl,Ремонт духовых шкафов в Ярославле | ПроМастер,Ремонт духовых шкафов в Ярославле с выездом на дом. Электрические и газовые духовки. Диагностика бесплатно. Звоните!
Ярославль,Ремонт водонагревателей,remont-vodonagrevatelej,+7 (969) 999-24-97,https://master-na-dom.online/remont-vodonagrevatelej-yaroslavl,remont-vodonagrevatelej-yaroslavl,Ремонт водонагревателей в Ярославле | ПроМастер,Ремонт водонагревателей в Ярославле с выездом на дом. Ремонт бойлеров и проточных водонагревателей. Гарантия на работы. Звоните!
Ярославль,Ремонт кофемашин,remont-kofemashin,+7 (969) 999-24-97,https://master-na-dom.online/remont-kofemashin-yaroslavl,remont-kofemashin-yaroslavl,Ремонт кофемашин в Ярославле | ПроМастер,"Ремонт кофемашин в Ярославле с выездом на дом. DeLonghi, Saeco, Bosch, Jura и другие марки. Диагностика бесплатно. Звоните!"
Ярославль,Дезинфекция,dezinfekciya,+7 (984) 333-32-49,https://master-na-dom.online/dezinfekciya-yaroslavl,dezinfekciya-yaroslavl,Дезинфекция в Ярославле — вызов мастера на дом | ПроМастер,"Дезинфекция в Ярославле с выездом на дом. Уничтожение насекомых, грызунов и плесени. Безопасные препараты, гарантия результата. Звоните!"
Ярославль,Электрик,elektrik,+7 (984) 333-32-49,https://master-na-dom.online/elektrik-yaroslavl,elektrik-yaroslavl,Электрик в Ярославле | ПроМастер,"Электрик в Ярославле с выездом на дом. Замена проводки, установка розеток, поиск неисправностей. Гарантия на работы. Звоните!"
Ярославль,Сантехник,santehnik,+7 (984) 333-32-49,https://master-na-dom.online/santehnik-yaroslavl,santehnik-yaroslavl,Сантехник в Ярославле | ПроМастер,"Сантехник в Ярославле с выездом на дом. Устранение протечек, замена смесителей, прочистка канализации. Гарантия на работы. Звоните!"
Ярославль,Мастер на час,master-na-chas,+7 (984) 333-32-49,https://master-na-dom.online/master-na-chas-yaroslavl,master-na-chas-yaroslavl,Мастер на час в Ярославле | ПроМастер,"Мастер на час в Ярославле с выездом на дом. Мелкий ремонт, сборка мебели, навешивание полок. Выезд за 30 минут. Звоните!"
Ярославль,Ремонт окон,remont-okon,+7 (984) 333-32-49,https://master-na-dom.online/remont-okon-yaroslavl,remont-okon-yaroslavl,Ремонт окон в Ярославле | ПроМастер,"Ремонт окон в Ярославле с выездом на дом. Регулировка фурнитуры, замена уплотнителя, устранение продувания. Звоните!"
Ярославль,Клининг,klining,+7 (984) 333-32-49,https://master-na-dom.online/klining-yaroslavl,klining-yaroslavl,Клининг в Ярославле — вызов мастера на дом | ПроМастер,"Клининг в Ярославле с выездом на дом. Генеральная уборка, уборка после ремонта, мытьё окон. Профессиональная химия и оборудование. Звоните!"
Ярославль,Сборка мебели,sborka-mebeli,+7 (984) 333-32-49,https://master-na-dom.online/sborka-mebeli-yaroslavl,sborka-mebeli-yaroslavl,Сборка мебели в Ярославле — вызов мастера на дом | ПроМастер,"Сборка мебели в Ярославле с выездом на дом. Сборка шкафов, кухонь, кроватей и стеллажей. Аккуратно и со своим инструментом. Звоните!"
Череповец,Ремонт стиральных машин,remont-stiralnyh-mashin,+7 (969) 999-24-97,https://master-na-dom.online/remont-stiralnyh-mashin-cherepovets,remont-stiralnyh-mashin-cherepovets,Ремонт стиральных машин в Череповеце | ПроМастер,"Ремонт стиральных машин в Череповеце с выездом на дом. Samsung, LG, Bosch, Indesit и другие марки. Диагностика бесплатно. Гарантия на ремонт. Звоните!"
Череповец,Ремонт холодильников,remont-holodilnikov,+7 (969) 999-24-97,https://master-na-dom.online/remont-holodilnikov-cherepovets,remont-holodilnikov-cherepovets,Ремонт холодильников в Череповеце | ПроМастер,"Ремонт холодильников в Череповеце с выездом на дом. Samsung, LG, Bosch, Atlant и другие марки. Диагностика бесплатно. Гарантия на ремонт. Звоните!"
Череповец,Ремонт посудомоечных машин,remont-pmm,+7 (969) 999-24-97,https://master-na-dom.online/remont-pmm-cherepovets,remont-pmm-cherepovets,Ремонт посудомоечных машин в Череповеце | ПроМастер,"Ремонт посудомоечных машин в Череповеце с выездом на дом. Bosch, Siemens, Electrolux и другие марки. Диагностика бесплатно. Звоните!"
Череповец,Ремонт кондиционеров,remont-kondicionerov,+7 (969) 999-24-97,https://master-na-dom.online/remont-kondicionerov-cherepovets,remont-kondicionerov-cherepovets,Ремонт кондиционеров в Череповеце | ПроМастер,"Ремонт кондиционеров в Череповеце с выездом на дом. Обслуживание, заправка фреоном, ремонт сплит-систем. Гарантия на работы. Звоните!"
Череповец,Компьютерная помощь,kp,+7 (986) 089-07-04,https://master-na-dom.online/kp-cherepovets,kp-cherepovets,Компьютерная помощь в Череповеце | ПроМастер,"Компьютерная помощь в Череповеце с выездом на дом. Настройка ПК, удаление вирусов, восстановление данных. Выезд мастера на дом. Звоните!"
Череповец,Ремонт телевизоров,remont-televizorov,+7 (986) 089-07-04,https://master-na-dom.online/remont-televizorov-cherepovets,remont-televizorov-cherepovets,Ремонт телевизоров в Череповеце | ПроМастер,"Ремонт телевизоров в Череповеце с выездом на дом. Ремонт LED, OLED, Smart TV. Диагностика бесплатно. Гарантия на ремонт. Звоните!"
Череповец,Ремонт варочных панелей,remont-varochnyh-panelej,+7 (969) 999-24-97,https://master-na-dom.online/remont-varochnyh-panelej-cherepovets,remont-varochnyh-panelej-cherepovets,Ремонт варочных панелей в Череповеце | ПроМастер,"Ремонт варочных панелей в Череповеце с выездом на дом. Индукционные, электрические и газовые панели. Гарантия на ремонт. Звоните!"
Череповец,Ремонт духовых шкафов,remont-duhovyh-shkafov,+7 (969) 999-24-97,https://master-na-dom.online/remont-duhovyh-shkafov-cherepovets,remont-duhovyh-shkafov-cherepovets,Ремонт духовых шкафов в Череповеце | ПроМастер,Ремонт духовых шкафов в Череповеце с выездом на дом. Электрические и газовые духовки. Диагностика бесплатно. Звоните!
Череповец,Ремонт водонагревателей,remont-vodonagrevatelej,+7 (969) 999-24-97,https://master-na-dom.online/remont-vodonagrevatelej-cherepovets,remont-vodonagrevatelej-cherepovets,Ремонт водонагревателей в Череповеце | ПроМастер,Ремонт водонагревателей в Череповеце с выездом на дом. Ремонт бойлеров и проточных водонагревателей. Гарантия на работы. Звоните!
Череповец,Ремонт кофемашин,remont-kofemashin,+7 (969) 999-24-97,https://master-na-dom.online/remont-kofemashin-cherepovets,remont-kofemashin-cherepovets,Ремонт кофемашин в Череповеце | ПроМастер,"Ремонт кофемашин в Череповеце с выездом на дом. DeLonghi, Saeco, Bosch, Jura и другие марки. Диагностика бесплатно. Звоните!"
Череповец,Дезинфекция,dezinfekciya,+7 (984) 333-32-49,https://master-na-dom.online/dezinfekciya-cherepovets,dezinfekciya-cherepovets,Дезинфекция в Череповеце — вызов мастера на дом | ПроМастер,"Дезинфекция в Череповеце с выездом на дом. Уничтожение насекомых, грызунов и плесени. Безопасные препараты, гарантия результата. Звоните!"
Череповец,Электрик,elektrik,+7 (984) 333-32-49,https://master-na-dom.online/elektrik-cherepovets,elektrik-cherepovets,Электрик в Череповеце | ПроМастер,"Электрик в Череповеце с выездом на дом. Замена проводки, установка розеток, поиск неисправностей. Гарантия на работы. Звоните!"
Череповец,Сантехник,santehnik,+7 (984) 333-32-49,https://master-na-dom.online/santehnik-cherepovets,santehnik-cherepovets,Сантехник в Череповеце | ПроМастер,"Сантехник в Череповеце с выездом на дом. Устранение протечек, замена смесителей, прочистка канализации. Гарантия на работы. Звоните!"
Череповец,Мастер на час,master-na-chas,+7 (984) 333-32-49,https://master-na-dom.online/master-na-chas-cherepovets,master-na-chas-cherepovets,Мастер на час в Череповеце | ПроМастер,"Мастер на час в Череповеце с выездом на дом. Мелкий ремонт, сборка мебели, навешивание полок. Выезд за 30 минут. Звоните!"
Череповец,Ремонт окон,remont-okon,+7 (984) 333-32-49,https://master-na-dom.online/remont-okon-cherepovets,remont-okon-cherepovets,Ремонт окон в Череповеце | ПроМастер,"Ремонт окон в Череповеце с выездом на дом. Регулировка фурнитуры, замена уплотнителя, устранение продувания. Звоните!"
Череповец,Клининг,klining,+7 (984) 333-32-49,https://master-na-dom.online/klining-cherepovets,klining-cherepovets,Клининг в Череповеце — вызов мастера на дом | ПроМастер,"Клининг в Череповеце с выездом на дом. Генеральная уборка, уборка после ремонта, мытьё окон. Профессиональная химия и оборудование. Звоните!"
Череповец,Сборка мебели,sborka-mebeli,+7 (984) 333-32-49,https://master-na-dom.online/sborka-mebeli-cherepovets,sborka-mebeli-cherepovets,Сборка мебели в Череповеце — вызов мастера на дом | ПроМастер,"Сборка мебели в Череповеце с выездом на дом. Сборка шкафов, кухонь, кроватей и стеллажей. Аккуратно и со своим инструментом. Звоните!"
Брянск,Ремонт стиральных машин,remont-stiralnyh-mashin,+7 (969) 999-24-97,https://master-na-dom.online/remont-stiralnyh-mashin-bryansk,remont-stiralnyh-mashin-bryansk,Ремонт стиральных машин в Брянске | ПроМастер,"Ремонт стиральных машин в Брянске с выездом на дом. Samsung, LG, Bosch, Indesit и другие марки. Диагностика бесплатно. Гарантия на ремонт. Звоните!"
Брянск,Ремонт холодильников,remont-holodilnikov,+7 (969) 999-24-97,https://master-na-dom.online/remont-holodilnikov-bryansk,remont-holodilnikov-bryansk,Ремонт холодильников в Брянске | ПроМастер,"Ремонт холодильников в Брянске с выездом на дом. Samsung, LG, Bosch, Atlant и другие марки. Диагностика бесплатно. Гарантия на ремонт. Звоните!"
Брянск,Ремонт посудомоечных машин,remont-pmm,+7 (969) 999-24-97,https://master-na-dom.online/remont-pmm-bryansk,remont-pmm-bryansk,Ремонт посудомоечных машин в Брянске | ПроМастер,"Ремонт посудомоечных машин в Брянске с выездом на дом. Bosch, Siemens, Electrolux и другие марки. Диагностика бесплатно. Звоните!"
Брянск,Ремонт кондиционеров,remont-kondicionerov,+7 (969) 999-24-97,https://master-na-dom.online/remont-kondicionerov-bryansk,remont-kondicionerov-bryansk,Ремонт кондиционеров в Брянске | ПроМастер,"Ремонт кондиционеров в Брянске с выездом на дом. Обслуживание, заправка фреоном, ремонт сплит-систем. Гарантия на работы. Звоните!"
Брянск,Компьютерная помощь,kp,+7 (986) 089-07-04,https://master-na-dom.online/kp-bryansk,kp-bryansk,Компьютерная помощь в Брянске | ПроМастер,"Компьютерная помощь в Брянске с выездом на дом. Настройка ПК, удаление вирусов, восстановление данных. Выезд мастера на дом. Звоните!"
Брянск,Ремонт телевизоров,remont-televizorov,+7 (986) 089-07-04,https://master-na-dom.online/remont-televizorov-bryansk,remont-televizorov-bryansk,Ремонт телевизоров в Брянске | ПроМастер,"Ремонт телевизоров в Брянске с выездом на дом. Ремонт LED, OLED, Smart TV. Диагностика бесплатно. Гарантия на ремонт. Звоните!"
Брянск,Ремонт варочных панелей,remont-varochnyh-panelej,+7 (969) 999-24-97,https://master-na-dom.online/remont-varochnyh-panelej-bryansk,remont-varochnyh-panelej-bryansk,Ремонт варочных панелей в Брянске | ПроМастер,"Ремонт варочных панелей в Брянске с выездом на дом. Индукционные, электрические и газовые панели. Гарантия на ремонт. Звоните!"
Брянск,Ремонт духовых шкафов,remont-duhovyh-shkafov,+7 (969) 999-24-97,https://master-na-dom.online/remont-duhovyh-shkafov-bryansk,remont-duhovyh-shkafov-bryansk,Ремонт духовых шкафов в Брянске | ПроМастер,Ремонт духовых шкафов в Брянске с выездом на дом. Электрические и газовые духовки. Диагностика бесплатно. Звоните!
Брянск,Ремонт водонагревателей,remont-vodonagrevatelej,+7 (969) 999-24-97,https://master-na-dom.online/remont-vodonagrevatelej-bryansk,remont-vodonagrevatelej-bryansk,Ремонт водонагревателей в Брянске | ПроМастер,Ремонт водонагревателей в Брянске с выездом на дом. Ремонт бойлеров и проточных водонагревателей. Гарантия на работы. Звоните!
Брянск,Ремонт кофемашин,remont-kofemashin,+7 (969) 999-24-97,https://master-na-dom.online/remont-kofemashin-bryansk,remont-kofemashin-bryansk,Ремонт кофемашин в Брянске | ПроМастер,"Ремонт кофемашин в Брянске с выездом на дом. DeLonghi, Saeco, Bosch, Jura и другие марки. Диагностика бесплатно. Звоните!"
Брянск,Дезинфекция,dezinfekciya,+7 (984) 333-32-49,https://master-na-dom.online/dezinfekciya-bryansk,dezinfekciya-bryansk,Дезинфекция в Брянске — вызов мастера на дом | ПроМастер,"Дезинфекция в Брянске с выездом на дом. Уничтожение насекомых, грызунов и плесени. Безопасные препараты, гарантия результата. Звоните!"
Брянск,Электрик,elektrik,+7 (984) 333-32-49,https://master-na-dom.online/elektrik-bryansk,elektrik-bryansk,Электрик в Брянске | ПроМастер,"Электрик в Брянске с выездом на дом. Замена проводки, установка розеток, поиск неисправностей. Гарантия на работы. Звоните!"
Брянск,Сантехник,santehnik,+7 (984) 333-32-49,https://master-na-dom.online/santehnik-bryansk,santehnik-bryansk,Сантехник в Брянске | ПроМастер,"Сантехник в Брянске с выездом на дом. Устранение протечек, замена смесителей, прочистка канализации. Гарантия на работы. Звоните!"
Брянск,Мастер на час,master-na-chas,+7 (984) 333-32-49,https://master-na-dom.online/master-na-chas-bryansk,master-na-chas-bryansk,Мастер на час в Брянске | ПроМастер,"Мастер на час в Брянске с выездом на дом. Мелкий ремонт, сборка мебели, навешивание полок. Выезд за 30 минут. Звоните!"
Брянск,Ремонт окон,remont-okon,+7 (984) 333-32-49,https://master-na-dom.online/remont-okon-bryansk,remont-okon-bryansk,Ремонт окон в Брянске | ПроМастер,"Ремонт окон в Брянске с выездом на дом. Регулировка фурнитуры, замена уплотнителя, устранение продувания. Звоните!"
Брянск,Клининг,klining,+7 (984) 333-32-49,https://master-na-dom.online/klining-bryansk,klining-bryansk,Клининг в Брянске — вызов мастера на дом | ПроМастер,"Клининг в Брянске с выездом на дом. Генеральная уборка, уборка после ремонта, мытьё окон. Профессиональная химия и оборудование. Звоните!"
Брянск,Сборка мебели,sborka-mebeli,+7 (984) 333-32-49,https://master-na-dom.online/sborka-mebeli-bryansk,sborka-mebeli-bryansk,Сборка мебели в Брянске — вызов мастера на дом | ПроМастер,"Сборка мебели в Брянске с выездом на дом. Сборка шкафов, кухонь, кроватей и стеллажей. Аккуратно и со своим инструментом. Звоните!"
Курган,Ремонт стиральных машин,remont-stiralnyh-mashin,+7 (969) 999-24-97,https://master-na-dom.online/remont-stiralnyh-mashin-kurgan,remont-stiralnyh-mashin-kurgan,Ремонт стиральных машин в Кургане | ПроМастер,"Ремонт стиральных машин в Кургане с выездом на дом. Samsung, LG, Bosch, Indesit и другие марки. Диагностика бесплатно. Гарантия на ремонт. Звоните!"
Курган,Ремонт холодильников,remont-holodilnikov,+7 (969) 999-24-97,https://master-na-dom.online/remont-holodilnikov-kurgan,remont-holodilnikov-kurgan,Ремонт холодильников в Кургане | ПроМастер,"Ремонт холодильников в Кургане с выездом на дом. Samsung, LG, Bosch, Atlant и другие марки. Диагностика бесплатно. Гарантия на ремонт. Звоните!"
Курган,Ремонт посудомоечных машин,remont-pmm,+7 (969) 999-24-97,https://master-na-dom.online/remont-pmm-kurgan,remont-pmm-kurgan,Ремонт посудомоечных машин в Кургане | ПроМастер,"Ремонт посудомоечных машин в Кургане с выездом на дом. Bosch, Siemens, Electrolux и другие марки. Диагностика бесплатно. Звоните!"
Курган,Ремонт кондиционеров,remont-kondicionerov,+7 (969) 999-24-97,https://master-na-dom.online/remont-kondicionerov-kurgan,remont-kondicionerov-kurgan,Ремонт кондиционеров в Кургане | ПроМастер,"Ремонт кондиционеров в Кургане с выездом на дом. Обслуживание, заправка фреоном, ремонт сплит-систем. Гарантия на работы. Звоните!"
Курган,Компьютерная помощь,kp,+7 (986) 089-07-04,https://master-na-dom.online/kp-kurgan,kp-kurgan,Компьютерная помощь в Кургане | ПроМастер,"Компьютерная помощь в Кургане с выездом на дом. Настройка ПК, удаление вирусов, восстановление данных. Выезд мастера на дом. Звоните!"
Курган,Ремонт телевизоров,remont-televizorov,+7 (986) 089-07-04,https://master-na-dom.online/remont-televizorov-kurgan,remont-televizorov-kurgan,Ремонт телевизоров в Кургане | ПроМастер,"Ремонт телевизоров в Кургане с выездом на дом. Ремонт LED, OLED, Smart TV. Диагностика бесплатно. Гарантия на ремонт. Звоните!"
Курган,Ремонт варочных панелей,remont-varochnyh-panelej,+7 (969) 999-24-97,https://master-na-dom.online/remont-varochnyh-panelej-kurgan,remont-varochnyh-panelej-kurgan,Ремонт варочных панелей в Кургане | ПроМастер,"Ремонт варочных панелей в Кургане с выездом на дом. Индукционные, электрические и газовые панели. Гарантия на ремонт. Звоните!"
Курган,Ремонт духовых шкафов,remont-duhovyh-shkafov,+7 (969) 999-24-97,https://master-na-dom.online/remont-duhovyh-shkafov-kurgan,remont-duhovyh-shkafov-kurgan,Ремонт духовых шкафов в Кургане | ПроМастер,Ремонт духовых шкафов в Кургане с выездом на дом. Электрические и газовые духовки. Диагностика бесплатно. Звоните!
Курган,Ремонт водонагревателей,remont-vodonagrevatelej,+7 (969) 999-24-97,https://master-na-dom.online/remont-vodonagrevatelej-kurgan,remont-vodonagrevatelej-kurgan,Ремонт водонагревателей в Кургане | ПроМастер,Ремонт водонагревателей в Кургане с выездом на дом. Ремонт бойлеров и проточных водонагревателей. Гарантия на работы. Звоните!
Курган,Ремонт кофемашин,remont-kofemashin,+7 (969) 999-24-97,https://master-na-dom.online/remont-kofemashin-kurgan,remont-kofemashin-kurgan,Ремонт кофемашин в Кургане | ПроМастер,"Ремонт кофемашин в Кургане с выездом на дом. DeLonghi, Saeco, Bosch, Jura и другие марки. Диагностика бесплатно. Звоните!"
Курган,Дезинфекция,dezinfekciya,+7 (984) 333-32-49,https://master-na-dom.online/dezinfekciya-kurgan,dezinfekciya-kurgan,Дезинфекция в Кургане — вызов мастера на дом | ПроМастер,"Дезинфекция в Кургане с выездом на дом. Уничтожение насекомых, грызунов и плесени. Безопасные препараты, гарантия результата. Звоните!"
Курган,Электрик,elektrik,+7 (984) 333-32-49,https://master-na-dom.online/elektrik-kurgan,elektrik-kurgan,Электрик в Кургане | ПроМастер,"Электрик в Кургане с выездом на дом. Замена проводки, установка розеток, поиск неисправностей. Гарантия на работы. Звоните!"
Курган,Сантехник,santehnik,+7 (984) 333-32-49,https://master-na-dom.online/santehnik-kurgan,santehnik-kurgan,Сантехник в Кургане | ПроМастер,"Сантехник в Кургане с выездом на дом. Устранение протечек, замена смесителей, прочистка канализации. Гарантия на работы. Звоните!"
Курган,Мастер на час,master-na-chas,+7 (984) 333-32-49,https://master-na-dom.online/master-na-chas-kurgan,master-na-chas-kurgan,Мастер на час в Кургане | ПроМастер,"Мастер на час в Кургане с выездом на дом. Мелкий ремонт, сборка мебели, навешивание полок. Выезд за 30 минут. Звоните!"
Курган,Ремонт окон,remont-okon,+7 (984) 333-32-49,https://master-na-dom.online/remont-okon-kurgan,remont-okon-kurgan,Ремонт окон в Кургане | ПроМастер,"Ремонт окон в Кургане с выездом на дом. Регулировка фурнитуры, замена уплотнителя, устранение продувания. Звоните!"
Курган,Клининг,klining,+7 (984) 333-32-49,https://master-na-dom.online/klining-kurgan,klining-kurgan,Клининг в Кургане — вызов мастера на дом | ПроМастер,"Клининг в Кургане с выездом на дом. Генеральная уборка, уборка после ремонта, мытьё окон. Профессиональная химия и оборудование. Звоните!"
Курган,Сборка мебели,sborka-mebeli,+7 (984) 333-32-49,https://master-na-dom.online/sborka-mebeli-kurgan,sborka-mebeli-kurgan,Сборка мебели в Кургане — вызов мастера на дом | ПроМастер,"Сборка мебели в Кургане с выездом на дом. Сборка шкафов, кухонь, кроватей и стеллажей. Аккуратно и со своим инструментом. Звоните!"
Балаково,Ремонт стиральных машин,remont-stiralnyh-mashin,+7 (969) 999-24-97,https://master-na-dom.online/remont-stiralnyh-mashin-balakovo,remont-stiralnyh-mashin-balakovo,Ремонт стиральных машин в Балаково | ПроМастер,"Ремонт стиральных машин в Балаково с выездом на дом. Samsung, LG, Bosch, Indesit и другие марки. Диагностика бесплатно. Гарантия на ремонт. Звоните!"
Балаково,Ремонт холодильников,remont-holodilnikov,+7 (969) 999-24-97,https://master-na-dom.online/remont-holodilnikov-balakovo,remont-holodilnikov-balakovo,Ремонт холодильников в Балаково | ПроМастер,"Ремонт холодильников в Балаково с выездом на дом. Samsung, LG, Bosch, Atlant и другие марки. Диагностика бесплатно. Гарантия на ремонт. Звоните!"
Балаково,Ремонт посудомоечных машин,remont-pmm,+7 (969) 999-24-97,https://master-na-dom.online/remont-pmm-balakovo,remont-pmm-balakovo,Ремонт посудомоечных машин в Балаково | ПроМастер,"Ремонт посудомоечных машин в Балаково с выездом на дом. Bosch, Siemens, Electrolux и другие марки. Диагностика бесплатно. Звоните!"
Балаково,Ремонт кондиционеров,remont-kondicionerov,+7 (969) 999-24-97,https://master-na-dom.online/remont-kondicionerov-balakovo,remont-kondicionerov-balakovo,Ремонт кондиционеров в Балаково | ПроМастер,"Ремонт кондиционеров в Балаково с выездом на дом. Обслуживание, заправка фреоном, ремонт сплит-систем. Гарантия на работы. Звоните!"
Балаково,Компьютерная помощь,kp,+7 (986) 089-07-04,https://master-na-dom.online/kp-balakovo,kp-balakovo,Компьютерная помощь в Балаково | ПроМастер,"Компьютерная помощь в Балаково с выездом на дом. Настройка ПК, удаление вирусов, восстановление данных. Выезд мастера на дом. Звоните!"
Балаково,Ремонт телевизоров,remont-televizorov,+7 (986) 089-07-04,https://master-na-dom.online/remont-televizorov-balakovo,remont-televizorov-balakovo,Ремонт телевизоров в Балаково | ПроМастер,"Ремонт телевизоров в Балаково с выездом на дом. Ремонт LED, OLED, Smart TV. Диагностика бесплатно. Гарантия на ремонт. Звоните!"
Балаково,Ремонт варочных панелей,remont-varochnyh-panelej,+7 (969) 999-24-97,https://master-na-dom.online/remont-varochnyh-panelej-balakovo,remont-varochnyh-panelej-balakovo,Ремонт варочных панелей в Балаково | ПроМастер,"Ремонт варочных панелей в Балаково с выездом на дом. Индукционные, электрические и газовые панели. Гарантия на ремонт. Звоните!"
Балаково,Ремонт духовых шкафов,remont-duhovyh-shkafov,+7 (969) 999-24-97,https://master-na-dom.online/remont-duhovyh-shkafov-balakovo,remont-duhovyh-shkafov-balakovo,Ремонт духовых шкафов в Балаково | ПроМастер,Ремонт духовых шкафов в Балаково с выездом на дом. Электрические и газовые духовки. Диагностика бесплатно. Звоните!
Балаково,Ремонт водонагревателей,remont-vodonagrevatelej,+7 (969) 999-24-97,https://master-na-dom.online/remont-vodonagrevatelej-balakovo,remont-vodonagrevatelej-balakovo,Ремонт водонагревателей в Балаково | ПроМастер,Ремонт водонагревателей в Балаково с выездом на дом. Ремонт бойлеров и проточных водонагревателей. Гарантия на работы. Звоните!
Балаково,Ремонт кофемашин,remont-kofemashin,+7 (969) 999-24-97,https://master-na-dom.online/remont-kofemashin-balakovo,remont-kofemashin-balakovo,Ремонт кофемашин в Балаково | ПроМастер,"Ремонт кофемашин в Балаково с выездом на дом. DeLonghi, Saeco, Bosch, Jura и другие марки. Диагностика бесплатно. Звоните!"
Балаково,Дезинфекция,dezinfekciya,+7 (984) 333-32-49,https://master-na-dom.online/dezinfekciya-balakovo,dezinfekciya-balakovo,Дезинфекция в Балаково — вызов мастера на дом | ПроМастер,"Дезинфекция в Балаково с выездом на дом. Уничтожение насекомых, грызунов и плесени. Безопасные препараты, гарантия результата. Звоните!"
Балаково,Электрик,elektrik,+7 (984) 333-32-49,https://master-na-dom.online/elektrik-balakovo,elektrik-balakovo,Электрик в Балаково | ПроМастер,"Электрик в Балаково с выездом на дом. Замена проводки, установка розеток, поиск неисправностей. Гарантия на работы. Звоните!"
Балаково,Сантехник,santehnik,+7 (984) 333-32-49,https://master-na-dom.online/santehnik-balakovo,santehnik-balakovo,Сантехник в Балаково | ПроМастер,"Сантехник в Балаково с выездом на дом. Устранение протечек, замена смесителей, прочистка канализации. Гарантия на работы. Звоните!"
Балаково,Мастер на час,master-na-chas,+7 (984) 333-32-49,https://master-na-dom.online/master-na-chas-balakovo,master-na-chas-balakovo,Мастер на час в Балаково | ПроМастер,"Мастер на час в Балаково с выездом на дом. Мелкий ремонт, сборка мебели, навешивание полок. Выезд за 30 минут. Звоните!"
Балаково,Ремонт окон,remont-okon,+7 (984) 333-32-49,https://master-na-dom.online/remont-okon-balakovo,remont-okon-balakovo,Ремонт окон в Балаково | ПроМастер,"Ремонт окон в Балаково с выездом на дом. Регулировка фурнитуры, замена уплотнителя, устранение продувания. Звоните!"
Балаково,Клининг,klining,+7 (984) 333-32-49,https://master-na-dom.online/klining-balakovo,klining-balakovo,Клининг в Балаково — вызов мастера на дом | ПроМастер,"Клининг в Балаково с выездом на дом. Генеральная уборка, уборка после ремонта, мытьё окон. Профессиональная химия и оборудование. Звоните!"
Балаково,Сборка мебели,sborka-mebeli,+7 (984) 333-32-49,https://master-na-dom.online/sborka-mebeli-balakovo,sborka-mebeli-balakovo,Сборка мебели в Балаково — вызов мастера на дом | ПроМастер,"Сборка мебели в Балаково с выездом на дом. Сборка шкафов, кухонь, кроватей и стеллажей. Аккуратно и со своим инструментом. Звоните!"
Лихославль,Ремонт стиральных машин,remont-stiralnyh-mashin,+7 (969) 999-24-97,https://master-na-dom.online/remont-stiralnyh-mashin-likhoslavl,remont-stiralnyh-mashin-likhoslavl,Ремонт стиральных машин в Лихославле | ПроМастер,"Ремонт стиральных машин в Лихославле с выездом на дом. Samsung, LG, Bosch, Indesit и другие марки. Диагностика бесплатно. Гарантия на ремонт. Звоните!"
Лихославль,Ремонт холодильников,remont-holodilnikov,+7 (969) 999-24-97,https://master-na-dom.online/remont-holodilnikov-likhoslavl,remont-holodilnikov-likhoslavl,Ремонт холодильников в Лихославле | ПроМастер,"Ремонт холодильников в Лихославле с выездом на дом. Samsung, LG, Bosch, Atlant и другие марки. Диагностика бесплатно. Гарантия на ремонт. Звоните!"
Лихославль,Ремонт посудомоечных машин,remont-pmm,+7 (969) 999-24-97,https://master-na-dom.online/remont-pmm-likhoslavl,remont-pmm-likhoslavl,Ремонт посудомоечных машин в Лихославле | ПроМастер,"Ремонт посудомоечных машин в Лихославле с выездом на дом. Bosch, Siemens, Electrolux и другие марки. Диагностика бесплатно. Звоните!"
Лихославль,Ремонт кондиционеров,remont-kondicionerov,+7 (969) 999-24-97,https://master-na-dom.online/remont-kondicionerov-likhoslavl,remont-kondicionerov-likhoslavl,Ремонт кондиционеров в Лихославле | ПроМастер,"Ремонт кондиционеров в Лихославле с выездом на дом. Обслуживание, заправка фреоном, ремонт сплит-систем. Гарантия на работы. Звоните!"
Лихославль,Компьютерная помощь,kp,+7 (986) 089-07-04,https://master-na-dom.online/kp-likhoslavl,kp-likhoslavl,Компьютерная помощь в Лихославле | ПроМастер,"Компьютерная помощь в Лихославле с выездом на дом. Настройка ПК, удаление вирусов, восстановление данных. Выезд мастера на дом. Звоните!"
Лихославль,Ремонт телевизоров,remont-televizorov,+7 (986) 089-07-04,https://master-na-dom.online/remont-televizorov-likhoslavl,remont-televizorov-likhoslavl,Ремонт телевизоров в Лихославле | ПроМастер,"Ремонт телевизоров в Лихославле с выездом на дом. Ремонт LED, OLED, Smart TV. Диагностика бесплатно. Гарантия на ремонт. Звоните!"
Лихославль,Ремонт варочных панелей,remont-varochnyh-panelej,+7 (969) 999-24-97,https://master-na-dom.online/remont-varochnyh-panelej-likhoslavl,remont-varochnyh-panelej-likhoslavl,Ремонт варочных панелей в Лихославле | ПроМастер,"Ремонт варочных панелей в Лихославле с выездом на дом. Индукционные, электрические и газовые панели. Гарантия на ремонт. Звоните!"
Лихославль,Ремонт духовых шкафов,remont-duhovyh-shkafov,+7 (969) 999-24-97,https://master-na-dom.online/remont-duhovyh-shkafov-likhoslavl,remont-duhovyh-shkafov-likhoslavl,Ремонт духовых шкафов в Лихославле | ПроМастер,Ремонт духовых шкафов в Лихославле с выездом на дом. Электрические и газовые духовки. Диагностика бесплатно. Звоните!
Лихославль,Ремонт водонагревателей,remont-vodonagrevatelej,+7 (969) 999-24-97,https://master-na-dom.online/remont-vodonagrevatelej-likhoslavl,remont-vodonagrevatelej-likhoslavl,Ремонт водонагревателей в Лихославле | ПроМастер,Ремонт водонагревателей в Лихославле с выездом на дом. Ремонт бойлеров и проточных водонагревателей. Гарантия на работы. Звоните!
Лихославль,Ремонт кофемашин,remont-kofemashin,+7 (969) 999-24-97,https://master-na-dom.online/remont-kofemashin-likhoslavl,remont-kofemashin-likhoslavl,Ремонт кофемашин в Лихославле | ПроМастер,"Ремонт кофемашин в Лихославле с выездом на дом. DeLonghi, Saeco, Bosch, Jura и другие марки. Диагностика бесплатно. Звоните!"
Лихославль,Дезинфекция,dezinfekciya,+7 (984) 333-32-49,https://master-na-dom.online/dezinfekciya-likhoslavl,dezinfekciya-likhoslavl,Дезинфекция в Лихославле — вызов мастера на дом | ПроМастер,"Дезинфекция в Лихославле с выездом на дом. Уничтожение насекомых, грызунов и плесени. Безопасные препараты, гарантия результата. Звоните!"
Лихославль,Электрик,elektrik,+7 (984) 333-32-49,https://master-na-dom.online/elektrik-likhoslavl,elektrik-likhoslavl,Электрик в Лихославле | ПроМастер,"Электрик в Лихославле с выездом на дом. Замена проводки, установка розеток, поиск неисправностей. Гарантия на работы. Звоните!"
Лихославль,Сантехник,santehnik,+7 (984) 333-32-49,https://master-na-dom.online/santehnik-likhoslavl,santehnik-likhoslavl,Сантехник в Лихославле | ПроМастер,"Сантехник в Лихославле с выездом на дом. Устранение протечек, замена смесителей, прочистка канализации. Гарантия на работы. Звоните!"
Лихославль,Мастер на час,master-na-chas,+7 (984) 333-32-49,https://master-na-dom.online/master-na-chas-likhoslavl,master-na-chas-likhoslavl,Мастер на час в Лихославле | ПроМастер,"Мастер на час в Лихославле с выездом на дом. Мелкий ремонт, сборка мебели, навешивание полок. Выезд за 30 минут. Звоните!"
Лихославль,Ремонт окон,remont-okon,+7 (984) 333-32-49,https://master-na-dom.online/remont-okon-likhoslavl,remont-okon-likhoslavl,Ремонт окон в Лихославле | ПроМастер,"Ремонт окон в Лихославле с выездом на дом. Регулировка фурнитуры, замена уплотнителя, устранение продувания. Звоните!"
Лихославль,Клининг,klining,+7 (984) 333-32-49,https://master-na-dom.online/klining-likhoslavl,klining-likhoslavl,Клининг в Лихославле — вызов мастера на дом | ПроМастер,"Клининг в Лихославле с выездом на дом. Генеральная уборка, уборка после ремонта, мытьё окон. Профессиональная химия и оборудование. Звоните!"
Лихославль,Сборка мебели,sborka-mebeli,+7 (984) 333-32-49,https://master-na-dom.online/sborka-mebeli-likhoslavl,sborka-mebeli-likhoslavl,Сборка мебели в Лихославле — вызов мастера на дом | ПроМастер,"Сборка мебели в Лихославле с выездом на дом. Сборка шкафов, кухонь, кроватей и стеллажей. Аккуратно и со своим инструментом. Звоните!"
Октябрьский,Ремонт стиральных машин,remont-stiralnyh-mashin,+7 (969) 999-24-97,https://master-na-dom.online/remont-stiralnyh-mashin-oktyabrskiy,remont-stiralnyh-mashin-oktyabrskiy,Ремонт стиральных машин в Октябрьском | ПроМастер,"Ремонт стиральных машин в Октябрьском с выездом на дом. Samsung, LG, Bosch, Indesit и другие марки. Диагностика бесплатно. Гарантия на ремонт. Звоните!"
Октябрьский,Ремонт холодильников,remont-holodilnikov,+7 (969) 999-24-97,https://master-na-dom.online/remont-holodilnikov-oktyabrskiy,remont-holodilnikov-oktyabrskiy,Ремонт холодильников в Октябрьском | ПроМастер,"Ремонт холодильников в Октябрьском с выездом на дом. Samsung, LG, Bosch, Atlant и другие марки. Диагностика бесплатно. Гарантия на ремонт. Звоните!"
Октябрьский,Ремонт посудомоечных машин,remont-pmm,+7 (969) 999-24-97,https://master-na-dom.online/remont-pmm-oktyabrskiy,remont-pmm-oktyabrskiy,Ремонт посудомоечных машин в Октябрьском | ПроМастер,"Ремонт посудомоечных машин в Октябрьском с выездом на дом. Bosch, Siemens, Electrolux и другие марки. Диагностика бесплатно. Звоните!"
Октябрьский,Ремонт кондиционеров,remont-kondicionerov,+7 (969) 999-24-97,https://master-na-dom.online/remont-kondicionerov-oktyabrskiy,remont-kondicionerov-oktyabrskiy,Ремонт кондиционеров в Октябрьском | ПроМастер,"Ремонт кондиционеров в Октябрьском с выездом на дом. Обслуживание, заправка фреоном, ремонт сплит-систем. Гарантия на работы. Звоните!"
Октябрьский,Компьютерная помощь,kp,+7 (986) 089-07-04,https://master-na-dom.online/kp-oktyabrskiy,kp-oktyabrskiy,Компьютерная помощь в Октябрьском | ПроМастер,"Компьютерная помощь в Октябрьском с выездом на дом. Настройка ПК, удаление вирусов, восстановление данных. Выезд мастера на дом. Звоните!"
Октябрьский,Ремонт телевизоров,remont-televizorov,+7 (986) 089-07-04,https://master-na-dom.online/remont-televizorov-oktyabrskiy,remont-televizorov-oktyabrskiy,Ремонт телевизоров в Октябрьском | ПроМастер,"Ремонт телевизоров в Октябрьском с выездом на дом. Ремонт LED, OLED, Smart TV. Диагностика бесплатно. Гарантия на ремонт. Звоните!"
Октябрьский,Ремонт варочных панелей,remont-varochnyh-panelej,+7 (969) 999-24-97,https://master-na-dom.online/remont-varochnyh-panelej-oktyabrskiy,remont-varochnyh-panelej-oktyabrskiy,Ремонт варочных панелей в Октябрьском | ПроМастер,"Ремонт варочных панелей в Октябрьском с выездом на дом. Индукционные, электрические и газовые панели. Гарантия на ремонт. Звоните!"
Октябрьский,Ремонт духовых шкафов,remont-duhovyh-shkafov,+7 (969) 999-24-97,https://master-na-dom.online/remont-duhovyh-shkafov-oktyabrskiy,remont-duhovyh-shkafov-oktyabrskiy,Ремонт духовых шкафов в Октябрьском | ПроМастер,Ремонт духовых шкафов в Октябрьском с выездом на дом. Электрические и газовые духовки. Диагностика бесплатно. Звоните!
Октябрьский,Ремонт водонагревателей,remont-vodonagrevatelej,+7 (969) 999-24-97,https://master-na-dom.online/remont-vodonagrevatelej-oktyabrskiy,remont-vodonagrevatelej-oktyabrskiy,Ремонт водонагревателей в Октябрьском | ПроМастер,Ремонт водонагревателей в Октябрьском с выездом на дом. Ремонт бойлеров и проточных водонагревателей. Гарантия на работы. Звоните!
Октябрьский,Ремонт кофемашин,remont-kofemashin,+7 (969) 999-24-97,https://master-na-dom.online/remont-kofemashin-oktyabrskiy,remont-kofemashin-oktyabrskiy,Ремонт кофемашин в Октябрьском | ПроМастер,"Ремонт кофемашин в Октябрьском с выездом на дом. DeLonghi, Saeco, Bosch, Jura и другие марки. Диагностика бесплатно. Звоните!"
Октябрьский,Дезинфекция,dezinfekciya,+7 (984) 333-32-49,https://master-na-dom.online/dezinfekciya-oktyabrskiy,dezinfekciya-oktyabrskiy,Дезинфекция в Октябрьском — вызов мастера на дом | ПроМастер,"Дезинфекция в Октябрьском с выездом на дом. Уничтожение насекомых, грызунов и плесени. Безопасные препараты, гарантия результата. Звоните!"
Октябрьский,Электрик,elektrik,+7 (984) 333-32-49,https://master-na-dom.online/elektrik-oktyabrskiy,elektrik-oktyabrskiy,Электрик в Октябрьском | ПроМастер,"Электрик в Октябрьском с выездом на дом. Замена проводки, установка розеток, поиск неисправностей. Гарантия на работы. Звоните!"
Октябрьский,Сантехник,santehnik,+7 (984) 333-32-49,https://master-na-dom.online/santehnik-oktyabrskiy,santehnik-oktyabrskiy,Сантехник в Октябрьском | ПроМастер,"Сантехник в Октябрьском с выездом на дом. Устранение протечек, замена смесителей, прочистка канализации. Гарантия на работы. Звоните!"
Октябрьский,Мастер на час,master-na-chas,+7 (984) 333-32-49,https://master-na-dom.online/master-na-chas-oktyabrskiy,master-na-chas-oktyabrskiy,Мастер на час в Октябрьском | ПроМастер,"Мастер на час в Октябрьском с выездом на дом. Мелкий ремонт, сборка мебели, навешивание полок. Выезд за 30 минут. Звоните!"
Октябрьский,Ремонт окон,remont-okon,+7 (984) 333-32-49,https://master-na-dom.online/remont-okon-oktyabrskiy,remont-okon-oktyabrskiy,Ремонт окон в Октябрьском | ПроМастер,"Ремонт окон в Октябрьском с выездом на дом. Регулировка фурнитуры, замена уплотнителя, устранение продувания. Звоните!"
Октябрьский,Клининг,klining,+7 (984) 333-32-49,https://master-na-dom.online/klining-oktyabrskiy,klining-oktyabrskiy,Клининг в Октябрьском — вызов мастера на дом | ПроМастер,"Клининг в Октябрьском с выездом на дом. Генеральная уборка, уборка после ремонта, мытьё окон. Профессиональная химия и оборудование. Звоните!"
Октябрьский,Сборка мебели,sborka-mebeli,+7 (984) 333-32-49,https://master-na-dom.online/sborka-mebeli-oktyabrskiy,sborka-mebeli-oktyabrskiy,Сборка мебели в Октябрьском — вызов мастера на дом | ПроМастер,"Сборка мебели в Октябрьском с выездом на дом. Сборка шкафов, кухонь, кроватей и стеллажей. Аккуратно и со своим инструментом. Звоните!"
Туймазы,Ремонт стиральных машин,remont-stiralnyh-mashin,+7 (969) 999-24-97,https://master-na-dom.online/remont-stiralnyh-mashin-tuymazy,remont-stiralnyh-mashin-tuymazy,Ремонт стиральных машин в Туймазы | ПроМастер,"Ремонт стиральных машин в Туймазы с выездом на дом. Samsung, LG, Bosch, Indesit и другие марки. Диагностика бесплатно. Гарантия на ремонт. Звоните!"
Туймазы,Ремонт холодильников,remont-holodilnikov,+7 (969) 999-24-97,https://master-na-dom.online/remont-holodilnikov-tuymazy,remont-holodilnikov-tuymazy,Ремонт холодильников в Туймазы | ПроМастер,"Ремонт холодильников в Туймазы с выездом на дом. Samsung, LG, Bosch, Atlant и другие марки. Диагностика бесплатно. Гарантия на ремонт. Звоните!"
Туймазы,Ремонт посудомоечных машин,remont-pmm,+7 (969) 999-24-97,https://master-na-dom.online/remont-pmm-tuymazy,remont-pmm-tuymazy,Ремонт посудомоечных машин в Туймазы | ПроМастер,"Ремонт посудомоечных машин в Туймазы с выездом на дом. Bosch, Siemens, Electrolux и другие марки. Диагностика бесплатно. Звоните!"
Туймазы,Ремонт кондиционеров,remont-kondicionerov,+7 (969) 999-24-97,https://master-na-dom.online/remont-kondicionerov-tuymazy,remont-kondicionerov-tuymazy,Ремонт кондиционеров в Туймазы | ПроМастер,"Ремонт кондиционеров в Туймазы с выездом на дом. Обслуживание, заправка фреоном, ремонт сплит-систем. Гарантия на работы. Звоните!"
Туймазы,Компьютерная помощь,kp,+7 (986) 089-07-04,https://master-na-dom.online/kp-tuymazy,kp-tuymazy,Компьютерная помощь в Туймазы | ПроМастер,"Компьютерная помощь в Туймазы с выездом на дом. Настройка ПК, удаление вирусов, восстановление данных. Выезд мастера на дом. Звоните!"
Туймазы,Ремонт телевизоров,remont-televizorov,+7 (986) 089-07-04,https://master-na-dom.online/remont-televizorov-tuymazy,remont-televizorov-tuymazy,Ремонт телевизоров в Туймазы | ПроМастер,"Ремонт телевизоров в Туймазы с выездом на дом. Ремонт LED, OLED, Smart TV. Диагностика бесплатно. Гарантия на ремонт. Звоните!"
Туймазы,Ремонт варочных панелей,remont-varochnyh-panelej,+7 (969) 999-24-97,https://master-na-dom.online/remont-varochnyh-panelej-tuymazy,remont-varochnyh-panelej-tuymazy,Ремонт варочных панелей в Туймазы | ПроМастер,"Ремонт варочных панелей в Туймазы с выездом на дом. Индукционные, электрические и газовые панели. Гарантия на ремонт. Звоните!"
Туймазы,Ремонт духовых шкафов,remont-duhovyh-shkafov,+7 (969) 999-24-97,https://master-na-dom.online/remont-duhovyh-shkafov-tuymazy,remont-duhovyh-shkafov-tuymazy,Ремонт духовых шкафов в Туймазы | ПроМастер,Ремонт духовых шкафов в Туймазы с выездом на дом. Электрические и газовые духовки. Диагностика бесплатно. Звоните!
Туймазы,Ремонт водонагревателей,remont-vodonagrevatelej,+7 (969) 999-24-97,https://master-na-dom.online/remont-vodonagrevatelej-tuymazy,remont-vodonagrevatelej-tuymazy,Ремонт водонагревателей в Туймазы | ПроМастер,Ремонт водонагревателей в Туймазы с выездом на дом. Ремонт бойлеров и проточных водонагревателей. Гарантия на работы. Звоните!
Туймазы,Ремонт кофемашин,remont-kofemashin,+7 (969) 999-24-97,https://master-na-dom.online/remont-kofemashin-tuymazy,remont-kofemashin-tuymazy,Ремонт кофемашин в Туймазы | ПроМастер,"Ремонт кофемашин в Туймазы с выездом на дом. DeLonghi, Saeco, Bosch, Jura и другие марки. Диагностика бесплатно. Звоните!"
Туймазы,Дезинфекция,dezinfekciya,+7 (984) 333-32-49,https://master-na-dom.online/dezinfekciya-tuymazy,dezinfekciya-tuymazy,Дезинфекция в Туймазы — вызов мастера на дом | ПроМастер,"Дезинфекция в Туймазы с выездом на дом. Уничтожение насекомых, грызунов и плесени. Безопасные препараты, гарантия результата. Звоните!"
Туймазы,Электрик,elektrik,+7 (984) 333-32-49,https://master-na-dom.online/elektrik-tuymazy,elektrik-tuymazy,Электрик в Туймазы | ПроМастер,"Электрик в Туймазы с выездом на дом. Замена проводки, установка розеток, поиск неисправностей. Гарантия на работы. Звоните!"
Туймазы,Сантехник,santehnik,+7 (984) 333-32-49,https://master-na-dom.online/santehnik-tuymazy,santehnik-tuymazy,Сантехник в Туймазы | ПроМастер,"Сантехник в Туймазы с выездом на дом. Устранение протечек, замена смесителей, прочистка канализации. Гарантия на работы. Звоните!"
Туймазы,Мастер на час,master-na-chas,+7 (984) 333-32-49,https://master-na-dom.online/master-na-chas-tuymazy,master-na-chas-tuymazy,Мастер на час в Туймазы | ПроМастер,"Мастер на час в Туймазы с выездом на дом. Мелкий ремонт, сборка мебели, навешивание полок. Выезд за 30 минут. Звоните!"
Туймазы,Ремонт окон,remont-okon,+7 (984) 333-32-49,https://master-na-dom.online/remont-okon-tuymazy,remont-okon-tuymazy,Ремонт окон в Туймазы | ПроМастер,"Ремонт окон в Туймазы с выездом на дом. Регулировка фурнитуры, замена уплотнителя, устранение продувания. Звоните!"
Туймазы,Клининг,klining,+7 (984) 333-32-49,https://master-na-dom.online/klining-tuymazy,klining-tuymazy,Клининг в Туймазы — вызов мастера на дом | ПроМастер,"Клининг в Туймазы с выездом на дом. Генеральная уборка, уборка после ремонта, мытьё окон. Профессиональная химия и оборудование. Звоните!"
Туймазы,Сборка мебели,sborka-mebeli,+7 (984) 333-32-49,https://master-na-dom.online/sborka-mebeli-tuymazy,sborka-mebeli-tuymazy,Сборка мебели в Туймазы — вызов мастера на дом | ПроМастер,"Сборка мебели в Туймазы с выездом на дом. Сборка шкафов, кухонь, кроватей и стеллажей. Аккуратно и со своим инструментом. Звоните!"
Улан-Удэ,Ремонт стиральных машин,remont-stiralnyh-mashin,+7 (969) 999-24-97,https://master-na-dom.online/remont-stiralnyh-mashin-ulan-ude,remont-stiralnyh-mashin-ulan-ude,Ремонт стиральных машин в Улан-Удэ | ПроМастер,"Ремонт стиральных машин в Улан-Удэ с выездом на дом. Samsung, LG, Bosch, Indesit и другие марки. Диагностика бесплатно. Гарантия на ремонт. Звоните!"
Улан-Удэ,Ремонт холодильников,remont-holodilnikov,+7 (969) 999-24-97,https://master-na-dom.online/remont-holodilnikov-ulan-ude,remont-holodilnikov-ulan-ude,Ремонт холодильников в Улан-Удэ | ПроМастер,"Ремонт холодильников в Улан-Удэ с выездом на дом. Samsung, LG, Bosch, Atlant и другие марки. Диагностика бесплатно. Гарантия на ремонт. Звоните!"
Улан-Удэ,Ремонт посудомоечных машин,remont-pmm,+7 (969) 999-24-97,https://master-na-dom.online/remont-pmm-ulan-ude,remont-pmm-ulan-ude,Ремонт посудомоечных машин в Улан-Удэ | ПроМастер,"Ремонт посудомоечных машин в Улан-Удэ с выездом на дом. Bosch, Siemens, Electrolux и другие марки. Диагностика бесплатно. Звоните!"
Улан-Удэ,Ремонт кондиционеров,remont-kondicionerov,+7 (969) 999-24-97,https://master-na-dom.online/remont-kondicionerov-ulan-ude,remont-kondicionerov-ulan-ude,Ремонт кондиционеров в Улан-Удэ | ПроМастер,"Ремонт кондиционеров в Улан-Удэ с выездом на дом. Обслуживание, заправка фреоном, ремонт сплит-систем. Гарантия на работы. Звоните!"
Улан-Удэ,Компьютерная помощь,kp,+7 (986) 089-07-04,https://master-na-dom.online/kp-ulan-ude,kp-ulan-ude,Компьютерная помощь в Улан-Удэ | ПроМастер,"Компьютерная помощь в Улан-Удэ с выездом на дом. Настройка ПК, удаление вирусов, восстановление данных. Выезд мастера на дом. Звоните!"
Улан-Удэ,Ремонт телевизоров,remont-televizorov,+7 (986) 089-07-04,https://master-na-dom.online/remont-televizorov-ulan-ude,remont-televizorov-ulan-ude,Ремонт телевизоров в Улан-Удэ | ПроМастер,"Ремонт телевизоров в Улан-Удэ с выездом на дом. Ремонт LED, OLED, Smart TV. Диагностика бесплатно. Гарантия на ремонт. Звоните!"
Улан-Удэ,Ремонт варочных панелей,remont-varochnyh-panelej,+7 (969) 999-24-97,https://master-na-dom.online/remont-varochnyh-panelej-ulan-ude,remont-varochnyh-panelej-ulan-ude,Ремонт варочных панелей в Улан-Удэ | ПроМастер,"Ремонт варочных панелей в Улан-Удэ с выездом на дом. Индукционные, электрические и газовые панели. Гарантия на ремонт. Звоните!"
Улан-Удэ,Ремонт духовых шкафов,remont-duhovyh-shkafov,+7 (969) 999-24-97,https://master-na-dom.online/remont-duhovyh-shkafov-ulan-ude,remont-duhovyh-shkafov-ulan-ude,Ремонт духовых шкафов в Улан-Удэ | ПроМастер,Ремонт духовых шкафов в Улан-Удэ с выездом на дом. Электрические и газовые духовки. Диагностика бесплатно. Звоните!
Улан-Удэ,Ремонт водонагревателей,remont-vodonagrevatelej,+7 (969) 999-24-97,https://master-na-dom.online/remont-vodonagrevatelej-ulan-ude,remont-vodonagrevatelej-ulan-ude,Ремонт водонагревателей в Улан-Удэ | ПроМастер,Ремонт водонагревателей в Улан-Удэ с выездом на дом. Ремонт бойлеров и проточных водонагревателей. Гарантия на работы. Звоните!
Улан-Удэ,Ремонт кофемашин,remont-kofemashin,+7 (969) 999-24-97,https://master-na-dom.online/remont-kofemashin-ulan-ude,remont-kofemashin-ulan-ude,Ремонт кофемашин в Улан-Удэ | ПроМастер,"Ремонт кофемашин в Улан-Удэ с выездом на дом. DeLonghi, Saeco, Bosch, Jura и другие марки. Диагностика бесплатно. Звоните!"
Улан-Удэ,Дезинфекция,dezinfekciya,+7 (984) 333-32-49,https://master-na-dom.online/dezinfekciya-ulan-ude,dezinfekciya-ulan-ude,Дезинфекция в Улан-Удэ — вызов мастера на дом | ПроМастер,"Дезинфекция в Улан-Удэ с выездом на дом. Уничтожение насекомых, грызунов и плесени. Безопасные препараты, гарантия результата. Звоните!"
Улан-Удэ,Электрик,elektrik,+7 (984) 333-32-49,https://master-na-dom.online/elektrik-ulan-ude,elektrik-ulan-ude,Электрик в Улан-Удэ | ПроМастер,"Электрик в Улан-Удэ с выездом на дом. Замена проводки, установка розеток, поиск неисправностей. Гарантия на работы. Звоните!"
Улан-Удэ,Сантехник,santehnik,+7 (984) 333-32-49,https://master-na-dom.online/santehnik-ulan-ude,santehnik-ulan-ude,Сантехник в Улан-Удэ | ПроМастер,"Сантехник в Улан-Удэ с выездом на дом. Устранение протечек, замена смесителей, прочистка канализации. Гарантия на работы. Звоните!"
Улан-Удэ,Мастер на час,master-na-chas,+7 (984) 333-32-49,https://master-na-dom.online/master-na-chas-ulan-ude,master-na-chas-ulan-ude,Мастер на час в Улан-Удэ | ПроМастер,"Мастер на час в Улан-Удэ с выездом на дом. Мелкий ремонт, сборка мебели, навешивание полок. Выезд за 30 минут. Звоните!"
Улан-Удэ,Ремонт окон,remont-okon,+7 (984) 333-32-49,https://master-na-dom.online/remont-okon-ulan-ude,remont-okon-ulan-ude,Ремонт окон в Улан-Удэ | ПроМастер,"Ремонт окон в Улан-Удэ с выездом на дом. Регулировка фурнитуры, замена уплотнителя, устранение продувания. Звоните!"
Улан-Удэ,Клининг,klining,+7 (984) 333-32-49,https://master-na-dom.online/klining-ulan-ude,klining-ulan-ude,Клининг в Улан-Удэ — вызов мастера на дом | ПроМастер,"Клининг в Улан-Удэ с выездом на дом. Генеральная уборка, уборка после ремонта, мытьё окон. Профессиональная химия и оборудование. Звоните!"
Улан-Удэ,Сборка мебели,sborka-mebeli,+7 (984) 333-32-49,https://master-na-dom.online/sborka-mebeli-ulan-ude,sborka-mebeli-ulan-ude,Сборка мебели в Улан-Удэ — вызов мастера на дом | ПроМастер,"Сборка мебели в Улан-Удэ с выездом на дом. Сборка шкафов, кухонь, кроватей и стеллажей. Аккуратно и со своим инструментом. Звоните!"
